{"edges": [[0, 1], [2, 1], [3, 1], [1, 0], [4, 0], [5, 0], [6, 0], [7, 0], [0, 4], [2, 4], [8, 4], [9, 10], [11, 10], [8, 10], [12, 10], [10, 9], [13, 9], [14, 9], [12, 9], [15, 9], [16, 17], [18, 17], [19, 17], [15, 17], [20, 17], [17, 16], [21, 16], [20, 16], [22, 16], [18, 23], [22, 23], [24, 23], [25, 26], [27, 26], [28, 26], [24, 26], [26, 25], [29, 25], [30, 25], [31, 25], [25, 29], [27, 29], [0, 5], [6, 5], [32, 5], [1, 2], [4, 2], [6, 2], [32, 2], [0, 6], [5, 6], [2, 6], [33, 6], [9, 13], [11, 13], [33, 13], [34, 13], [10, 11], [13, 11], [35, 11], [34, 11], [36, 11], [11, 35], [36, 35], [37, 35], [17, 18], [23, 18], [38, 18], [37, 18], [39, 18], [18, 38], [39, 38], [40, 38], [27, 41], [30, 41], [42, 41], [40, 41], [26, 27], [29, 27], [41, 27], [30, 27], [43, 27], [25, 30], [41, 30], [27, 30], [3, 44], [45, 44], [46, 44], [1, 3], [44, 3], [45, 3], [46, 3], [44, 45], [3, 45], [46, 45], [47, 45], [9, 14], [48, 14], [47, 14], [49, 14], [14, 48], [21, 48], [49, 48], [50, 48], [16, 21], [48, 21], [19, 21], [50, 21], [51, 21], [17, 19], [21, 19], [52, 19], [51, 19], [53, 19], [19, 52], [53, 52], [54, 52], [55, 56], [57, 56], [54, 56], [58, 56], [56, 55], [57, 55], [28, 55], [58, 55], [56, 57], [55, 57], [28, 57], [26, 28], [55, 28], [57, 28], [24, 28], [31, 28], [40, 28], [43, 28], [54, 28], [58, 28], [0, 7], [8, 7], [4, 8], [10, 8], [7, 8], [32, 8], [46, 8], [10, 12], [9, 12], [15, 12], [36, 12], [50, 12], [9, 15], [17, 15], [12, 15], [34, 15], [49, 15], [17, 20], [16, 20], [22, 20], [39, 20], [53, 20], [16, 22], [23, 22], [20, 22], [37, 22], [51, 22], [23, 24], [26, 24], [28, 24], [25, 31], [28, 31], [42, 31], [43, 31], [58, 31], [41, 42], [31, 42], [43, 42], [58, 42], [5, 32], [2, 32], [8, 32], [6, 33], [13, 33], [46, 33], [13, 34], [11, 34], [15, 34], [11, 36], [35, 36], [12, 36], [35, 37], [18, 37], [22, 37], [18, 39], [38, 39], [20, 39], [38, 40], [41, 40], [28, 40], [27, 43], [28, 43], [31, 43], [42, 43], [44, 46], [3, 46], [45, 46], [8, 46], [33, 46], [47, 46], [45, 47], [14, 47], [46, 47], [14, 49], [48, 49], [15, 49], [48, 50], [21, 50], [12, 50], [21, 51], [19, 51], [22, 51], [19, 53], [52, 53], [20, 53], [52, 54], [56, 54], [28, 54], [56, 58], [55, 58], [28, 58], [31, 58], [42, 58]], "labels": {"0": "1", "1": "1", "2": "1", "3": "1", "4": "1", "5": "1", "6": "1", "7": "2", "8": "2", "9": "1", "10": "1", "11": "1", "12": "2", "13": "1", "14": "1", "15": "2", "16": "1", "17": "1", "18": "1", "19": "1", "20": "2", "21": "1", "22": "2", "23": "1", "24": "2", "25": "1", "26": "1", "27": "1", "28": "2", "29": "1", "30": "1", "31": "2", "32": "2", "33": "2", "34": "2", "35": "1", "36": "2", "37": "2", "38": "1", "39": "2", "40": "2", "41": "1", "42": "2", "43": "2", "44": "1", "45": "1", "46": "2", "47": "2", "48": "1", "49": "2", "50": "2", "51": "2", "52": "1", "53": "2", "54": "2", "55": "1", "56": "1", "57": "1", "58": "2"}, "target": 5}