{"edges": [[0, 1], [2, 1], [1, 0], [2, 0], [3, 0], [4, 0], [5, 0], [6, 7], [8, 7], [9, 7], [10, 7], [7, 6], [11, 6], [9, 6], [2, 12], [13, 12], [14, 12], [15, 12], [16, 12], [1, 2], [0, 2], [12, 2], [17, 2], [5, 2], [7, 8], [11, 8], [9, 8], [18, 8], [19, 8], [6, 11], [8, 11], [9, 11], [19, 11], [7, 9], [6, 9], [8, 9], [11, 9], [20, 21], [15, 21], [21, 20], [13, 20], [14, 20], [22, 20], [23, 24], [25, 24], [26, 24], [27, 24], [0, 3], [28, 3], [5, 3], [29, 3], [10, 30], [23, 30], [19, 30], [27, 30], [14, 31], [4, 31], [16, 31], [5, 31], [12, 13], [20, 13], [14, 13], [15, 13], [12, 14], [20, 14], [31, 14], [13, 14], [15, 14], [7, 10], [30, 10], [18, 10], [19, 10], [0, 4], [31, 4], [16, 4], [5, 4], [24, 23], [30, 23], [32, 23], [18, 23], [27, 23], [3, 28], [25, 28], [17, 28], [29, 28], [24, 25], [28, 25], [32, 25], [26, 25], [20, 22], [15, 22], [12, 15], [21, 15], [13, 15], [14, 15], [22, 15], [23, 32], [25, 32], [26, 32], [27, 32], [2, 17], [28, 17], [5, 17], [29, 17], [8, 18], [10, 18], [23, 18], [19, 18], [27, 18], [12, 16], [31, 16], [4, 16], [5, 16], [0, 5], [2, 5], [3, 5], [31, 5], [4, 5], [17, 5], [16, 5], [8, 19], [11, 19], [30, 19], [10, 19], [18, 19], [24, 26], [25, 26], [32, 26], [29, 26], [3, 29], [28, 29], [17, 29], [26, 29], [24, 27], [30, 27], [23, 27], [32, 27], [18, 27]], "labels": {"0": "1", "1": "1", "2": "1", "3": "2", "4": "2", "5": "2", "6": "1", "7": "1", "8": "1", "9": "1", "10": "2", "11": "1", "12": "1", "13": "2", "14": "2", "15": "2", "16": "2", "17": "2", "18": "2", "19": "2", "20": "2", "21": "2", "22": "2", "23": "2", "24": "2", "25": "2", "26": "2", "27": "2", "28": "2", "29": "2", "30": "2", "31": "2", "32": "2"}, "target": 5}