{"edges": [[0, 1], [2, 1], [3, 4], [5, 4], [6, 4], [7, 4], [8, 9], [10, 9], [11, 9], [12, 9], [13, 9], [14, 9], [9, 8], [10, 8], [11, 8], [13, 8], [9, 10], [8, 10], [11, 10], [9, 11], [8, 11], [10, 11], [4, 3], [5, 3], [0, 3], [2, 3], [4, 5], [3, 5], [0, 5], [1, 0], [3, 0], [5, 0], [15, 0], [16, 17], [12, 17], [18, 17], [13, 17], [14, 17], [19, 20], [16, 20], [13, 20], [14, 20], [20, 19], [16, 19], [13, 19], [17, 16], [20, 16], [19, 16], [21, 22], [23, 22], [24, 22], [22, 21], [25, 21], [26, 21], [23, 21], [24, 21], [27, 28], [29, 28], [30, 28], [31, 28], [32, 28], [33, 34], [35, 34], [36, 34], [37, 34], [38, 34], [9, 12], [17, 12], [18, 12], [30, 12], [13, 12], [32, 12], [14, 12], [4, 6], [15, 6], [36, 6], [38, 6], [1, 2], [3, 2], [25, 2], [26, 2], [7, 2], [21, 25], [2, 25], [26, 25], [7, 25], [23, 25], [21, 26], [2, 26], [25, 26], [7, 26], [23, 26], [4, 7], [2, 7], [25, 7], [26, 7], [0, 15], [6, 15], [36, 15], [38, 15], [17, 18], [12, 18], [30, 18], [13, 18], [32, 18], [14, 18], [34, 33], [35, 33], [36, 33], [37, 33], [38, 33], [28, 27], [29, 27], [30, 27], [31, 27], [32, 27], [22, 23], [21, 23], [25, 23], [26, 23], [24, 23], [22, 24], [21, 24], [23, 24], [28, 29], [27, 29], [35, 29], [34, 35], [33, 35], [29, 35], [28, 30], [12, 30], [18, 30], [27, 30], [34, 36], [6, 36], [15, 36], [33, 36], [9, 13], [8, 13], [17, 13], [20, 13], [19, 13], [12, 13], [18, 13], [14, 13], [28, 31], [27, 31], [37, 31], [34, 37], [33, 37], [31, 37], [28, 32], [12, 32], [18, 32], [27, 32], [34, 38], [6, 38], [15, 38], [33, 38], [9, 14], [17, 14], [20, 14], [12, 14], [18, 14], [13, 14]], "labels": {"0": "1", "1": "1", "2": "2", "3": "1", "4": "1", "5": "1", "6": "2", "7": "2", "8": "1", "9": "1", "10": "1", "11": "1", "12": "2", "13": "2", "14": "2", "15": "2", "16": "1", "17": "1", "18": "2", "19": "1", "20": "1", "21": "2", "22": "2", "23": "2", "24": "2", "25": "2", "26": "2", "27": "2", "28": "2", "29": "2", "30": "2", "31": "2", "32": "2", "33": "2", "34": "2", "35": "2", "36": "2", "37": "2", "38": "2"}, "target": 5}