{"edges": [[0, 1], [2, 1], [3, 1], [1, 0], [2, 0], [4, 0], [5, 0], [1, 2], [0, 2], [6, 2], [7, 2], [8, 9], [10, 9], [11, 9], [12, 13], [10, 13], [11, 13], [13, 12], [10, 12], [11, 12], [14, 15], [3, 15], [5, 15], [15, 14], [4, 14], [3, 14], [0, 4], [14, 4], [6, 4], [7, 4], [16, 17], [18, 17], [8, 17], [19, 17], [10, 17], [11, 17], [17, 16], [18, 16], [10, 16], [11, 16], [17, 18], [16, 18], [10, 18], [20, 21], [22, 21], [23, 21], [21, 20], [24, 20], [25, 20], [22, 20], [23, 20], [26, 27], [28, 27], [29, 27], [30, 27], [31, 27], [32, 33], [34, 33], [35, 33], [36, 33], [37, 33], [9, 8], [17, 8], [19, 8], [29, 8], [10, 8], [31, 8], [11, 8], [2, 6], [4, 6], [7, 6], [35, 6], [37, 6], [1, 3], [15, 3], [14, 3], [24, 3], [25, 3], [5, 3], [20, 24], [3, 24], [25, 24], [5, 24], [22, 24], [20, 25], [3, 25], [24, 25], [5, 25], [22, 25], [0, 5], [15, 5], [3, 5], [24, 5], [25, 5], [2, 7], [4, 7], [6, 7], [35, 7], [37, 7], [17, 19], [8, 19], [29, 19], [31, 19], [33, 32], [34, 32], [35, 32], [36, 32], [37, 32], [27, 26], [28, 26], [29, 26], [30, 26], [31, 26], [21, 22], [20, 22], [24, 22], [25, 22], [23, 22], [21, 23], [20, 23], [22, 23], [27, 28], [26, 28], [34, 28], [33, 34], [32, 34], [28, 34], [27, 29], [8, 29], [19, 29], [26, 29], [33, 35], [6, 35], [7, 35], [32, 35], [9, 10], [13, 10], [12, 10], [17, 10], [16, 10], [18, 10], [8, 10], [11, 10], [27, 30], [26, 30], [36, 30], [33, 36], [32, 36], [30, 36], [27, 31], [8, 31], [19, 31], [26, 31], [33, 37], [6, 37], [7, 37], [32, 37], [9, 11], [13, 11], [12, 11], [17, 11], [16, 11], [8, 11], [10, 11]], "labels": {"0": "1", "1": "1", "2": "1", "3": "2", "4": "1", "5": "2", "6": "2", "7": "2", "8": "2", "9": "1", "10": "2", "11": "2", "12": "1", "13": "1", "14": "1", "15": "1", "16": "1", "17": "1", "18": "1", "19": "2", "20": "2", "21": "2", "22": "2", "23": "2", "24": "2", "25": "2", "26": "2", "27": "2", "28": "2", "29": "2", "30": "2", "31": "2", "32": "2", "33": "2", "34": "2", "35": "2", "36": "2", "37": "2"}, "target": 5}