{"edges": [[0, 1], [2, 1], [3, 1], [4, 1], [5, 6], [0, 6], [7, 6], [3, 6], [8, 9], [10, 9], [5, 9], [11, 9], [7, 9], [12, 9], [13, 14], [10, 14], [15, 14], [16, 14], [11, 14], [14, 13], [15, 13], [17, 13], [18, 13], [19, 20], [21, 20], [17, 20], [18, 20], [20, 19], [22, 19], [23, 19], [24, 25], [26, 25], [27, 25], [28, 29], [30, 29], [31, 29], [32, 29], [33, 29], [30, 34], [35, 34], [36, 34], [37, 34], [38, 39], [40, 39], [41, 39], [42, 39], [39, 38], [40, 38], [41, 38], [42, 38], [8, 43], [2, 43], [3, 43], [4, 43], [9, 8], [43, 8], [10, 8], [7, 8], [3, 8], [9, 10], [14, 10], [8, 10], [7, 10], [12, 10], [14, 15], [13, 15], [16, 15], [12, 15], [14, 16], [15, 16], [18, 16], [19, 22], [21, 22], [18, 22], [20, 21], [22, 21], [44, 21], [29, 28], [45, 28], [46, 28], [27, 28], [28, 45], [47, 45], [48, 45], [33, 45], [45, 47], [49, 47], [50, 47], [37, 47], [47, 49], [40, 49], [42, 49], [39, 40], [38, 40], [49, 40], [6, 5], [9, 5], [11, 5], [12, 5], [1, 0], [6, 0], [2, 0], [4, 0], [1, 2], [43, 2], [0, 2], [9, 11], [14, 11], [5, 11], [13, 17], [20, 17], [19, 23], [24, 23], [46, 23], [29, 30], [34, 30], [36, 30], [37, 30], [25, 24], [23, 24], [44, 24], [29, 31], [32, 31], [51, 31], [25, 26], [32, 26], [51, 26], [34, 35], [41, 35], [42, 35], [34, 36], [30, 36], [48, 36], [29, 32], [31, 32], [26, 32], [33, 32], [27, 32], [39, 41], [38, 41], [35, 41], [50, 41], [42, 41], [6, 7], [9, 7], [8, 7], [10, 7], [1, 3], [6, 3], [43, 3], [8, 3], [1, 4], [43, 4], [0, 4], [9, 12], [10, 12], [15, 12], [5, 12], [13, 18], [20, 18], [16, 18], [22, 18], [21, 44], [24, 44], [46, 44], [45, 48], [36, 48], [37, 48], [28, 46], [23, 46], [44, 46], [29, 33], [45, 33], [32, 33], [51, 33], [25, 27], [28, 27], [32, 27], [51, 27], [47, 50], [41, 50], [42, 50], [34, 37], [47, 37], [30, 37], [48, 37], [31, 51], [26, 51], [33, 51], [27, 51], [39, 42], [38, 42], [49, 42], [35, 42], [41, 42], [50, 42]], "labels": {"0": "2", "1": "1", "2": "2", "3": "2", "4": "2", "5": "2", "6": "1", "7": "2", "8": "1", "9": "1", "10": "1", "11": "2", "12": "2", "13": "1", "14": "1", "15": "1", "16": "1", "17": "2", "18": "2", "19": "1", "20": "1", "21": "1", "22": "1", "23": "2", "24": "2", "25": "1", "26": "2", "27": "2", "28": "1", "29": "1", "30": "2", "31": "2", "32": "2", "33": "2", "34": "1", "35": "2", "36": "2", "37": "2", "38": "1", "39": "1", "40": "1", "41": "2", "42": "2", "43": "1", "44": "2", "45": "1", "46": "2", "47": "1", "48": "2", "49": "1", "50": "2", "51": "2"}, "target": 5}