{"edges": [[0, 1], [2, 1], [3, 1], [4, 1], [1, 0], [2, 0], [5, 0], [3, 0], [1, 2], [0, 2], [5, 2], [6, 2], [0, 5], [2, 5], [7, 5], [6, 5], [8, 5], [7, 9], [10, 9], [8, 9], [5, 7], [9, 7], [10, 7], [8, 7], [11, 7], [9, 10], [7, 10], [12, 10], [11, 10], [10, 12], [13, 12], [11, 12], [12, 13], [11, 13], [14, 13], [14, 15], [16, 15], [17, 15], [18, 19], [20, 19], [21, 19], [22, 23], [18, 23], [24, 23], [25, 23], [22, 26], [24, 26], [25, 26], [23, 22], [26, 22], [24, 22], [2, 6], [5, 6], [3, 6], [4, 6], [8, 6], [1, 3], [0, 3], [6, 3], [4, 3], [1, 4], [6, 4], [3, 4], [5, 8], [9, 8], [7, 8], [6, 8], [7, 11], [10, 11], [12, 11], [13, 11], [13, 14], [15, 14], [16, 14], [19, 18], [23, 18], [20, 18], [21, 18], [25, 18], [15, 16], [14, 16], [17, 16], [19, 20], [18, 20], [17, 20], [21, 20], [15, 17], [16, 17], [20, 17], [21, 17], [23, 24], [26, 24], [22, 24], [25, 24], [19, 21], [18, 21], [20, 21], [17, 21], [23, 25], [26, 25], [18, 25], [24, 25]], "labels": {"0": "1", "1": "1", "2": "1", "3": "2", "4": "2", "5": "1", "6": "2", "7": "1", "8": "2", "9": "1", "10": "1", "11": "2", "12": "1", "13": "1", "14": "2", "15": "1", "16": "2", "17": "2", "18": "2", "19": "1", "20": "2", "21": "2", "22": "1", "23": "1", "24": "2", "25": "2", "26": "1"}, "target": 5}