{"edges": [[0, 1], [2, 1], [1, 0], [3, 0], [4, 0], [5, 0], [6, 0], [0, 3], [7, 3], [8, 3], [6, 3], [9, 10], [11, 10], [8, 10], [10, 9], [7, 9], [12, 9], [13, 14], [15, 14], [12, 14], [14, 13], [16, 13], [17, 13], [18, 19], [20, 19], [21, 19], [22, 19], [19, 18], [23, 18], [24, 18], [25, 18], [18, 23], [26, 23], [27, 23], [24, 23], [28, 23], [23, 26], [27, 26], [28, 26], [23, 27], [26, 27], [29, 27], [2, 30], [5, 30], [31, 30], [32, 30], [5, 33], [6, 33], [32, 33], [34, 33], [0, 4], [6, 4], [35, 4], [34, 4], [3, 7], [9, 7], [11, 7], [35, 7], [10, 11], [7, 11], [12, 11], [36, 11], [13, 16], [15, 16], [12, 16], [36, 16], [14, 15], [16, 15], [37, 15], [21, 38], [22, 38], [39, 38], [40, 38], [19, 20], [24, 20], [25, 20], [41, 20], [42, 20], [24, 43], [28, 43], [41, 43], [44, 43], [27, 29], [45, 29], [28, 29], [44, 29], [29, 45], [44, 45], [18, 24], [23, 24], [20, 24], [43, 24], [25, 24], [28, 24], [42, 24], [44, 24], [13, 17], [21, 17], [39, 17], [9, 12], [14, 12], [11, 12], [16, 12], [3, 8], [10, 8], [6, 8], [34, 8], [1, 2], [30, 2], [5, 2], [32, 2], [0, 5], [30, 5], [33, 5], [2, 5], [31, 5], [0, 6], [3, 6], [33, 6], [4, 6], [8, 6], [35, 6], [19, 21], [38, 21], [17, 21], [37, 21], [18, 25], [20, 25], [24, 25], [22, 25], [41, 25], [40, 25], [19, 22], [38, 22], [25, 22], [42, 22], [23, 28], [26, 28], [43, 28], [29, 28], [24, 28], [44, 28], [20, 41], [43, 41], [25, 41], [42, 41], [15, 37], [21, 37], [39, 37], [11, 36], [16, 36], [4, 35], [7, 35], [6, 35], [34, 35], [30, 31], [5, 31], [30, 32], [33, 32], [2, 32], [33, 34], [4, 34], [8, 34], [35, 34], [38, 39], [17, 39], [37, 39], [20, 42], [24, 42], [22, 42], [41, 42], [40, 42], [38, 40], [25, 40], [42, 40], [43, 44], [29, 44], [45, 44], [24, 44], [28, 44]], "labels": {"0": "1", "1": "1", "2": "2", "3": "1", "4": "1", "5": "2", "6": "2", "7": "1", "8": "2", "9": "1", "10": "1", "11": "1", "12": "2", "13": "1", "14": "1", "15": "1", "16": "1", "17": "2", "18": "1", "19": "1", "20": "1", "21": "2", "22": "2", "23": "1", "24": "2", "25": "2", "26": "1", "27": "1", "28": "2", "29": "1", "30": "1", "31": "2", "32": "2", "33": "1", "34": "2", "35": "2", "36": "2", "37": "2", "38": "1", "39": "2", "40": "2", "41": "2", "42": "2", "43": "1", "44": "2", "45": "1"}, "target": 5}