{"edges": [[0, 1], [2, 1], [3, 1], [4, 1], [5, 1], [6, 1], [7, 8], [9, 8], [10, 8], [8, 7], [11, 7], [10, 7], [7, 11], [9, 11], [10, 11], [1, 0], [12, 0], [5, 0], [6, 0], [0, 12], [13, 12], [5, 12], [6, 12], [8, 9], [11, 9], [13, 9], [10, 9], [12, 13], [9, 13], [10, 13], [8, 10], [7, 10], [11, 10], [9, 10], [13, 10], [1, 2], [3, 2], [4, 2], [5, 2], [1, 3], [2, 3], [4, 3], [5, 3], [1, 4], [2, 4], [3, 4], [5, 4], [6, 4], [1, 5], [0, 5], [12, 5], [2, 5], [3, 5], [4, 5], [1, 6], [0, 6], [12, 6], [4, 6]], "labels": {"0": "2", "1": "1", "2": "2", "3": "2", "4": "3", "5": "3", "6": "3", "7": "1", "8": "1", "9": "2", "10": "2", "11": "2", "12": "2", "13": "2"}, "target": 5}