{"edges": [[0, 1], [2, 1], [3, 1], [4, 1], [5, 1], [1, 0], [2, 0], [4, 0], [5, 0], [6, 7], [8, 7], [9, 7], [10, 7], [11, 7], [12, 13], [14, 13], [8, 13], [15, 13], [13, 12], [14, 12], [15, 12], [16, 17], [3, 17], [4, 17], [18, 17], [17, 16], [19, 16], [18, 16], [13, 14], [12, 14], [20, 14], [21, 14], [11, 14], [7, 6], [22, 6], [8, 6], [20, 6], [23, 6], [6, 22], [23, 22], [2, 24], [25, 24], [3, 24], [26, 24], [19, 24], [1, 2], [0, 2], [24, 2], [25, 2], [4, 2], [19, 2], [7, 8], [13, 8], [6, 8], [9, 8], [21, 8], [9, 27], [28, 27], [21, 27], [10, 27], [7, 9], [8, 9], [27, 9], [20, 9], [29, 9], [10, 9], [11, 9], [27, 28], [30, 28], [31, 28], [32, 28], [33, 28], [28, 30], [34, 30], [5, 30], [32, 30], [33, 30], [15, 35], [23, 35], [24, 25], [2, 25], [36, 25], [3, 25], [26, 25], [4, 25], [25, 36], [26, 36], [19, 36], [1, 3], [17, 3], [24, 3], [25, 3], [19, 3], [14, 20], [6, 20], [9, 20], [21, 20], [9, 29], [21, 29], [34, 29], [11, 29], [14, 21], [8, 21], [27, 21], [20, 21], [29, 21], [10, 21], [11, 21], [30, 34], [29, 34], [31, 34], [33, 34], [28, 31], [34, 31], [18, 31], [33, 31], [23, 37], [24, 26], [25, 26], [36, 26], [1, 4], [0, 4], [17, 4], [2, 4], [25, 4], [1, 5], [0, 5], [30, 5], [32, 5], [28, 32], [30, 32], [5, 32], [7, 10], [27, 10], [9, 10], [21, 10], [13, 15], [12, 15], [35, 15], [23, 15], [16, 19], [24, 19], [2, 19], [36, 19], [3, 19], [17, 18], [16, 18], [31, 18], [33, 18], [28, 33], [30, 33], [34, 33], [31, 33], [18, 33], [7, 11], [14, 11], [9, 11], [29, 11], [21, 11], [6, 23], [22, 23], [35, 23], [37, 23], [15, 23]], "labels": {"0": "1", "1": "1", "2": "2", "3": "2", "4": "3", "5": "3", "6": "1", "7": "1", "8": "2", "9": "2", "10": "3", "11": "3", "12": "1", "13": "1", "14": "1", "15": "3", "16": "1", "17": "1", "18": "3", "19": "3", "20": "2", "21": "2", "22": "1", "23": "3", "24": "2", "25": "2", "26": "2", "27": "2", "28": "2", "29": "2", "30": "2", "31": "2", "32": "3", "33": "3", "34": "2", "35": "2", "36": "2", "37": "2"}, "target": 5}