{"edges": [[0, 1], [2, 1], [3, 1], [1, 0], [2, 0], [3, 0], [4, 0], [5, 0], [1, 2], [0, 2], [3, 2], [6, 2], [7, 2], [1, 3], [0, 3], [2, 3], [8, 3], [6, 3], [9, 10], [11, 10], [5, 10], [12, 10], [3, 8], [6, 8], [4, 8], [7, 8], [10, 9], [11, 9], [12, 9], [10, 11], [9, 11], [12, 11], [2, 6], [3, 6], [8, 6], [4, 6], [7, 6], [0, 4], [8, 4], [6, 4], [7, 4], [5, 4], [2, 7], [8, 7], [6, 7], [4, 7], [5, 7], [0, 5], [10, 5], [4, 5], [7, 5], [12, 5], [10, 12], [9, 12], [11, 12], [5, 12]], "labels": {"0": "1", "1": "1", "2": "1", "3": "1", "4": "2", "5": "2", "6": "2", "7": "2", "8": "2", "9": "2", "10": "2", "11": "2", "12": "2"}, "target": 5}