{"edges": [[0, 1], [2, 1], [3, 1], [4, 5], [6, 5], [7, 5], [8, 5], [5, 4], [6, 4], [8, 4], [5, 6], [4, 6], [9, 6], [10, 6], [11, 6], [8, 6], [6, 9], [10, 9], [12, 9], [11, 9], [13, 14], [12, 14], [15, 14], [14, 13], [12, 13], [15, 13], [1, 0], [2, 0], [3, 0], [16, 0], [1, 2], [0, 2], [17, 2], [3, 2], [16, 2], [18, 2], [6, 10], [9, 10], [11, 10], [9, 12], [14, 12], [13, 12], [15, 12], [2, 17], [7, 17], [18, 17], [5, 7], [17, 7], [18, 7], [8, 7], [1, 3], [0, 3], [2, 3], [16, 3], [0, 16], [2, 16], [3, 16], [6, 11], [9, 11], [10, 11], [14, 15], [13, 15], [12, 15], [2, 18], [17, 18], [7, 18], [5, 8], [4, 8], [6, 8], [7, 8]], "labels": {"0": "2", "1": "1", "2": "2", "3": "2", "4": "1", "5": "1", "6": "1", "7": "2", "8": "2", "9": "1", "10": "2", "11": "2", "12": "2", "13": "1", "14": "1", "15": "2", "16": "2", "17": "2", "18": "2"}, "target": 5}