{"edges": [[0, 1], [2, 1], [3, 1], [1, 0], [2, 0], [4, 0], [3, 0], [5, 6], [4, 6], [7, 6], [8, 9], [10, 9], [11, 9], [12, 9], [13, 9], [9, 8], [10, 8], [11, 8], [9, 10], [8, 10], [11, 10], [14, 10], [9, 11], [8, 11], [10, 11], [14, 11], [10, 14], [11, 14], [15, 14], [16, 17], [18, 17], [19, 17], [20, 17], [21, 22], [19, 22], [20, 22], [22, 21], [23, 21], [24, 21], [21, 23], [25, 23], [24, 23], [23, 25], [26, 25], [27, 25], [24, 25], [25, 26], [28, 26], [27, 26], [29, 30], [31, 30], [28, 30], [30, 29], [32, 29], [33, 29], [34, 29], [29, 32], [33, 32], [34, 32], [29, 33], [32, 33], [34, 33], [1, 2], [0, 2], [3, 2], [9, 12], [7, 12], [13, 12], [6, 5], [4, 5], [3, 5], [7, 5], [0, 4], [6, 4], [5, 4], [3, 4], [1, 3], [0, 3], [2, 3], [5, 3], [4, 3], [6, 7], [12, 7], [5, 7], [13, 7], [9, 13], [12, 13], [7, 13], [16, 35], [18, 35], [15, 35], [17, 16], [35, 16], [18, 16], [15, 16], [19, 16], [17, 18], [35, 18], [16, 18], [15, 18], [14, 15], [35, 15], [16, 15], [18, 15], [17, 19], [22, 19], [16, 19], [20, 19], [17, 20], [22, 20], [19, 20], [29, 34], [32, 34], [33, 34], [30, 31], [28, 31], [27, 31], [26, 28], [30, 28], [31, 28], [27, 28], [25, 27], [26, 27], [31, 27], [28, 27], [21, 24], [23, 24], [25, 24]], "labels": {"0": "1", "1": "1", "2": "2", "3": "2", "4": "2", "5": "2", "6": "1", "7": "2", "8": "1", "9": "1", "10": "1", "11": "1", "12": "2", "13": "2", "14": "1", "15": "2", "16": "2", "17": "1", "18": "2", "19": "2", "20": "2", "21": "1", "22": "1", "23": "1", "24": "2", "25": "1", "26": "1", "27": "2", "28": "2", "29": "1", "30": "1", "31": "2", "32": "1", "33": "1", "34": "2", "35": "2"}, "target": 6}