{"edges": [[0, 1], [2, 1], [3, 1], [4, 1], [1, 0], [5, 0], [2, 0], [3, 0], [6, 0], [0, 5], [2, 5], [3, 5], [4, 5], [1, 2], [0, 2], [5, 2], [7, 2], [3, 8], [4, 8], [1, 3], [0, 3], [5, 3], [8, 3], [9, 3], [6, 10], [11, 10], [7, 10], [0, 6], [10, 6], [11, 6], [7, 6], [3, 9], [4, 9], [1, 4], [5, 4], [8, 4], [9, 4], [10, 11], [6, 11], [7, 11], [2, 7], [10, 7], [6, 7], [11, 7]], "labels": {"0": "1", "1": "1", "2": "1", "3": "2", "4": "2", "5": "1", "6": "2", "7": "2", "8": "2", "9": "2", "10": "2", "11": "2"}, "target": 5}