{"edges": [[0, 1], [2, 1], [3, 1], [1, 0], [2, 0], [3, 0], [1, 2], [0, 2], [3, 2], [4, 5], [6, 5], [7, 5], [8, 5], [5, 4], [6, 4], [9, 4], [8, 4], [5, 6], [4, 6], [9, 6], [10, 6], [1, 3], [0, 3], [2, 3], [11, 3], [7, 3], [8, 3], [3, 11], [7, 11], [8, 11], [4, 9], [6, 9], [10, 9], [7, 9], [8, 9], [6, 10], [9, 10], [8, 10], [5, 7], [3, 7], [11, 7], [9, 7], [8, 7], [5, 8], [4, 8], [3, 8], [11, 8], [9, 8], [10, 8], [7, 8]], "labels": {"0": "1", "1": "1", "2": "1", "3": "2", "4": "1", "5": "1", "6": "1", "7": "2", "8": "2", "9": "2", "10": "2", "11": "2"}, "target": 5}