{"edges": [[0, 1], [2, 1], [3, 4], [5, 4], [6, 4], [7, 4], [4, 3], [8, 3], [5, 3], [7, 3], [9, 3], [0, 10], [2, 10], [11, 10], [3, 8], [5, 8], [12, 8], [13, 8], [4, 5], [3, 5], [8, 5], [14, 5], [12, 5], [15, 16], [0, 16], [17, 16], [11, 16], [16, 15], [18, 15], [17, 15], [11, 15], [4, 6], [18, 6], [7, 6], [19, 6], [13, 6], [15, 18], [6, 18], [19, 18], [13, 18], [4, 7], [3, 7], [6, 7], [9, 7], [14, 7], [12, 7], [13, 7], [1, 0], [10, 0], [16, 0], [20, 0], [21, 0], [2, 0], [0, 20], [21, 20], [2, 20], [3, 9], [7, 9], [14, 9], [12, 9], [5, 14], [7, 14], [9, 14], [12, 14], [0, 21], [20, 21], [2, 21], [1, 2], [10, 2], [0, 2], [20, 2], [21, 2], [8, 12], [5, 12], [7, 12], [9, 12], [14, 12], [13, 12], [6, 19], [18, 19], [13, 19], [17, 19], [8, 13], [6, 13], [18, 13], [7, 13], [12, 13], [19, 13], [16, 17], [15, 17], [19, 17], [11, 17], [10, 11], [16, 11], [15, 11], [17, 11]], "labels": {"0": "2", "1": "1", "2": "2", "3": "1", "4": "1", "5": "1", "6": "2", "7": "2", "8": "1", "9": "2", "10": "1", "11": "2", "12": "2", "13": "2", "14": "2", "15": "2", "16": "2", "17": "2", "18": "2", "19": "2", "20": "2", "21": "2"}, "target": 5}