{"edges": [[0, 1], [2, 1], [3, 1], [1, 0], [4, 0], [2, 0], [5, 0], [0, 4], [6, 4], [7, 4], [5, 4], [4, 6], [8, 6], [9, 6], [10, 6], [7, 6], [6, 8], [9, 8], [10, 8], [6, 9], [8, 9], [10, 9], [6, 10], [8, 10], [9, 10], [1, 2], [0, 2], [5, 2], [11, 2], [3, 2], [12, 13], [11, 13], [3, 13], [4, 7], [6, 7], [5, 7], [0, 5], [4, 5], [2, 5], [7, 5], [13, 12], [11, 12], [3, 12], [2, 11], [13, 11], [12, 11], [3, 11], [1, 3], [2, 3], [13, 3], [12, 3], [11, 3]], "labels": {"0": "1", "1": "1", "2": "2", "3": "2", "4": "1", "5": "2", "6": "1", "7": "2", "8": "1", "9": "1", "10": "1", "11": "2", "12": "2", "13": "2"}, "target": 5}