{"edges": [[0, 1], [2, 1], [3, 1], [1, 0], [2, 0], [4, 0], [5, 0], [6, 0], [1, 2], [0, 2], [4, 2], [7, 2], [6, 2], [8, 2], [0, 4], [2, 4], [7, 4], [9, 4], [8, 4], [2, 7], [4, 7], [9, 7], [8, 7], [10, 7], [4, 9], [7, 9], [11, 9], [12, 9], [10, 9], [9, 11], [12, 11], [13, 11], [9, 12], [11, 12], [13, 12], [14, 12], [15, 12], [11, 13], [12, 13], [14, 13], [16, 13], [15, 13], [12, 14], [13, 14], [16, 14], [13, 16], [14, 16], [17, 16], [18, 16], [19, 16], [20, 16], [21, 16], [16, 17], [18, 17], [19, 17], [20, 17], [21, 17], [16, 18], [17, 18], [19, 18], [20, 18], [16, 19], [17, 19], [18, 19], [22, 23], [24, 23], [25, 23], [23, 22], [26, 22], [27, 22], [24, 22], [25, 22], [22, 26], [27, 26], [28, 26], [29, 26], [22, 27], [26, 27], [28, 27], [30, 27], [29, 27], [26, 28], [27, 28], [30, 28], [31, 28], [32, 28], [27, 30], [28, 30], [31, 30], [32, 30], [28, 31], [30, 31], [33, 31], [34, 31], [31, 33], [34, 33], [35, 33], [36, 33], [31, 34], [33, 34], [35, 34], [37, 34], [36, 34], [33, 35], [34, 35], [37, 35], [34, 37], [35, 37], [38, 37], [39, 37], [40, 37], [41, 37], [37, 38], [39, 38], [40, 38], [42, 38], [41, 38], [37, 39], [38, 39], [40, 39], [42, 39], [41, 39], [37, 40], [38, 40], [39, 40], [16, 20], [17, 20], [18, 20], [15, 20], [21, 20], [1, 3], [5, 3], [6, 3], [0, 5], [3, 5], [6, 5], [8, 5], [0, 6], [2, 6], [3, 6], [5, 6], [8, 6], [2, 8], [4, 8], [7, 8], [5, 8], [6, 8], [10, 8], [7, 10], [9, 10], [8, 10], [15, 10], [12, 15], [13, 15], [20, 15], [10, 15], [21, 15], [16, 21], [17, 21], [20, 21], [15, 21], [23, 24], [22, 24], [25, 24], [29, 24], [23, 25], [22, 25], [24, 25], [38, 42], [39, 42], [41, 42], [26, 29], [27, 29], [24, 29], [32, 29], [28, 32], [30, 32], [29, 32], [36, 32], [33, 36], [34, 36], [32, 36], [41, 36], [37, 41], [38, 41], [39, 41], [42, 41], [36, 41]], "labels": {"0": "1", "1": "1", "2": "1", "3": "2", "4": "1", "5": "2", "6": "2", "7": "1", "8": "2", "9": "1", "10": "2", "11": "1", "12": "1", "13": "1", "14": "1", "15": "2", "16": "1", "17": "1", "18": "1", "19": "1", "20": "2", "21": "2", "22": "1", "23": "1", "24": "2", "25": "2", "26": "1", "27": "1", "28": "1", "29": "2", "30": "1", "31": "1", "32": "2", "33": "1", "34": "1", "35": "1", "36": "2", "37": "1", "38": "1", "39": "1", "40": "1", "41": "2", "42": "2"}, "target": 5}