{"edges": [[0, 1], [2, 1], [3, 1], [4, 5], [6, 5], [7, 5], [3, 5], [8, 5], [9, 10], [11, 10], [7, 10], [12, 10], [13, 10], [10, 9], [14, 9], [15, 9], [16, 9], [12, 9], [9, 14], [11, 14], [17, 14], [18, 19], [20, 19], [17, 19], [19, 18], [21, 18], [22, 18], [23, 18], [18, 21], [24, 21], [25, 21], [26, 21], [27, 21], [24, 28], [23, 28], [29, 28], [26, 28], [27, 28], [21, 24], [28, 24], [25, 24], [30, 24], [31, 32], [33, 32], [34, 32], [30, 32], [35, 32], [32, 31], [33, 31], [36, 31], [34, 31], [32, 33], [31, 33], [34, 33], [5, 4], [37, 4], [2, 4], [3, 4], [4, 37], [6, 37], [3, 37], [8, 37], [9, 15], [11, 15], [12, 15], [8, 15], [13, 15], [10, 11], [14, 11], [15, 11], [16, 11], [13, 11], [9, 16], [11, 16], [38, 16], [18, 22], [20, 22], [38, 22], [19, 20], [22, 20], [23, 20], [18, 23], [28, 23], [20, 23], [27, 23], [21, 25], [24, 25], [29, 25], [27, 25], [28, 29], [25, 29], [39, 29], [29, 39], [40, 39], [35, 39], [39, 40], [41, 40], [36, 40], [35, 40], [40, 41], [36, 41], [31, 36], [40, 36], [41, 36], [32, 34], [31, 34], [33, 34], [30, 34], [35, 34], [1, 0], [6, 0], [2, 0], [3, 0], [5, 6], [37, 6], [0, 6], [7, 6], [8, 6], [5, 7], [10, 7], [6, 7], [10, 12], [9, 12], [15, 12], [17, 12], [38, 12], [14, 17], [19, 17], [12, 17], [13, 17], [21, 26], [28, 26], [24, 30], [32, 30], [34, 30], [35, 30], [1, 2], [4, 2], [0, 2], [3, 2], [1, 3], [5, 3], [4, 3], [37, 3], [0, 3], [2, 3], [5, 8], [37, 8], [15, 8], [6, 8], [10, 13], [15, 13], [11, 13], [17, 13], [38, 13], [16, 38], [22, 38], [12, 38], [13, 38], [21, 27], [28, 27], [23, 27], [25, 27], [32, 35], [39, 35], [40, 35], [34, 35], [30, 35]], "labels": {"0": "2", "1": "1", "2": "2", "3": "2", "4": "1", "5": "1", "6": "2", "7": "2", "8": "2", "9": "1", "10": "1", "11": "1", "12": "2", "13": "2", "14": "1", "15": "1", "16": "1", "17": "2", "18": "1", "19": "1", "20": "1", "21": "1", "22": "1", "23": "1", "24": "1", "25": "1", "26": "2", "27": "2", "28": "1", "29": "1", "30": "2", "31": "1", "32": "1", "33": "1", "34": "2", "35": "2", "36": "1", "37": "1", "38": "2", "39": "1", "40": "1", "41": "1"}, "target": 5}