{"edges": [[0, 1], [2, 1], [3, 1], [4, 5], [2, 5], [6, 5], [5, 4], [2, 4], [6, 4], [7, 8], [6, 8], [9, 8], [8, 7], [10, 7], [9, 7], [11, 7], [7, 10], [9, 10], [11, 10], [12, 13], [14, 13], [11, 13], [13, 12], [14, 12], [15, 12], [13, 14], [12, 14], [15, 14], [16, 14], [17, 14], [12, 15], [14, 15], [18, 15], [17, 15], [14, 16], [18, 16], [17, 16], [15, 18], [16, 18], [19, 18], [18, 19], [20, 19], [21, 19], [19, 20], [22, 20], [23, 20], [21, 20], [24, 20], [20, 22], [23, 22], [21, 22], [24, 22], [20, 23], [22, 23], [1, 0], [2, 0], [3, 0], [1, 2], [5, 2], [4, 2], [0, 2], [6, 2], [3, 2], [5, 6], [4, 6], [8, 6], [2, 6], [8, 9], [7, 9], [10, 9], [7, 11], [10, 11], [13, 11], [14, 17], [15, 17], [16, 17], [19, 21], [20, 21], [22, 21], [24, 21], [20, 24], [22, 24], [21, 24], [1, 3], [0, 3], [2, 3]], "labels": {"0": "2", "1": "1", "2": "2", "3": "2", "4": "1", "5": "1", "6": "2", "7": "1", "8": "1", "9": "2", "10": "1", "11": "2", "12": "1", "13": "1", "14": "1", "15": "1", "16": "1", "17": "2", "18": "1", "19": "1", "20": "1", "21": "2", "22": "1", "23": "1", "24": "2"}, "target": 5}