{"edges": [[0, 1], [2, 1], [1, 0], [3, 0], [4, 0], [5, 0], [6, 7], [8, 7], [5, 7], [9, 7], [7, 6], [10, 6], [11, 6], [12, 6], [9, 6], [6, 10], [13, 10], [14, 10], [8, 10], [15, 10], [10, 13], [14, 13], [15, 13], [10, 14], [13, 14], [16, 14], [17, 18], [19, 18], [16, 18], [18, 17], [19, 17], [20, 17], [18, 19], [17, 19], [21, 19], [22, 19], [20, 19], [23, 19], [19, 21], [22, 21], [24, 21], [23, 21], [19, 22], [21, 22], [25, 22], [0, 3], [2, 3], [26, 3], [27, 3], [1, 2], [3, 2], [26, 2], [28, 2], [6, 11], [8, 11], [28, 11], [29, 11], [7, 8], [10, 8], [11, 8], [12, 8], [29, 8], [6, 12], [8, 12], [30, 12], [31, 12], [32, 12], [12, 30], [31, 30], [32, 30], [12, 31], [30, 31], [33, 31], [34, 31], [31, 33], [35, 33], [36, 33], [34, 33], [33, 35], [36, 35], [25, 35], [37, 35], [33, 36], [35, 36], [25, 36], [24, 36], [37, 36], [38, 36], [22, 25], [35, 25], [36, 25], [24, 25], [38, 25], [21, 24], [36, 24], [25, 24], [39, 40], [27, 40], [0, 4], [5, 4], [39, 4], [28, 4], [0, 5], [7, 5], [4, 5], [9, 5], [26, 5], [29, 5], [7, 9], [6, 9], [5, 9], [15, 9], [28, 9], [32, 9], [10, 15], [13, 15], [9, 15], [16, 15], [29, 15], [34, 15], [14, 16], [18, 16], [15, 16], [32, 16], [17, 20], [19, 20], [23, 20], [38, 20], [19, 23], [21, 23], [20, 23], [37, 23], [40, 39], [4, 39], [41, 39], [27, 39], [39, 41], [27, 41], [3, 26], [2, 26], [5, 26], [28, 26], [2, 28], [11, 28], [4, 28], [9, 28], [26, 28], [29, 28], [11, 29], [8, 29], [5, 29], [15, 29], [28, 29], [32, 29], [12, 32], [30, 32], [9, 32], [16, 32], [29, 32], [34, 32], [31, 34], [33, 34], [15, 34], [32, 34], [35, 37], [36, 37], [23, 37], [38, 37], [36, 38], [25, 38], [20, 38], [37, 38], [3, 27], [40, 27], [39, 27], [41, 27]], "labels": {"0": "1", "1": "1", "2": "1", "3": "1", "4": "2", "5": "2", "6": "1", "7": "1", "8": "1", "9": "2", "10": "1", "11": "1", "12": "1", "13": "1", "14": "1", "15": "2", "16": "2", "17": "1", "18": "1", "19": "1", "20": "2", "21": "1", "22": "1", "23": "2", "24": "1", "25": "1", "26": "2", "27": "2", "28": "2", "29": "2", "30": "1", "31": "1", "32": "2", "33": "1", "34": "2", "35": "1", "36": "1", "37": "2", "38": "2", "39": "2", "40": "2", "41": "2"}, "target": 5}