{"edges": [[0, 1], [2, 1], [1, 0], [3, 0], [4, 0], [5, 0], [6, 0], [0, 3], [7, 3], [8, 3], [6, 3], [9, 3], [3, 7], [10, 7], [11, 7], [12, 7], [9, 7], [7, 10], [13, 10], [14, 10], [8, 10], [15, 10], [10, 13], [14, 13], [16, 13], [15, 13], [10, 14], [13, 14], [17, 14], [18, 14], [19, 14], [14, 17], [20, 17], [21, 17], [19, 17], [17, 20], [21, 20], [22, 20], [23, 20], [24, 20], [17, 21], [20, 21], [22, 21], [23, 21], [24, 21], [25, 21], [20, 22], [21, 22], [23, 22], [25, 22], [20, 23], [21, 23], [22, 23], [0, 4], [2, 4], [26, 4], [27, 4], [1, 2], [4, 2], [11, 2], [26, 2], [28, 2], [7, 11], [2, 11], [8, 11], [28, 11], [29, 11], [3, 8], [10, 8], [11, 8], [12, 8], [29, 8], [7, 12], [8, 12], [18, 12], [16, 12], [30, 12], [14, 18], [12, 18], [16, 18], [30, 18], [13, 16], [12, 16], [18, 16], [31, 16], [32, 16], [16, 31], [33, 31], [34, 31], [32, 31], [31, 33], [34, 33], [35, 33], [36, 33], [37, 33], [31, 34], [33, 34], [35, 34], [36, 34], [37, 34], [38, 34], [33, 35], [34, 35], [36, 35], [38, 35], [33, 36], [34, 36], [35, 36], [39, 40], [27, 40], [0, 5], [6, 5], [39, 5], [28, 5], [0, 6], [3, 6], [5, 6], [9, 6], [26, 6], [29, 6], [3, 9], [7, 9], [6, 9], [15, 9], [28, 9], [30, 9], [10, 15], [13, 15], [9, 15], [19, 15], [29, 15], [32, 15], [14, 19], [17, 19], [15, 19], [30, 19], [20, 24], [21, 24], [25, 24], [38, 24], [21, 25], [22, 25], [24, 25], [37, 25], [40, 39], [5, 39], [41, 39], [27, 39], [39, 41], [27, 41], [4, 26], [2, 26], [6, 26], [28, 26], [2, 28], [11, 28], [5, 28], [9, 28], [26, 28], [29, 28], [11, 29], [8, 29], [6, 29], [15, 29], [28, 29], [30, 29], [12, 30], [18, 30], [9, 30], [19, 30], [29, 30], [32, 30], [16, 32], [31, 32], [15, 32], [30, 32], [33, 37], [34, 37], [25, 37], [38, 37], [34, 38], [35, 38], [24, 38], [37, 38], [4, 27], [40, 27], [39, 27], [41, 27]], "labels": {"0": "1", "1": "1", "2": "1", "3": "1", "4": "1", "5": "2", "6": "2", "7": "1", "8": "1", "9": "2", "10": "1", "11": "1", "12": "1", "13": "1", "14": "1", "15": "2", "16": "1", "17": "1", "18": "1", "19": "2", "20": "1", "21": "1", "22": "1", "23": "1", "24": "2", "25": "2", "26": "2", "27": "2", "28": "2", "29": "2", "30": "2", "31": "1", "32": "2", "33": "1", "34": "1", "35": "1", "36": "1", "37": "2", "38": "2", "39": "2", "40": "2", "41": "2"}, "target": 5}