{"edges": [[0, 1], [2, 1], [1, 0], [3, 0], [4, 0], [5, 0], [6, 7], [8, 7], [5, 7], [9, 7], [7, 6], [10, 6], [11, 6], [12, 6], [9, 6], [6, 10], [13, 10], [8, 10], [14, 10], [10, 13], [15, 13], [16, 13], [14, 13], [13, 15], [16, 15], [17, 15], [13, 16], [15, 16], [17, 16], [18, 16], [19, 16], [15, 17], [16, 17], [18, 17], [20, 17], [19, 17], [16, 18], [17, 18], [20, 18], [17, 20], [18, 20], [21, 20], [22, 20], [20, 21], [23, 21], [24, 21], [25, 21], [22, 21], [21, 23], [24, 23], [26, 23], [25, 23], [21, 24], [23, 24], [27, 24], [0, 3], [2, 3], [28, 3], [29, 3], [1, 2], [3, 2], [29, 2], [30, 2], [6, 11], [8, 11], [30, 11], [31, 11], [7, 8], [10, 8], [11, 8], [12, 8], [31, 8], [6, 12], [8, 12], [32, 12], [33, 12], [12, 32], [34, 32], [33, 32], [32, 34], [35, 34], [36, 34], [34, 35], [36, 35], [37, 35], [38, 35], [34, 36], [35, 36], [37, 36], [38, 36], [35, 37], [36, 37], [39, 37], [37, 39], [40, 39], [27, 39], [41, 39], [39, 40], [27, 40], [26, 40], [42, 40], [41, 40], [24, 27], [39, 27], [40, 27], [26, 27], [42, 27], [23, 26], [40, 26], [27, 26], [21, 25], [23, 25], [22, 25], [41, 25], [4, 43], [29, 43], [0, 4], [43, 4], [5, 4], [28, 4], [30, 4], [0, 5], [7, 5], [4, 5], [9, 5], [29, 5], [31, 5], [7, 9], [6, 9], [5, 9], [14, 9], [30, 9], [33, 9], [10, 14], [13, 14], [9, 14], [19, 14], [31, 14], [38, 14], [16, 19], [17, 19], [14, 19], [33, 19], [20, 22], [21, 22], [25, 22], [42, 22], [41, 22], [40, 42], [27, 42], [22, 42], [41, 42], [3, 28], [4, 28], [29, 28], [3, 29], [2, 29], [43, 29], [5, 29], [28, 29], [30, 29], [2, 30], [11, 30], [4, 30], [9, 30], [29, 30], [31, 30], [11, 31], [8, 31], [5, 31], [14, 31], [30, 31], [33, 31], [12, 33], [32, 33], [9, 33], [19, 33], [31, 33], [38, 33], [35, 38], [36, 38], [14, 38], [33, 38], [39, 41], [40, 41], [25, 41], [22, 41], [42, 41]], "labels": {"0": "1", "1": "1", "2": "1", "3": "1", "4": "2", "5": "2", "6": "1", "7": "1", "8": "1", "9": "2", "10": "1", "11": "1", "12": "1", "13": "1", "14": "2", "15": "1", "16": "1", "17": "1", "18": "1", "19": "2", "20": "1", "21": "1", "22": "2", "23": "1", "24": "1", "25": "2", "26": "1", "27": "1", "28": "2", "29": "2", "30": "2", "31": "2", "32": "1", "33": "2", "34": "1", "35": "1", "36": "1", "37": "1", "38": "2", "39": "1", "40": "1", "41": "2", "42": "2", "43": "2"}, "target": 5}