{"edges": [[0, 1], [2, 1], [3, 1], [1, 0], [4, 0], [5, 0], [6, 0], [0, 4], [7, 4], [8, 4], [6, 4], [9, 4], [4, 7], [8, 7], [10, 7], [9, 7], [11, 7], [4, 8], [7, 8], [10, 8], [9, 8], [11, 8], [7, 10], [8, 10], [12, 10], [13, 10], [10, 12], [14, 12], [13, 12], [15, 12], [12, 14], [15, 14], [16, 14], [17, 18], [19, 18], [1, 2], [5, 2], [3, 2], [0, 5], [2, 5], [6, 5], [3, 5], [0, 6], [4, 6], [5, 6], [9, 6], [11, 6], [4, 9], [7, 9], [8, 9], [6, 9], [11, 9], [7, 11], [8, 11], [6, 11], [9, 11], [13, 11], [10, 13], [12, 13], [11, 13], [15, 13], [12, 15], [14, 15], [13, 15], [16, 15], [14, 16], [15, 16], [17, 16], [19, 16], [1, 3], [2, 3], [5, 3], [18, 17], [16, 17], [19, 17], [18, 19], [16, 19], [17, 19]], "labels": {"0": "1", "1": "1", "2": "2", "3": "2", "4": "1", "5": "2", "6": "2", "7": "1", "8": "1", "9": "2", "10": "1", "11": "2", "12": "1", "13": "2", "14": "1", "15": "2", "16": "2", "17": "2", "18": "1", "19": "2"}, "target": 5}