{"edges": [[0, 1], [2, 1], [3, 1], [1, 0], [2, 0], [4, 0], [5, 0], [1, 2], [0, 2], [6, 2], [3, 2], [7, 2], [8, 2], [2, 6], [4, 6], [9, 6], [10, 6], [11, 12], [13, 12], [14, 12], [12, 11], [15, 11], [16, 11], [17, 18], [19, 18], [20, 18], [21, 18], [22, 23], [24, 23], [25, 23], [26, 23], [1, 3], [2, 3], [4, 3], [27, 3], [0, 4], [6, 4], [3, 4], [7, 4], [28, 4], [2, 7], [4, 7], [29, 7], [30, 7], [11, 15], [13, 15], [14, 15], [31, 15], [12, 13], [15, 13], [16, 13], [32, 13], [18, 17], [20, 17], [33, 17], [21, 17], [5, 34], [35, 34], [26, 34], [23, 22], [36, 22], [24, 22], [25, 22], [37, 38], [39, 38], [40, 38], [41, 38], [42, 38], [43, 44], [45, 44], [46, 44], [38, 37], [39, 37], [44, 43], [47, 43], [48, 43], [43, 47], [19, 47], [49, 47], [33, 47], [18, 19], [47, 19], [48, 19], [0, 5], [34, 5], [35, 5], [26, 5], [22, 36], [24, 36], [25, 36], [38, 39], [37, 39], [40, 39], [41, 39], [42, 39], [44, 45], [40, 45], [50, 45], [38, 40], [39, 40], [45, 40], [23, 24], [22, 24], [36, 24], [35, 24], [34, 35], [5, 35], [24, 35], [2, 8], [10, 8], [30, 8], [20, 51], [52, 51], [21, 51], [53, 51], [6, 9], [14, 9], [31, 9], [16, 54], [52, 54], [32, 54], [53, 54], [6, 10], [8, 10], [28, 10], [18, 20], [17, 20], [51, 20], [55, 20], [11, 16], [13, 16], [54, 16], [56, 16], [12, 14], [15, 14], [9, 14], [29, 14], [51, 52], [54, 52], [55, 52], [56, 52], [53, 52], [27, 57], [26, 57], [58, 59], [25, 59], [41, 60], [61, 60], [45, 50], [49, 50], [46, 50], [38, 41], [39, 41], [60, 41], [47, 49], [50, 49], [48, 49], [43, 48], [19, 48], [49, 48], [33, 48], [17, 33], [47, 33], [48, 33], [3, 27], [57, 27], [59, 58], [60, 61], [42, 61], [44, 46], [50, 46], [42, 46], [38, 42], [39, 42], [61, 42], [46, 42], [23, 25], [22, 25], [36, 25], [59, 25], [23, 26], [34, 26], [5, 26], [57, 26], [4, 28], [10, 28], [30, 28], [20, 55], [52, 55], [21, 55], [53, 55], [7, 29], [14, 29], [31, 29], [16, 56], [52, 56], [32, 56], [53, 56], [7, 30], [8, 30], [28, 30], [18, 21], [17, 21], [51, 21], [55, 21], [13, 32], [54, 32], [56, 32], [15, 31], [9, 31], [29, 31], [51, 53], [54, 53], [52, 53], [55, 53], [56, 53]], "labels": {"0": "1", "1": "1", "2": "1", "3": "1", "4": "1", "5": "2", "6": "1", "7": "1", "8": "2", "9": "2", "10": "2", "11": "1", "12": "1", "13": "1", "14": "2", "15": "1", "16": "2", "17": "1", "18": "1", "19": "2", "20": "2", "21": "2", "22": "2", "23": "1", "24": "2", "25": "2", "26": "2", "27": "2", "28": "2", "29": "2", "30": "2", "31": "2", "32": "2", "33": "2", "34": "2", "35": "2", "36": "2", "37": "2", "38": "2", "39": "2", "40": "2", "41": "2", "42": "2", "43": "2", "44": "2", "45": "2", "46": "2", "47": "2", "48": "2", "49": "2", "50": "2", "51": "2", "52": "2", "53": "2", "54": "2", "55": "2", "56": "2", "57": "2", "58": "2", "59": "2", "60": "2", "61": "2"}, "target": 5}