{"edges": [[0, 1], [2, 1], [3, 1], [4, 1], [1, 0], [2, 0], [5, 0], [6, 0], [1, 2], [0, 2], [7, 2], [8, 2], [2, 7], [9, 7], [10, 7], [11, 7], [12, 7], [7, 9], [13, 9], [14, 9], [15, 9], [16, 9], [17, 18], [19, 18], [20, 18], [21, 18], [18, 17], [22, 17], [23, 17], [20, 17], [24, 17], [17, 22], [23, 22], [25, 22], [24, 22], [26, 27], [28, 27], [3, 27], [6, 27], [4, 27], [27, 26], [28, 26], [6, 26], [29, 26], [27, 28], [26, 28], [30, 28], [31, 28], [28, 30], [32, 30], [10, 30], [15, 30], [33, 30], [30, 32], [34, 32], [15, 32], [16, 32], [35, 32], [32, 34], [36, 34], [37, 34], [38, 34], [21, 34], [34, 36], [37, 36], [23, 36], [24, 36], [21, 36], [34, 37], [36, 37], [24, 37], [39, 37], [10, 40], [41, 40], [7, 10], [30, 10], [40, 10], [12, 10], [41, 42], [8, 42], [31, 42], [43, 42], [0, 5], [44, 5], [6, 5], [29, 5], [7, 11], [13, 11], [45, 46], [3, 46], [4, 46], [18, 19], [14, 19], [47, 48], [25, 48], [49, 48], [39, 48], [17, 23], [22, 23], [36, 23], [21, 23], [40, 41], [42, 41], [7, 12], [10, 12], [2, 8], [42, 8], [31, 8], [43, 8], [5, 44], [3, 44], [6, 44], [29, 44], [9, 13], [11, 13], [46, 45], [3, 45], [4, 45], [9, 14], [19, 14], [48, 47], [25, 47], [50, 47], [39, 47], [22, 25], [48, 25], [47, 25], [1, 3], [27, 3], [46, 3], [44, 3], [45, 3], [18, 20], [17, 20], [21, 20], [51, 52], [43, 52], [51, 53], [33, 53], [28, 31], [42, 31], [8, 31], [43, 31], [0, 6], [27, 6], [26, 6], [5, 6], [44, 6], [29, 6], [9, 15], [30, 15], [32, 15], [16, 15], [54, 55], [34, 38], [35, 38], [47, 50], [49, 50], [17, 24], [22, 24], [36, 24], [37, 24], [21, 24], [52, 51], [53, 51], [30, 33], [53, 33], [42, 43], [8, 43], [52, 43], [31, 43], [26, 29], [5, 29], [44, 29], [6, 29], [9, 16], [32, 16], [15, 16], [55, 54], [4, 54], [32, 35], [38, 35], [48, 49], [50, 49], [39, 49], [37, 39], [48, 39], [47, 39], [49, 39], [1, 4], [27, 4], [46, 4], [45, 4], [54, 4], [18, 21], [34, 21], [36, 21], [23, 21], [20, 21], [24, 21]], "labels": {"0": "1", "1": "1", "2": "1", "3": "2", "4": "2", "5": "2", "6": "2", "7": "1", "8": "2", "9": "1", "10": "2", "11": "2", "12": "2", "13": "2", "14": "2", "15": "2", "16": "2", "17": "1", "18": "1", "19": "2", "20": "2", "21": "2", "22": "1", "23": "2", "24": "2", "25": "2", "26": "1", "27": "1", "28": "1", "29": "2", "30": "1", "31": "2", "32": "1", "33": "2", "34": "1", "35": "2", "36": "1", "37": "1", "38": "2", "39": "2", "40": "2", "41": "2", "42": "2", "43": "2", "44": "2", "45": "2", "46": "2", "47": "2", "48": "2", "49": "2", "50": "2", "51": "2", "52": "2", "53": "2", "54": "2", "55": "2"}, "target": 1}