{"edges": [[0, 1], [2, 1], [3, 1], [4, 1], [1, 0], [2, 0], [5, 0], [6, 0], [1, 2], [0, 2], [7, 2], [8, 2], [2, 7], [9, 7], [10, 7], [11, 7], [12, 7], [7, 9], [13, 9], [14, 9], [15, 9], [16, 9], [17, 18], [19, 18], [20, 18], [21, 18], [18, 17], [22, 17], [23, 17], [20, 17], [24, 17], [17, 22], [23, 22], [25, 22], [24, 22], [26, 27], [28, 27], [29, 27], [3, 27], [30, 27], [4, 27], [27, 26], [28, 26], [29, 26], [6, 26], [27, 28], [26, 28], [29, 28], [27, 29], [26, 29], [28, 29], [31, 29], [32, 33], [10, 33], [15, 33], [34, 33], [33, 32], [35, 32], [15, 32], [16, 32], [36, 32], [32, 35], [37, 35], [38, 35], [39, 35], [21, 35], [35, 37], [38, 37], [23, 37], [24, 37], [21, 37], [35, 38], [37, 38], [24, 38], [40, 38], [10, 41], [42, 41], [7, 10], [33, 10], [41, 10], [12, 10], [43, 10], [34, 10], [42, 44], [8, 44], [31, 44], [45, 44], [0, 5], [46, 5], [6, 5], [30, 5], [7, 11], [13, 11], [47, 48], [3, 48], [4, 48], [18, 19], [14, 19], [49, 50], [25, 50], [51, 50], [40, 50], [17, 23], [22, 23], [37, 23], [21, 23], [41, 42], [44, 42], [7, 12], [10, 12], [43, 12], [34, 12], [2, 8], [44, 8], [31, 8], [45, 8], [5, 46], [3, 46], [6, 46], [30, 46], [9, 13], [11, 13], [48, 47], [3, 47], [4, 47], [9, 14], [19, 14], [50, 49], [25, 49], [52, 49], [40, 49], [22, 25], [50, 25], [49, 25], [1, 3], [27, 3], [48, 3], [46, 3], [47, 3], [18, 20], [17, 20], [21, 20], [43, 53], [54, 53], [10, 43], [12, 43], [53, 43], [34, 43], [29, 31], [44, 31], [8, 31], [45, 31], [0, 6], [26, 6], [5, 6], [46, 6], [30, 6], [9, 15], [33, 15], [32, 15], [16, 15], [55, 56], [4, 56], [35, 39], [36, 39], [49, 52], [51, 52], [17, 24], [22, 24], [37, 24], [38, 24], [21, 24], [53, 54], [45, 54], [33, 34], [10, 34], [12, 34], [43, 34], [44, 45], [8, 45], [31, 45], [54, 45], [27, 30], [5, 30], [46, 30], [6, 30], [9, 16], [32, 16], [15, 16], [56, 55], [32, 36], [39, 36], [50, 51], [52, 51], [40, 51], [38, 40], [50, 40], [49, 40], [51, 40], [1, 4], [27, 4], [48, 4], [47, 4], [56, 4], [18, 21], [35, 21], [37, 21], [23, 21], [20, 21], [24, 21]], "labels": {"0": "1", "1": "1", "2": "1", "3": "2", "4": "2", "5": "2", "6": "2", "7": "1", "8": "2", "9": "1", "10": "2", "11": "2", "12": "2", "13": "2", "14": "2", "15": "2", "16": "2", "17": "1", "18": "1", "19": "2", "20": "2", "21": "2", "22": "1", "23": "2", "24": "2", "25": "2", "26": "1", "27": "1", "28": "1", "29": "1", "30": "2", "31": "2", "32": "1", "33": "1", "34": "2", "35": "1", "36": "2", "37": "1", "38": "1", "39": "2", "40": "2", "41": "2", "42": "2", "43": "2", "44": "2", "45": "2", "46": "2", "47": "2", "48": "2", "49": "2", "50": "2", "51": "2", "52": "2", "53": "2", "54": "2", "55": "2", "56": "2"}, "target": 1}