{"edges": [[0, 1], [2, 1], [1, 0], [3, 0], [4, 0], [5, 0], [6, 0], [7, 0], [0, 3], [2, 3], [7, 3], [8, 3], [9, 10], [11, 10], [12, 10], [13, 10], [10, 9], [14, 9], [11, 9], [15, 9], [12, 9], [9, 14], [11, 14], [16, 14], [15, 14], [0, 4], [2, 4], [17, 4], [1, 2], [3, 2], [4, 2], [5, 2], [18, 2], [0, 5], [2, 5], [19, 5], [18, 5], [20, 5], [5, 19], [11, 19], [21, 19], [22, 19], [10, 11], [9, 11], [14, 11], [19, 11], [21, 11], [23, 11], [14, 16], [24, 16], [25, 16], [26, 16], [16, 24], [25, 24], [26, 24], [9, 15], [14, 15], [12, 15], [23, 15], [0, 6], [7, 6], [17, 6], [18, 6], [10, 12], [9, 12], [15, 12], [13, 12], [21, 12], [23, 12], [0, 7], [3, 7], [6, 7], [8, 7], [17, 7], [20, 7], [3, 8], [7, 8], [13, 8], [18, 8], [22, 8], [10, 13], [12, 13], [8, 13], [21, 13], [20, 13], [22, 13], [19, 21], [11, 21], [12, 21], [13, 21], [23, 21], [4, 17], [6, 17], [7, 17], [18, 17], [11, 23], [15, 23], [12, 23], [21, 23], [26, 23], [16, 25], [24, 25], [26, 25], [16, 26], [24, 26], [23, 26], [25, 26], [2, 18], [5, 18], [6, 18], [8, 18], [17, 18], [20, 18], [5, 20], [7, 20], [13, 20], [18, 20], [22, 20], [19, 22], [8, 22], [13, 22], [20, 22]], "labels": {"0": "1", "1": "1", "2": "1", "3": "1", "4": "1", "5": "1", "6": "2", "7": "2", "8": "2", "9": "1", "10": "1", "11": "1", "12": "2", "13": "2", "14": "1", "15": "2", "16": "2", "17": "2", "18": "2", "19": "1", "20": "2", "21": "2", "22": "2", "23": "2", "24": "2", "25": "2", "26": "2"}, "target": 1}