{"edges": [[0, 1], [2, 1], [3, 1], [4, 1], [5, 1], [6, 1], [1, 0], [7, 0], [8, 0], [2, 0], [0, 7], [8, 7], [9, 7], [10, 7], [0, 8], [7, 8], [11, 8], [12, 8], [13, 8], [8, 11], [13, 11], [14, 11], [15, 11], [8, 12], [9, 12], [13, 12], [16, 12], [10, 12], [14, 12], [7, 9], [12, 9], [2, 9], [16, 9], [10, 9], [4, 9], [1, 2], [0, 2], [9, 2], [10, 2], [4, 2], [8, 13], [11, 13], [12, 13], [17, 13], [16, 13], [14, 13], [15, 13], [1, 3], [5, 3], [6, 3], [13, 17], [15, 17], [18, 17], [19, 20], [21, 20], [22, 20], [20, 19], [21, 19], [22, 19], [18, 19], [12, 16], [9, 16], [13, 16], [10, 16], [14, 16], [7, 10], [12, 10], [9, 10], [2, 10], [16, 10], [4, 10], [1, 4], [9, 4], [2, 4], [10, 4], [6, 4], [11, 14], [12, 14], [13, 14], [16, 14], [1, 5], [3, 5], [6, 5], [11, 15], [13, 15], [17, 15], [18, 15], [20, 21], [19, 21], [22, 21], [20, 22], [19, 22], [21, 22], [1, 6], [3, 6], [4, 6], [5, 6], [17, 18], [19, 18], [15, 18]], "labels": {"0": "1", "1": "1", "2": "2", "3": "2", "4": "2", "5": "2", "6": "2", "7": "1", "8": "1", "9": "2", "10": "2", "11": "1", "12": "2", "13": "2", "14": "2", "15": "2", "16": "2", "17": "2", "18": "2", "19": "2", "20": "2", "21": "2", "22": "2"}, "target": 1}