{"edges": [[0, 1], [2, 1], [3, 1], [4, 1], [5, 1], [1, 0], [3, 0], [6, 0], [5, 0], [7, 8], [6, 8], [9, 8], [10, 8], [11, 12], [13, 12], [14, 12], [7, 12], [9, 12], [15, 16], [3, 16], [4, 16], [5, 16], [16, 15], [3, 15], [5, 15], [17, 15], [12, 11], [13, 11], [9, 11], [10, 11], [12, 13], [11, 13], [7, 13], [18, 13], [9, 13], [19, 20], [14, 20], [21, 20], [20, 19], [22, 19], [12, 14], [20, 14], [7, 14], [9, 14], [1, 2], [3, 2], [5, 2], [8, 7], [12, 7], [13, 7], [14, 7], [18, 7], [9, 7], [1, 3], [0, 3], [16, 3], [15, 3], [2, 3], [6, 3], [17, 3], [0, 6], [8, 6], [3, 6], [5, 6], [17, 6], [10, 6], [19, 22], [21, 22], [18, 22], [20, 21], [22, 21], [13, 18], [7, 18], [22, 18], [9, 18], [1, 4], [16, 4], [5, 4], [8, 9], [12, 9], [11, 9], [13, 9], [14, 9], [7, 9], [18, 9], [1, 5], [0, 5], [16, 5], [15, 5], [2, 5], [6, 5], [4, 5], [17, 5], [15, 17], [3, 17], [6, 17], [5, 17], [10, 17], [8, 10], [11, 10], [6, 10], [17, 10]], "labels": {"0": "1", "1": "1", "2": "2", "3": "2", "4": "2", "5": "2", "6": "2", "7": "2", "8": "1", "9": "2", "10": "2", "11": "1", "12": "1", "13": "1", "14": "2", "15": "1", "16": "1", "17": "2", "18": "2", "19": "2", "20": "2", "21": "2", "22": "2"}, "target": 1}