{"edges": [[0, 1], [2, 1], [1, 0], [3, 0], [4, 0], [5, 0], [6, 0], [0, 3], [7, 3], [5, 3], [8, 3], [3, 7], [9, 7], [10, 7], [11, 7], [8, 7], [7, 9], [12, 9], [13, 9], [14, 9], [11, 9], [9, 12], [13, 12], [14, 12], [10, 12], [15, 12], [9, 13], [12, 13], [11, 13], [16, 13], [17, 18], [19, 18], [20, 18], [16, 18], [18, 17], [21, 17], [22, 17], [20, 17], [23, 17], [17, 21], [24, 21], [19, 21], [23, 21], [25, 21], [21, 24], [26, 24], [27, 24], [28, 24], [25, 24], [24, 26], [27, 26], [29, 26], [28, 26], [2, 30], [6, 30], [31, 30], [32, 30], [5, 33], [6, 33], [34, 33], [32, 33], [0, 4], [5, 4], [8, 4], [34, 4], [35, 4], [9, 14], [12, 14], [10, 14], [35, 14], [7, 10], [12, 10], [14, 10], [11, 10], [15, 10], [7, 11], [9, 11], [13, 11], [10, 11], [15, 11], [12, 15], [10, 15], [11, 15], [36, 15], [17, 22], [19, 22], [37, 22], [36, 22], [18, 19], [21, 19], [22, 19], [38, 19], [37, 19], [39, 19], [19, 38], [25, 38], [39, 38], [40, 38], [24, 27], [26, 27], [29, 27], [28, 27], [41, 27], [42, 27], [26, 29], [27, 29], [28, 29], [41, 29], [1, 2], [30, 2], [6, 2], [24, 28], [26, 28], [27, 28], [29, 28], [42, 28], [0, 5], [3, 5], [33, 5], [4, 5], [6, 5], [8, 5], [32, 5], [35, 5], [0, 6], [30, 6], [33, 6], [2, 6], [5, 6], [31, 6], [3, 8], [7, 8], [4, 8], [5, 8], [18, 20], [17, 20], [16, 20], [23, 20], [36, 20], [39, 20], [13, 16], [18, 16], [20, 16], [37, 16], [17, 23], [21, 23], [20, 23], [37, 23], [21, 25], [24, 25], [38, 25], [40, 25], [43, 25], [42, 25], [30, 31], [6, 31], [27, 41], [29, 41], [42, 41], [33, 34], [4, 34], [30, 32], [33, 32], [5, 32], [4, 35], [14, 35], [5, 35], [22, 37], [19, 37], [16, 37], [23, 37], [36, 37], [39, 37], [15, 36], [22, 36], [20, 36], [37, 36], [19, 39], [38, 39], [20, 39], [37, 39], [38, 40], [25, 40], [43, 40], [42, 40], [25, 43], [40, 43], [42, 43], [27, 42], [28, 42], [25, 42], [41, 42], [40, 42], [43, 42]], "labels": {"0": "1", "1": "1", "2": "2", "3": "1", "4": "1", "5": "2", "6": "2", "7": "1", "8": "2", "9": "1", "10": "1", "11": "1", "12": "1", "13": "1", "14": "1", "15": "1", "16": "2", "17": "1", "18": "1", "19": "1", "20": "2", "21": "1", "22": "1", "23": "2", "24": "1", "25": "2", "26": "1", "27": "1", "28": "2", "29": "1", "30": "1", "31": "2", "32": "2", "33": "1", "34": "2", "35": "2", "36": "2", "37": "2", "38": "1", "39": "2", "40": "2", "41": "2", "42": "2", "43": "2"}, "target": 1}