{"edges": [[0, 1], [2, 1], [3, 1], [1, 0], [2, 0], [3, 0], [4, 0], [1, 2], [0, 2], [5, 2], [3, 2], [6, 2], [4, 2], [2, 5], [7, 5], [6, 5], [8, 5], [5, 7], [9, 7], [8, 7], [7, 9], [10, 9], [8, 9], [9, 10], [11, 10], [12, 10], [10, 11], [12, 11], [13, 11], [14, 11], [15, 16], [17, 16], [14, 16], [18, 16], [19, 20], [15, 20], [17, 20], [1, 3], [0, 3], [2, 3], [4, 3], [20, 19], [15, 19], [17, 19], [16, 15], [20, 15], [19, 15], [17, 15], [16, 17], [20, 17], [19, 17], [15, 17], [18, 17], [10, 12], [11, 12], [13, 12], [14, 12], [11, 13], [12, 13], [14, 13], [18, 13], [11, 14], [16, 14], [12, 14], [13, 14], [18, 14], [16, 18], [17, 18], [13, 18], [14, 18], [2, 6], [5, 6], [4, 6], [8, 6], [0, 4], [2, 4], [3, 4], [6, 4], [5, 8], [7, 8], [9, 8], [6, 8]], "labels": {"0": "1", "1": "1", "2": "1", "3": "2", "4": "2", "5": "1", "6": "2", "7": "1", "8": "2", "9": "1", "10": "1", "11": "1", "12": "2", "13": "2", "14": "2", "15": "2", "16": "1", "17": "2", "18": "2", "19": "2", "20": "1"}, "target": 1}