{"edges": [[0, 1], [2, 1], [1, 0], [3, 0], [4, 0], [5, 0], [0, 3], [2, 3], [6, 3], [7, 3], [8, 3], [0, 4], [9, 4], [10, 4], [8, 4], [4, 9], [10, 9], [11, 9], [12, 9], [13, 14], [7, 14], [12, 14], [14, 13], [15, 13], [16, 13], [13, 15], [17, 15], [18, 15], [19, 15], [15, 17], [20, 17], [21, 17], [19, 17], [17, 20], [22, 20], [23, 20], [21, 20], [20, 22], [24, 22], [23, 22], [0, 5], [2, 5], [1, 2], [3, 2], [5, 2], [10, 2], [4, 10], [9, 10], [2, 10], [6, 10], [25, 10], [3, 6], [10, 6], [7, 6], [25, 6], [3, 7], [14, 7], [6, 7], [26, 7], [9, 11], [18, 11], [26, 11], [15, 18], [11, 18], [16, 18], [13, 16], [18, 16], [27, 16], [28, 16], [16, 27], [24, 27], [29, 27], [28, 27], [22, 24], [27, 24], [23, 24], [29, 24], [20, 23], [22, 23], [24, 23], [3, 8], [4, 8], [12, 8], [26, 8], [9, 12], [14, 12], [8, 12], [25, 12], [17, 21], [20, 21], [19, 21], [28, 21], [15, 19], [17, 19], [21, 19], [29, 19], [28, 19], [10, 25], [6, 25], [12, 25], [26, 25], [7, 26], [11, 26], [8, 26], [25, 26], [27, 29], [24, 29], [19, 29], [28, 29], [16, 28], [27, 28], [21, 28], [19, 28], [29, 28]], "labels": {"0": "1", "1": "1", "2": "1", "3": "1", "4": "1", "5": "1", "6": "1", "7": "1", "8": "2", "9": "1", "10": "1", "11": "1", "12": "2", "13": "1", "14": "1", "15": "1", "16": "1", "17": "1", "18": "1", "19": "2", "20": "1", "21": "2", "22": "1", "23": "1", "24": "1", "25": "2", "26": "2", "27": "1", "28": "2", "29": "2"}, "target": 1}