{"edges": [[0, 1], [2, 1], [3, 1], [1, 0], [2, 0], [3, 0], [1, 2], [0, 2], [3, 2], [1, 3], [0, 3], [2, 3], [4, 3], [5, 3], [3, 4], [5, 4], [6, 4], [3, 5], [4, 5], [6, 5], [4, 6], [5, 6], [7, 6], [8, 6], [6, 7], [8, 7], [9, 7], [6, 8], [7, 8], [9, 8], [10, 8], [7, 9], [8, 9], [10, 9], [8, 10], [9, 10], [11, 10], [12, 10], [10, 11], [13, 11], [14, 11], [12, 11], [15, 11], [11, 13], [14, 13], [16, 13], [17, 13], [18, 13], [11, 14], [13, 14], [16, 14], [17, 14], [18, 14], [13, 16], [14, 16], [17, 16], [13, 17], [14, 17], [16, 17], [19, 17], [20, 17], [17, 19], [21, 19], [22, 19], [20, 19], [19, 21], [22, 21], [23, 21], [20, 21], [19, 22], [21, 22], [23, 22], [24, 22], [21, 23], [22, 23], [25, 23], [24, 23], [26, 23], [23, 25], [27, 25], [26, 25], [25, 27], [28, 27], [29, 27], [27, 28], [30, 28], [31, 28], [29, 28], [28, 30], [31, 30], [32, 30], [33, 30], [28, 31], [30, 31], [32, 31], [34, 31], [33, 31], [30, 32], [31, 32], [35, 32], [36, 32], [31, 34], [35, 34], [37, 34], [36, 34], [32, 35], [34, 35], [37, 35], [38, 35], [39, 35], [36, 35], [34, 37], [35, 37], [38, 37], [39, 37], [35, 38], [37, 38], [39, 38], [35, 39], [37, 39], [38, 39], [10, 12], [11, 12], [18, 12], [15, 12], [13, 18], [14, 18], [12, 18], [20, 18], [15, 18], [17, 20], [19, 20], [21, 20], [18, 20], [24, 20], [22, 24], [23, 24], [20, 24], [26, 24], [23, 26], [25, 26], [24, 26], [27, 29], [28, 29], [33, 29], [36, 29], [30, 33], [31, 33], [29, 33], [36, 33], [32, 36], [34, 36], [35, 36], [29, 36], [33, 36], [11, 15], [12, 15], [18, 15]], "labels": {"0": "1", "1": "1", "2": "1", "3": "1", "4": "1", "5": "1", "6": "1", "7": "1", "8": "1", "9": "1", "10": "1", "11": "1", "12": "2", "13": "1", "14": "1", "15": "2", "16": "1", "17": "1", "18": "2", "19": "1", "20": "2", "21": "1", "22": "1", "23": "1", "24": "2", "25": "1", "26": "2", "27": "1", "28": "1", "29": "2", "30": "1", "31": "1", "32": "1", "33": "2", "34": "1", "35": "1", "36": "2", "37": "1", "38": "1", "39": "1"}, "target": 1}