{"edges": [[0, 1], [2, 1], [3, 1], [1, 0], [2, 0], [3, 0], [1, 2], [0, 2], [4, 2], [5, 2], [2, 4], [6, 4], [7, 4], [5, 4], [4, 6], [7, 6], [8, 6], [9, 6], [4, 7], [6, 7], [8, 7], [10, 7], [9, 7], [6, 8], [7, 8], [10, 8], [9, 8], [11, 8], [7, 10], [8, 10], [12, 10], [11, 10], [10, 12], [13, 12], [11, 12], [12, 13], [14, 13], [15, 13], [16, 13], [17, 13], [13, 14], [15, 14], [16, 14], [17, 14], [13, 15], [14, 15], [17, 15], [6, 9], [7, 9], [8, 9], [5, 9], [11, 9], [2, 5], [4, 5], [9, 5], [3, 5], [1, 3], [0, 3], [5, 3], [8, 11], [10, 11], [12, 11], [9, 11], [13, 16], [14, 16], [17, 16], [13, 17], [14, 17], [15, 17], [16, 17]], "labels": {"0": "1", "1": "1", "2": "1", "3": "2", "4": "1", "5": "2", "6": "1", "7": "1", "8": "1", "9": "2", "10": "1", "11": "2", "12": "1", "13": "1", "14": "1", "15": "1", "16": "2", "17": "2"}, "target": 1}