{"edges": [[0, 1], [2, 1], [3, 1], [1, 0], [2, 0], [4, 0], [5, 0], [6, 0], [1, 2], [0, 2], [7, 2], [8, 2], [2, 7], [9, 7], [10, 7], [8, 7], [7, 9], [11, 9], [12, 9], [13, 9], [14, 9], [9, 11], [12, 11], [15, 11], [14, 11], [9, 12], [11, 12], [15, 12], [16, 12], [17, 12], [11, 15], [12, 15], [16, 15], [17, 15], [12, 16], [15, 16], [18, 16], [19, 16], [20, 16], [16, 18], [19, 18], [21, 18], [20, 18], [16, 19], [18, 19], [22, 19], [21, 19], [0, 4], [3, 4], [5, 4], [23, 4], [24, 4], [1, 3], [4, 3], [5, 3], [24, 3], [0, 5], [4, 5], [3, 5], [25, 5], [10, 26], [13, 26], [25, 26], [7, 10], [26, 10], [13, 10], [27, 10], [28, 10], [9, 13], [26, 13], [10, 13], [27, 13], [29, 13], [28, 13], [10, 27], [13, 27], [29, 27], [30, 27], [31, 27], [13, 29], [27, 29], [30, 29], [31, 29], [27, 30], [29, 30], [32, 30], [22, 30], [33, 30], [30, 32], [22, 32], [21, 32], [34, 32], [33, 32], [19, 22], [30, 22], [32, 22], [34, 22], [35, 36], [6, 36], [23, 36], [36, 35], [6, 35], [24, 35], [18, 21], [19, 21], [32, 21], [20, 21], [33, 21], [16, 20], [18, 20], [21, 20], [34, 20], [12, 17], [15, 17], [14, 17], [28, 17], [0, 6], [36, 6], [35, 6], [23, 6], [2, 8], [7, 8], [14, 8], [28, 8], [9, 14], [11, 14], [17, 14], [8, 14], [31, 14], [25, 14], [28, 14], [4, 23], [36, 23], [6, 23], [24, 23], [32, 34], [22, 34], [20, 34], [33, 34], [30, 33], [32, 33], [21, 33], [34, 33], [27, 31], [29, 31], [14, 31], [28, 31], [4, 24], [3, 24], [35, 24], [23, 24], [5, 25], [26, 25], [14, 25], [28, 25], [10, 28], [13, 28], [17, 28], [8, 28], [14, 28], [31, 28], [25, 28]], "labels": {"0": "1", "1": "1", "2": "1", "3": "1", "4": "1", "5": "1", "6": "2", "7": "1", "8": "2", "9": "1", "10": "1", "11": "1", "12": "1", "13": "1", "14": "2", "15": "1", "16": "1", "17": "2", "18": "1", "19": "1", "20": "2", "21": "2", "22": "1", "23": "2", "24": "2", "25": "2", "26": "1", "27": "1", "28": "2", "29": "1", "30": "1", "31": "2", "32": "1", "33": "2", "34": "2", "35": "2", "36": "2"}, "target": 1}