{"edges": [[0, 1], [2, 1], [3, 1], [1, 0], [4, 0], [5, 0], [3, 0], [6, 0], [0, 4], [5, 4], [7, 4], [8, 4], [0, 5], [4, 5], [7, 5], [9, 5], [10, 5], [4, 7], [5, 7], [9, 7], [11, 7], [12, 7], [5, 9], [7, 9], [11, 9], [13, 9], [14, 9], [7, 11], [9, 11], [13, 11], [14, 11], [15, 11], [9, 13], [11, 13], [16, 13], [17, 13], [15, 13], [13, 16], [18, 16], [19, 16], [17, 16], [16, 18], [19, 18], [20, 18], [16, 19], [18, 19], [20, 19], [21, 19], [22, 19], [18, 20], [19, 20], [21, 20], [22, 20], [23, 20], [19, 21], [20, 21], [22, 21], [23, 21], [19, 22], [20, 22], [21, 22], [24, 22], [25, 22], [22, 24], [26, 24], [27, 24], [25, 24], [28, 24], [24, 26], [27, 26], [29, 26], [28, 26], [30, 26], [24, 27], [26, 27], [29, 27], [31, 27], [32, 27], [30, 27], [26, 29], [27, 29], [31, 29], [32, 29], [27, 31], [29, 31], [32, 31], [27, 32], [29, 32], [31, 32], [1, 2], [3, 2], [6, 2], [8, 2], [1, 3], [0, 3], [2, 3], [6, 3], [8, 3], [0, 6], [2, 6], [3, 6], [10, 6], [8, 6], [5, 10], [6, 10], [8, 10], [12, 10], [14, 10], [13, 17], [16, 17], [23, 17], [14, 17], [15, 17], [20, 23], [21, 23], [17, 23], [25, 23], [22, 25], [24, 25], [23, 25], [28, 25], [30, 25], [24, 28], [26, 28], [25, 28], [30, 28], [26, 30], [27, 30], [25, 30], [28, 30], [4, 8], [2, 8], [3, 8], [6, 8], [10, 8], [12, 8], [7, 12], [10, 12], [8, 12], [14, 12], [15, 12], [9, 14], [11, 14], [10, 14], [17, 14], [12, 14], [15, 14], [11, 15], [13, 15], [17, 15], [12, 15], [14, 15]], "labels": {"0": "1", "1": "1", "2": "2", "3": "2", "4": "1", "5": "1", "6": "2", "7": "1", "8": "2", "9": "1", "10": "2", "11": "1", "12": "2", "13": "1", "14": "2", "15": "2", "16": "1", "17": "2", "18": "1", "19": "1", "20": "1", "21": "1", "22": "1", "23": "2", "24": "1", "25": "2", "26": "1", "27": "1", "28": "2", "29": "1", "30": "2", "31": "1", "32": "1"}, "target": 1}