{"edges": [[0, 1], [2, 1], [3, 1], [1, 0], [4, 0], [3, 0], [5, 0], [0, 4], [6, 4], [7, 4], [5, 4], [4, 6], [7, 6], [8, 6], [9, 6], [4, 7], [6, 7], [8, 7], [9, 7], [10, 7], [6, 8], [7, 8], [9, 8], [6, 9], [7, 9], [8, 9], [10, 9], [11, 12], [13, 12], [14, 12], [10, 12], [12, 11], [13, 11], [14, 11], [10, 11], [12, 13], [11, 13], [14, 13], [15, 13], [12, 14], [11, 14], [13, 14], [15, 14], [13, 15], [14, 15], [16, 15], [17, 15], [15, 16], [17, 16], [18, 16], [15, 17], [16, 17], [18, 17], [19, 17], [16, 18], [17, 18], [19, 18], [17, 19], [18, 19], [20, 19], [21, 19], [19, 20], [22, 20], [23, 20], [24, 20], [25, 20], [20, 22], [23, 22], [26, 22], [20, 23], [22, 23], [26, 23], [27, 23], [22, 26], [23, 26], [27, 26], [28, 26], [1, 2], [3, 2], [5, 2], [1, 3], [0, 3], [2, 3], [5, 3], [20, 24], [21, 24], [29, 24], [25, 24], [19, 21], [24, 21], [29, 21], [25, 21], [0, 5], [4, 5], [2, 5], [3, 5], [7, 10], [9, 10], [12, 10], [11, 10], [27, 30], [28, 30], [31, 30], [23, 27], [26, 27], [30, 27], [28, 27], [31, 27], [24, 29], [21, 29], [25, 29], [20, 25], [24, 25], [21, 25], [29, 25], [26, 28], [30, 28], [27, 28], [31, 28], [30, 31], [27, 31], [28, 31]], "labels": {"0": "1", "1": "1", "2": "2", "3": "2", "4": "1", "5": "2", "6": "1", "7": "1", "8": "1", "9": "1", "10": "2", "11": "1", "12": "1", "13": "1", "14": "1", "15": "1", "16": "1", "17": "1", "18": "1", "19": "1", "20": "1", "21": "2", "22": "1", "23": "1", "24": "2", "25": "2", "26": "1", "27": "2", "28": "2", "29": "2", "30": "2", "31": "2"}, "target": 1}