{"edges": [[0, 1], [2, 1], [3, 1], [4, 1], [5, 6], [2, 6], [3, 6], [6, 5], [7, 5], [0, 5], [5, 7], [8, 7], [2, 7], [3, 7], [4, 7], [7, 8], [9, 8], [8, 9], [10, 9], [11, 9], [9, 10], [12, 10], [13, 10], [14, 10], [11, 10], [10, 12], [13, 12], [15, 12], [10, 13], [12, 13], [15, 13], [12, 15], [13, 15], [16, 15], [17, 15], [15, 16], [18, 16], [17, 16], [16, 18], [17, 18], [19, 18], [20, 18], [21, 18], [15, 17], [16, 17], [18, 17], [19, 17], [20, 17], [18, 19], [17, 19], [20, 19], [22, 19], [18, 20], [17, 20], [19, 20], [23, 20], [24, 20], [0, 25], [2, 25], [4, 25], [1, 0], [5, 0], [25, 0], [2, 0], [26, 0], [4, 0], [1, 2], [6, 2], [7, 2], [25, 2], [0, 2], [26, 2], [0, 26], [2, 26], [27, 26], [26, 27], [14, 27], [10, 14], [27, 14], [11, 14], [9, 11], [10, 11], [14, 11], [28, 11], [11, 28], [29, 28], [30, 28], [28, 29], [30, 29], [31, 29], [28, 30], [29, 30], [31, 30], [21, 30], [29, 31], [30, 31], [21, 31], [32, 31], [18, 21], [30, 21], [31, 21], [32, 21], [23, 21], [31, 32], [21, 32], [23, 32], [33, 32], [20, 23], [21, 23], [32, 23], [34, 23], [1, 3], [6, 3], [7, 3], [20, 24], [22, 24], [33, 24], [19, 22], [24, 22], [34, 22], [33, 22], [1, 4], [7, 4], [25, 4], [0, 4], [23, 34], [22, 34], [33, 34], [32, 33], [24, 33], [22, 33], [34, 33]], "labels": {"0": "1", "1": "1", "2": "1", "3": "2", "4": "2", "5": "1", "6": "1", "7": "1", "8": "1", "9": "1", "10": "1", "11": "1", "12": "1", "13": "1", "14": "1", "15": "1", "16": "1", "17": "1", "18": "1", "19": "1", "20": "1", "21": "1", "22": "2", "23": "1", "24": "2", "25": "1", "26": "1", "27": "1", "28": "1", "29": "1", "30": "1", "31": "1", "32": "1", "33": "2", "34": "2"}, "target": 1}