{"edges": [[0, 1], [2, 1], [3, 1], [4, 1], [5, 6], [7, 6], [8, 6], [9, 6], [6, 5], [8, 5], [9, 5], [7, 10], [11, 10], [12, 10], [1, 0], [13, 0], [4, 0], [6, 7], [10, 7], [9, 7], [12, 7], [13, 14], [15, 14], [16, 14], [0, 13], [14, 13], [4, 13], [15, 13], [16, 13], [10, 11], [2, 11], [3, 11], [6, 8], [5, 8], [9, 8], [6, 9], [5, 9], [7, 9], [8, 9], [12, 9], [10, 12], [7, 12], [9, 12], [1, 2], [11, 2], [3, 2], [1, 3], [11, 3], [2, 3], [4, 3], [1, 4], [0, 4], [13, 4], [3, 4], [14, 15], [13, 15], [16, 15], [14, 16], [13, 16], [15, 16]], "labels": {"0": "2", "1": "1", "2": "3", "3": "3", "4": "3", "5": "2", "6": "2", "7": "2", "8": "3", "9": "3", "10": "2", "11": "2", "12": "3", "13": "2", "14": "2", "15": "3", "16": "3"}, "target": 1}