{"edges": [[0, 1], [2, 1], [3, 1], [4, 1], [5, 1], [6, 7], [8, 7], [9, 7], [10, 7], [7, 6], [9, 6], [10, 6], [8, 11], [0, 11], [10, 11], [12, 11], [13, 14], [4, 14], [5, 14], [7, 8], [11, 8], [10, 8], [12, 8], [13, 15], [16, 15], [17, 15], [14, 13], [15, 13], [16, 13], [17, 13], [1, 0], [11, 0], [2, 0], [3, 0], [7, 9], [6, 9], [10, 9], [7, 10], [6, 10], [11, 10], [8, 10], [9, 10], [12, 10], [11, 12], [8, 12], [10, 12], [1, 2], [0, 2], [3, 2], [1, 3], [0, 3], [2, 3], [4, 3], [1, 4], [14, 4], [3, 4], [5, 4], [1, 5], [14, 5], [4, 5], [15, 16], [13, 16], [17, 16], [15, 17], [13, 17], [16, 17]], "labels": {"0": "2", "1": "1", "2": "3", "3": "3", "4": "3", "5": "3", "6": "2", "7": "2", "8": "2", "9": "3", "10": "3", "11": "2", "12": "3", "13": "2", "14": "2", "15": "2", "16": "3", "17": "3"}, "target": 1}