{"edges": [[0, 1], [2, 1], [3, 1], [4, 1], [5, 6], [7, 6], [8, 6], [9, 6], [6, 5], [8, 5], [9, 5], [7, 10], [2, 10], [11, 10], [1, 0], [12, 0], [4, 0], [13, 0], [6, 7], [10, 7], [9, 7], [11, 7], [12, 14], [13, 14], [15, 14], [0, 12], [14, 12], [13, 12], [15, 12], [1, 2], [10, 2], [3, 2], [4, 2], [6, 8], [5, 8], [9, 8], [6, 9], [5, 9], [7, 9], [8, 9], [11, 9], [10, 11], [7, 11], [9, 11], [1, 3], [2, 3], [4, 3], [1, 4], [0, 4], [2, 4], [3, 4], [0, 13], [14, 13], [12, 13], [15, 13], [14, 15], [12, 15], [13, 15]], "labels": {"0": "2", "1": "1", "2": "2", "3": "3", "4": "3", "5": "2", "6": "2", "7": "2", "8": "3", "9": "3", "10": "2", "11": "3", "12": "2", "13": "3", "14": "2", "15": "3"}, "target": 1}