{"edges": [[0, 1], [2, 1], [3, 1], [1, 0], [2, 0], [3, 0], [1, 2], [0, 2], [3, 2], [1, 3], [0, 3], [2, 3], [4, 3], [5, 3], [6, 3], [3, 4], [5, 4], [6, 4], [7, 4], [3, 5], [4, 5], [6, 5], [7, 5], [3, 6], [4, 6], [5, 6], [7, 6], [4, 7], [5, 7], [6, 7], [8, 7], [7, 8], [9, 8], [10, 8], [8, 9], [10, 9], [11, 9], [8, 10], [9, 10], [11, 10], [9, 11], [10, 11], [12, 11], [13, 11], [11, 12], [13, 12], [14, 12], [15, 16], [17, 16], [18, 16], [13, 16], [14, 16], [16, 15], [17, 15], [18, 15], [14, 15], [16, 17], [15, 17], [18, 17], [14, 17], [16, 18], [15, 18], [17, 18], [11, 13], [12, 13], [16, 13], [14, 13], [12, 14], [16, 14], [15, 14], [17, 14], [13, 14]], "labels": {"0": "1", "1": "1", "2": "1", "3": "1", "4": "1", "5": "1", "6": "1", "7": "1", "8": "1", "9": "1", "10": "1", "11": "1", "12": "1", "13": "2", "14": "2", "15": "1", "16": "1", "17": "1", "18": "1"}, "target": 1}