{"edges": [[0, 1], [2, 1], [3, 1], [1, 0], [4, 0], [5, 0], [3, 0], [6, 0], [0, 4], [5, 4], [7, 4], [8, 4], [9, 4], [0, 5], [4, 5], [7, 5], [8, 5], [4, 7], [5, 7], [8, 7], [10, 7], [11, 7], [4, 8], [5, 8], [7, 8], [10, 8], [12, 8], [13, 8], [11, 8], [14, 8], [7, 10], [8, 10], [12, 10], [13, 10], [8, 12], [10, 12], [13, 12], [15, 12], [8, 13], [10, 13], [12, 13], [15, 13], [16, 13], [11, 13], [12, 15], [13, 15], [16, 15], [17, 15], [14, 15], [13, 16], [15, 16], [17, 16], [18, 16], [15, 17], [16, 17], [19, 17], [18, 17], [20, 17], [17, 19], [21, 19], [22, 19], [20, 19], [19, 21], [22, 21], [23, 21], [24, 21], [19, 22], [21, 22], [23, 22], [24, 22], [21, 23], [22, 23], [24, 23], [25, 23], [21, 24], [22, 24], [23, 24], [25, 24], [23, 25], [24, 25], [26, 25], [25, 26], [27, 26], [28, 26], [29, 26], [26, 27], [28, 27], [29, 27], [30, 27], [26, 28], [27, 28], [29, 28], [30, 28], [26, 29], [27, 29], [28, 29], [30, 29], [27, 30], [28, 30], [29, 30], [1, 2], [31, 2], [6, 2], [32, 2], [2, 31], [33, 31], [9, 31], [3, 31], [6, 31], [32, 31], [31, 33], [9, 33], [6, 33], [4, 9], [31, 9], [33, 9], [6, 9], [7, 11], [8, 11], [13, 11], [14, 11], [18, 11], [8, 14], [15, 14], [11, 14], [18, 14], [16, 18], [17, 18], [11, 18], [14, 18], [20, 18], [17, 20], [19, 20], [18, 20], [1, 3], [0, 3], [31, 3], [32, 3], [0, 6], [2, 6], [31, 6], [33, 6], [9, 6], [2, 32], [31, 32], [3, 32]], "labels": {"0": "1", "1": "1", "2": "2", "3": "2", "4": "1", "5": "1", "6": "2", "7": "1", "8": "1", "9": "2", "10": "1", "11": "2", "12": "1", "13": "1", "14": "2", "15": "1", "16": "1", "17": "1", "18": "2", "19": "1", "20": "2", "21": "1", "22": "1", "23": "1", "24": "1", "25": "1", "26": "1", "27": "1", "28": "1", "29": "1", "30": "1", "31": "2", "32": "2", "33": "2"}, "target": 1}