{"edges": [[0, 1], [2, 1], [1, 0], [3, 0], [4, 0], [5, 0], [6, 0], [7, 8], [9, 8], [10, 8], [8, 7], [11, 7], [9, 7], [7, 11], [12, 11], [13, 11], [14, 15], [16, 15], [17, 15], [15, 14], [18, 14], [19, 14], [20, 21], [22, 21], [23, 21], [24, 21], [21, 20], [25, 20], [26, 20], [20, 25], [27, 25], [28, 25], [29, 25], [25, 27], [28, 27], [29, 27], [25, 28], [27, 28], [29, 28], [25, 29], [27, 29], [28, 29], [0, 3], [2, 3], [1, 2], [3, 2], [4, 2], [5, 2], [6, 2], [30, 2], [31, 32], [9, 32], [10, 32], [32, 31], [33, 31], [9, 31], [31, 33], [12, 33], [13, 33], [34, 35], [16, 35], [17, 35], [35, 34], [18, 34], [19, 34], [20, 26], [22, 26], [23, 26], [24, 26], [21, 22], [26, 22], [36, 22], [22, 36], [37, 36], [38, 36], [39, 36], [36, 37], [38, 37], [39, 37], [36, 38], [37, 38], [39, 38], [36, 39], [37, 39], [38, 39], [0, 4], [2, 4], [5, 4], [30, 4], [40, 41], [5, 41], [42, 41], [41, 40], [9, 40], [43, 40], [10, 40], [8, 9], [7, 9], [32, 9], [31, 9], [40, 9], [42, 9], [11, 12], [33, 12], [16, 12], [17, 12], [15, 16], [35, 16], [12, 16], [13, 16], [14, 18], [34, 18], [23, 18], [21, 23], [26, 23], [18, 23], [0, 5], [2, 5], [4, 5], [41, 5], [6, 5], [30, 5], [0, 6], [2, 6], [5, 6], [43, 6], [30, 6], [40, 43], [6, 43], [42, 43], [41, 42], [9, 42], [43, 42], [10, 42], [8, 10], [32, 10], [40, 10], [42, 10], [11, 13], [33, 13], [16, 13], [17, 13], [15, 17], [35, 17], [12, 17], [13, 17], [14, 19], [34, 19], [24, 19], [21, 24], [26, 24], [19, 24], [2, 30], [4, 30], [5, 30], [6, 30]], "labels": {"0": "1", "1": "1", "2": "1", "3": "1", "4": "2", "5": "2", "6": "2", "7": "1", "8": "1", "9": "2", "10": "2", "11": "1", "12": "2", "13": "2", "14": "1", "15": "1", "16": "2", "17": "2", "18": "2", "19": "2", "20": "1", "21": "1", "22": "1", "23": "2", "24": "2", "25": "1", "26": "1", "27": "1", "28": "1", "29": "1", "30": "2", "31": "1", "32": "1", "33": "1", "34": "1", "35": "1", "36": "1", "37": "1", "38": "1", "39": "1", "40": "2", "41": "2", "42": "2", "43": "2"}, "target": 1}