{"edges": [[0, 1], [2, 1], [1, 0], [3, 0], [4, 0], [0, 3], [5, 3], [6, 3], [3, 5], [7, 5], [8, 5], [9, 5], [5, 7], [10, 7], [6, 7], [11, 7], [7, 10], [12, 10], [9, 10], [10, 12], [13, 12], [14, 12], [12, 13], [14, 13], [15, 13], [12, 14], [13, 14], [15, 14], [16, 14], [13, 15], [14, 15], [17, 15], [16, 15], [18, 15], [15, 17], [19, 17], [20, 17], [16, 17], [18, 17], [17, 19], [20, 19], [16, 19], [18, 19], [17, 20], [19, 20], [21, 20], [22, 20], [23, 24], [21, 24], [22, 24], [24, 23], [25, 23], [26, 23], [27, 23], [23, 25], [26, 25], [27, 25], [23, 26], [25, 26], [27, 26], [23, 27], [25, 27], [26, 27], [0, 4], [2, 4], [1, 2], [4, 2], [8, 2], [5, 8], [2, 8], [6, 8], [3, 6], [7, 6], [8, 6], [9, 6], [5, 9], [10, 9], [6, 9], [11, 9], [7, 11], [9, 11], [28, 11], [11, 28], [29, 28], [30, 28], [28, 29], [30, 29], [31, 29], [28, 30], [29, 30], [31, 30], [32, 30], [29, 31], [30, 31], [32, 31], [33, 31], [34, 31], [18, 31], [30, 32], [31, 32], [33, 32], [34, 32], [18, 32], [31, 33], [32, 33], [34, 33], [31, 34], [32, 34], [33, 34], [22, 34], [35, 36], [37, 36], [38, 36], [22, 36], [36, 35], [37, 35], [38, 35], [39, 35], [36, 37], [35, 37], [38, 37], [39, 37], [36, 38], [35, 38], [37, 38], [39, 38], [35, 39], [37, 39], [38, 39], [14, 16], [15, 16], [17, 16], [19, 16], [20, 21], [24, 21], [22, 21], [15, 18], [17, 18], [19, 18], [31, 18], [32, 18], [20, 22], [24, 22], [34, 22], [36, 22], [21, 22]], "labels": {"0": "1", "1": "1", "2": "1", "3": "1", "4": "1", "5": "1", "6": "1", "7": "1", "8": "1", "9": "1", "10": "1", "11": "1", "12": "1", "13": "1", "14": "1", "15": "1", "16": "2", "17": "1", "18": "2", "19": "1", "20": "1", "21": "2", "22": "2", "23": "1", "24": "1", "25": "1", "26": "1", "27": "1", "28": "1", "29": "1", "30": "1", "31": "1", "32": "1", "33": "1", "34": "1", "35": "1", "36": "1", "37": "1", "38": "1", "39": "1"}, "target": 1}