{"edges": [[0, 1], [2, 1], [3, 1], [1, 0], [2, 0], [3, 0], [1, 2], [0, 2], [3, 2], [4, 2], [1, 3], [0, 3], [2, 3], [4, 3], [5, 3], [2, 4], [3, 4], [5, 4], [3, 5], [4, 5], [6, 5], [5, 6], [7, 6], [8, 6], [9, 10], [11, 10], [7, 10], [8, 10], [10, 9], [11, 9], [12, 9], [8, 9], [10, 11], [9, 11], [12, 11], [13, 11], [9, 12], [11, 12], [13, 12], [14, 12], [11, 13], [12, 13], [14, 13], [15, 13], [12, 14], [13, 14], [15, 14], [13, 15], [14, 15], [16, 15], [15, 16], [17, 16], [18, 16], [16, 17], [19, 17], [18, 17], [20, 17], [17, 19], [21, 19], [22, 19], [18, 19], [20, 19], [19, 21], [22, 21], [23, 21], [19, 22], [21, 22], [23, 22], [21, 23], [22, 23], [24, 23], [25, 23], [26, 23], [23, 24], [27, 24], [25, 24], [26, 24], [24, 27], [25, 27], [26, 27], [6, 7], [10, 7], [8, 7], [6, 8], [10, 8], [9, 8], [7, 8], [16, 18], [17, 18], [19, 18], [20, 18], [17, 20], [19, 20], [18, 20], [23, 25], [24, 25], [27, 25], [26, 25], [23, 26], [24, 26], [27, 26], [25, 26]], "labels": {"0": "1", "1": "1", "2": "1", "3": "1", "4": "1", "5": "1", "6": "1", "7": "2", "8": "2", "9": "1", "10": "1", "11": "1", "12": "1", "13": "1", "14": "1", "15": "1", "16": "1", "17": "1", "18": "2", "19": "1", "20": "2", "21": "1", "22": "1", "23": "1", "24": "1", "25": "2", "26": "2", "27": "1"}, "target": 1}