{"edges": [[0, 1], [2, 1], [3, 1], [1, 0], [2, 0], [3, 0], [4, 5], [6, 5], [7, 5], [8, 5], [9, 5], [5, 4], [6, 4], [7, 4], [10, 4], [5, 6], [4, 6], [7, 6], [5, 7], [4, 7], [6, 7], [11, 7], [12, 13], [14, 13], [15, 13], [13, 12], [14, 12], [16, 12], [15, 12], [13, 14], [12, 14], [17, 14], [16, 14], [14, 17], [16, 17], [18, 17], [19, 17], [20, 21], [22, 21], [23, 21], [24, 21], [25, 21], [21, 20], [22, 20], [23, 20], [24, 20], [21, 22], [20, 22], [23, 22], [26, 22], [21, 23], [20, 23], [22, 23], [26, 23], [27, 28], [26, 28], [29, 28], [30, 31], [8, 31], [9, 31], [3, 31], [31, 30], [2, 30], [3, 30], [5, 8], [31, 8], [10, 8], [9, 8], [4, 10], [8, 10], [11, 10], [9, 10], [7, 11], [10, 11], [32, 11], [33, 11], [34, 11], [11, 32], [33, 32], [34, 32], [1, 2], [0, 2], [30, 2], [3, 2], [5, 9], [31, 9], [8, 9], [10, 9], [1, 3], [0, 3], [31, 3], [30, 3], [2, 3], [11, 33], [32, 33], [34, 33], [11, 34], [32, 34], [33, 34], [12, 16], [14, 16], [17, 16], [15, 16], [18, 16], [19, 16], [13, 15], [12, 15], [16, 15], [27, 35], [26, 35], [29, 35], [36, 37], [38, 37], [39, 37], [40, 37], [17, 18], [16, 18], [41, 18], [19, 18], [28, 27], [35, 27], [26, 27], [29, 27], [22, 26], [23, 26], [28, 26], [35, 26], [27, 26], [29, 26], [21, 24], [20, 24], [25, 24], [40, 24], [21, 25], [24, 25], [39, 25], [40, 25], [18, 41], [36, 41], [19, 41], [37, 36], [41, 36], [38, 36], [39, 36], [37, 38], [36, 38], [39, 38], [17, 19], [16, 19], [18, 19], [41, 19], [28, 29], [35, 29], [27, 29], [26, 29], [37, 39], [25, 39], [36, 39], [38, 39], [40, 39], [37, 40], [24, 40], [25, 40], [39, 40]], "labels": {"0": "1", "1": "1", "2": "2", "3": "2", "4": "1", "5": "1", "6": "1", "7": "1", "8": "2", "9": "2", "10": "2", "11": "2", "12": "1", "13": "1", "14": "1", "15": "2", "16": "2", "17": "1", "18": "2", "19": "2", "20": "1", "21": "1", "22": "1", "23": "1", "24": "2", "25": "2", "26": "2", "27": "2", "28": "1", "29": "2", "30": "2", "31": "2", "32": "2", "33": "2", "34": "2", "35": "2", "36": "2", "37": "2", "38": "2", "39": "2", "40": "2", "41": "2"}, "target": 1}