{"edges": [[0, 1], [2, 1], [3, 1], [1, 0], [2, 0], [3, 0], [4, 5], [6, 5], [7, 5], [5, 4], [6, 4], [7, 4], [5, 6], [4, 6], [8, 6], [9, 10], [11, 10], [12, 10], [13, 10], [10, 9], [11, 9], [12, 9], [13, 9], [10, 11], [9, 11], [14, 11], [12, 11], [11, 14], [12, 14], [15, 14], [16, 14], [17, 18], [19, 18], [20, 18], [21, 18], [22, 18], [18, 17], [19, 17], [20, 17], [21, 17], [18, 19], [17, 19], [20, 19], [23, 19], [18, 20], [17, 20], [19, 20], [23, 20], [24, 25], [23, 25], [26, 25], [27, 28], [29, 28], [30, 28], [3, 28], [28, 27], [2, 27], [3, 27], [28, 29], [7, 29], [30, 29], [5, 7], [4, 7], [29, 7], [8, 7], [30, 7], [6, 8], [7, 8], [31, 8], [32, 8], [33, 8], [8, 31], [32, 31], [33, 31], [1, 2], [0, 2], [27, 2], [3, 2], [28, 30], [29, 30], [7, 30], [1, 3], [0, 3], [28, 3], [27, 3], [2, 3], [8, 32], [31, 32], [33, 32], [8, 33], [31, 33], [32, 33], [10, 12], [9, 12], [11, 12], [14, 12], [13, 12], [15, 12], [16, 12], [10, 13], [9, 13], [12, 13], [24, 34], [23, 34], [26, 34], [35, 36], [37, 36], [38, 36], [39, 36], [14, 15], [12, 15], [40, 15], [16, 15], [25, 24], [34, 24], [23, 24], [26, 24], [19, 23], [20, 23], [25, 23], [34, 23], [24, 23], [26, 23], [18, 21], [17, 21], [22, 21], [39, 21], [18, 22], [21, 22], [38, 22], [39, 22], [15, 40], [35, 40], [16, 40], [36, 35], [40, 35], [37, 35], [38, 35], [36, 37], [35, 37], [38, 37], [14, 16], [12, 16], [15, 16], [40, 16], [25, 26], [34, 26], [24, 26], [23, 26], [36, 38], [22, 38], [35, 38], [37, 38], [39, 38], [36, 39], [21, 39], [22, 39], [38, 39]], "labels": {"0": "1", "1": "1", "2": "2", "3": "2", "4": "1", "5": "1", "6": "1", "7": "2", "8": "2", "9": "1", "10": "1", "11": "1", "12": "2", "13": "2", "14": "1", "15": "2", "16": "2", "17": "1", "18": "1", "19": "1", "20": "1", "21": "2", "22": "2", "23": "2", "24": "2", "25": "1", "26": "2", "27": "2", "28": "2", "29": "2", "30": "2", "31": "2", "32": "2", "33": "2", "34": "2", "35": "2", "36": "2", "37": "2", "38": "2", "39": "2", "40": "2"}, "target": 1}