{"edges": [[0, 1], [2, 1], [3, 1], [4, 5], [6, 5], [7, 5], [8, 9], [10, 9], [11, 9], [9, 8], [10, 8], [12, 8], [11, 8], [9, 10], [8, 10], [12, 10], [8, 12], [10, 12], [13, 12], [14, 12], [12, 13], [15, 13], [14, 13], [16, 13], [13, 15], [14, 15], [16, 15], [17, 15], [18, 15], [19, 20], [17, 20], [18, 20], [21, 20], [20, 19], [22, 19], [23, 19], [24, 19], [19, 22], [23, 22], [24, 22], [19, 23], [22, 23], [24, 23], [25, 23], [26, 23], [19, 24], [22, 24], [23, 24], [25, 24], [26, 24], [27, 24], [23, 25], [24, 25], [28, 25], [26, 25], [25, 28], [29, 28], [30, 28], [31, 28], [27, 28], [28, 29], [30, 29], [31, 29], [28, 30], [29, 30], [31, 30], [28, 31], [29, 31], [30, 31], [32, 31], [33, 31], [34, 31], [31, 32], [33, 32], [34, 32], [31, 33], [32, 33], [34, 33], [31, 34], [32, 34], [33, 34], [1, 0], [2, 0], [3, 0], [2, 35], [3, 35], [36, 35], [37, 35], [1, 2], [0, 2], [35, 2], [3, 2], [36, 2], [1, 3], [0, 3], [35, 3], [2, 3], [35, 36], [2, 36], [6, 36], [37, 36], [5, 4], [6, 4], [37, 4], [7, 4], [5, 6], [36, 6], [4, 6], [37, 6], [35, 37], [36, 37], [4, 37], [6, 37], [5, 7], [4, 7], [11, 7], [9, 11], [8, 11], [7, 11], [12, 14], [13, 14], [15, 14], [16, 14], [13, 16], [15, 16], [14, 16], [17, 16], [18, 16], [15, 17], [20, 17], [16, 17], [18, 17], [21, 17], [15, 18], [20, 18], [16, 18], [17, 18], [21, 18], [20, 21], [17, 21], [18, 21], [23, 26], [24, 26], [25, 26], [27, 26], [24, 27], [28, 27], [26, 27]], "labels": {"0": "2", "1": "1", "2": "2", "3": "2", "4": "2", "5": "1", "6": "2", "7": "2", "8": "1", "9": "1", "10": "1", "11": "2", "12": "1", "13": "1", "14": "2", "15": "1", "16": "2", "17": "2", "18": "2", "19": "1", "20": "1", "21": "2", "22": "1", "23": "1", "24": "1", "25": "1", "26": "2", "27": "2", "28": "1", "29": "1", "30": "1", "31": "1", "32": "1", "33": "1", "34": "1", "35": "2", "36": "2", "37": "2"}, "target": 1}