{"edges": [[0, 1], [2, 1], [3, 1], [1, 0], [2, 0], [4, 0], [5, 0], [6, 7], [8, 7], [9, 7], [10, 7], [7, 6], [11, 6], [12, 6], [13, 6], [6, 11], [8, 11], [14, 11], [15, 16], [17, 16], [18, 16], [16, 15], [17, 15], [19, 15], [20, 15], [16, 17], [15, 17], [21, 17], [22, 17], [1, 2], [0, 2], [3, 2], [23, 2], [24, 2], [25, 2], [1, 3], [2, 3], [4, 3], [26, 3], [27, 3], [9, 28], [29, 28], [30, 28], [7, 8], [11, 8], [12, 8], [31, 8], [6, 12], [8, 12], [32, 12], [15, 19], [33, 19], [18, 19], [34, 19], [19, 33], [21, 33], [20, 33], [35, 33], [17, 21], [33, 21], [36, 21], [37, 38], [23, 38], [39, 38], [25, 38], [38, 37], [40, 37], [24, 37], [37, 40], [4, 40], [26, 40], [2, 23], [38, 23], [24, 23], [0, 4], [3, 4], [40, 4], [41, 4], [42, 43], [9, 43], [44, 43], [43, 42], [5, 42], [45, 42], [44, 42], [27, 42], [0, 5], [42, 5], [44, 5], [11, 14], [46, 14], [47, 14], [14, 46], [48, 46], [32, 46], [49, 46], [46, 48], [18, 48], [47, 48], [34, 48], [6, 13], [50, 13], [51, 13], [7, 9], [28, 9], [43, 9], [10, 9], [30, 9], [13, 50], [52, 50], [31, 50], [50, 52], [10, 52], [30, 52], [7, 10], [9, 10], [52, 10], [29, 10], [53, 10], [16, 18], [19, 18], [48, 18], [49, 18], [15, 20], [33, 20], [22, 20], [36, 20], [17, 22], [20, 22], [35, 22], [36, 22], [2, 24], [37, 24], [23, 24], [39, 24], [25, 24], [38, 39], [24, 39], [41, 39], [4, 41], [39, 41], [26, 41], [2, 25], [38, 25], [24, 25], [3, 26], [40, 26], [41, 26], [42, 45], [44, 45], [29, 45], [43, 44], [42, 44], [5, 44], [45, 44], [27, 44], [3, 27], [42, 27], [44, 27], [12, 32], [46, 32], [47, 32], [14, 47], [48, 47], [32, 47], [49, 47], [46, 49], [18, 49], [47, 49], [34, 49], [8, 31], [50, 31], [51, 31], [28, 29], [10, 29], [45, 29], [30, 29], [13, 51], [31, 51], [53, 51], [10, 53], [51, 53], [30, 53], [28, 30], [9, 30], [52, 30], [29, 30], [53, 30], [19, 34], [48, 34], [49, 34], [33, 35], [22, 35], [36, 35], [21, 36], [20, 36], [22, 36], [35, 36]], "labels": {"0": "1", "1": "1", "2": "1", "3": "1", "4": "2", "5": "2", "6": "1", "7": "1", "8": "1", "9": "2", "10": "2", "11": "1", "12": "1", "13": "2", "14": "2", "15": "1", "16": "1", "17": "1", "18": "2", "19": "1", "20": "2", "21": "1", "22": "2", "23": "2", "24": "2", "25": "2", "26": "2", "27": "2", "28": "1", "29": "2", "30": "2", "31": "2", "32": "2", "33": "1", "34": "2", "35": "2", "36": "2", "37": "2", "38": "2", "39": "2", "40": "2", "41": "2", "42": "2", "43": "2", "44": "2", "45": "2", "46": "2", "47": "2", "48": "2", "49": "2", "50": "2", "51": "2", "52": "2", "53": "2"}, "target": 1}