{"edges": [[0, 1], [2, 1], [3, 1], [1, 0], [2, 0], [3, 0], [4, 5], [3, 5], [6, 5], [5, 4], [7, 4], [6, 4], [4, 7], [8, 7], [6, 7], [9, 7], [7, 8], [10, 8], [11, 8], [9, 8], [8, 10], [11, 10], [12, 10], [9, 10], [8, 11], [10, 11], [12, 11], [13, 11], [14, 11], [9, 11], [10, 12], [11, 12], [13, 12], [14, 12], [11, 13], [12, 13], [14, 13], [11, 14], [12, 14], [13, 14], [15, 14], [16, 14], [14, 15], [17, 15], [16, 15], [18, 19], [20, 19], [21, 19], [17, 19], [19, 18], [20, 18], [21, 18], [19, 20], [18, 20], [21, 20], [19, 21], [18, 21], [20, 21], [22, 21], [23, 21], [24, 21], [21, 22], [23, 22], [24, 22], [21, 23], [22, 23], [24, 23], [21, 24], [22, 24], [23, 24], [1, 2], [0, 2], [3, 2], [15, 17], [19, 17], [16, 17], [14, 16], [15, 16], [17, 16], [1, 3], [0, 3], [5, 3], [2, 3], [6, 3], [5, 6], [4, 6], [7, 6], [3, 6], [7, 9], [8, 9], [10, 9], [11, 9]], "labels": {"0": "1", "1": "1", "2": "2", "3": "2", "4": "1", "5": "1", "6": "2", "7": "1", "8": "1", "9": "2", "10": "1", "11": "1", "12": "1", "13": "1", "14": "1", "15": "1", "16": "2", "17": "2", "18": "1", "19": "1", "20": "1", "21": "1", "22": "1", "23": "1", "24": "1"}, "target": 6}