{"edges": [[0, 1], [2, 1], [3, 1], [1, 0], [2, 0], [4, 0], [5, 0], [6, 0], [1, 2], [0, 2], [4, 2], [0, 4], [2, 4], [7, 4], [8, 4], [9, 10], [11, 10], [12, 10], [8, 10], [10, 9], [13, 9], [14, 9], [12, 9], [9, 13], [15, 13], [14, 13], [11, 13], [16, 13], [17, 13], [13, 15], [18, 15], [12, 15], [17, 15], [15, 18], [19, 18], [20, 18], [18, 19], [21, 19], [19, 21], [22, 21], [23, 21], [24, 21], [21, 22], [23, 22], [25, 22], [24, 22], [21, 23], [22, 23], [26, 23], [27, 23], [28, 23], [29, 23], [30, 23], [23, 26], [31, 26], [32, 26], [29, 26], [26, 31], [27, 31], [28, 31], [0, 5], [3, 5], [33, 5], [34, 5], [35, 5], [1, 3], [5, 3], [33, 3], [7, 3], [35, 3], [5, 33], [3, 33], [7, 33], [4, 7], [3, 7], [33, 7], [36, 7], [9, 14], [13, 14], [11, 14], [36, 14], [10, 11], [13, 11], [14, 11], [12, 11], [10, 12], [9, 12], [15, 12], [11, 12], [16, 12], [37, 12], [13, 16], [12, 16], [38, 16], [37, 16], [16, 38], [20, 38], [18, 20], [38, 20], [25, 20], [22, 25], [20, 25], [24, 25], [39, 25], [21, 24], [22, 24], [25, 24], [39, 24], [32, 24], [25, 39], [24, 39], [32, 39], [26, 32], [24, 32], [39, 32], [27, 32], [30, 32], [23, 27], [31, 27], [32, 27], [28, 27], [30, 27], [23, 28], [31, 28], [27, 28], [29, 28], [30, 28], [23, 29], [26, 29], [28, 29], [30, 29], [13, 17], [15, 17], [8, 17], [36, 17], [6, 40], [35, 40], [4, 8], [10, 8], [17, 8], [37, 8], [0, 6], [40, 6], [34, 6], [35, 6], [23, 30], [32, 30], [27, 30], [28, 30], [29, 30], [12, 37], [16, 37], [8, 37], [36, 37], [5, 34], [6, 34], [35, 34], [7, 36], [14, 36], [17, 36], [37, 36], [5, 35], [3, 35], [40, 35], [6, 35], [34, 35]], "labels": {"0": "1", "1": "1", "2": "1", "3": "1", "4": "1", "5": "1", "6": "2", "7": "1", "8": "2", "9": "1", "10": "1", "11": "1", "12": "1", "13": "1", "14": "1", "15": "1", "16": "1", "17": "2", "18": "1", "19": "1", "20": "1", "21": "1", "22": "1", "23": "1", "24": "1", "25": "1", "26": "1", "27": "1", "28": "1", "29": "2", "30": "2", "31": "1", "32": "1", "33": "1", "34": "2", "35": "2", "36": "2", "37": "2", "38": "1", "39": "1", "40": "2"}, "target": 2}