{"edges": [[0, 1], [2, 1], [3, 1], [1, 0], [2, 0], [4, 0], [5, 0], [1, 2], [0, 2], [6, 2], [4, 2], [7, 2], [2, 6], [8, 6], [9, 6], [4, 6], [7, 6], [6, 8], [10, 8], [11, 8], [12, 13], [14, 13], [15, 13], [13, 12], [14, 12], [16, 12], [17, 12], [13, 14], [12, 14], [16, 14], [18, 14], [19, 14], [20, 14], [21, 22], [23, 22], [20, 22], [24, 22], [22, 21], [25, 21], [21, 25], [26, 25], [27, 25], [25, 26], [28, 26], [29, 26], [26, 28], [29, 28], [30, 28], [26, 29], [28, 29], [31, 29], [32, 29], [33, 34], [35, 34], [30, 34], [36, 34], [34, 33], [35, 33], [37, 33], [38, 33], [34, 35], [33, 35], [39, 35], [37, 35], [38, 35], [40, 41], [42, 41], [10, 41], [43, 41], [41, 40], [42, 40], [10, 40], [7, 40], [41, 42], [40, 42], [10, 42], [7, 42], [8, 10], [41, 10], [40, 10], [42, 10], [9, 10], [6, 9], [10, 9], [44, 9], [12, 16], [14, 16], [18, 16], [45, 16], [14, 18], [16, 18], [17, 18], [12, 17], [18, 17], [19, 17], [46, 17], [14, 19], [17, 19], [23, 19], [47, 19], [22, 23], [19, 23], [48, 23], [23, 48], [27, 48], [49, 48], [25, 27], [48, 27], [49, 27], [50, 27], [48, 49], [27, 49], [50, 49], [30, 49], [27, 50], [49, 50], [30, 50], [28, 30], [34, 30], [49, 30], [50, 30], [51, 30], [29, 31], [39, 31], [37, 31], [52, 31], [35, 39], [31, 39], [37, 39], [53, 39], [33, 37], [35, 37], [31, 37], [39, 37], [53, 37], [29, 32], [36, 32], [38, 32], [53, 32], [14, 20], [22, 20], [24, 20], [1, 3], [5, 3], [43, 3], [13, 15], [11, 15], [44, 15], [0, 4], [2, 4], [6, 4], [34, 36], [32, 36], [38, 36], [53, 36], [22, 24], [20, 24], [0, 5], [3, 5], [54, 5], [33, 38], [35, 38], [32, 38], [36, 38], [8, 11], [15, 11], [45, 11], [44, 11], [30, 51], [52, 51], [19, 47], [46, 47], [5, 54], [43, 54], [16, 45], [11, 45], [44, 45], [2, 7], [6, 7], [40, 7], [42, 7], [31, 52], [51, 52], [17, 46], [47, 46], [41, 43], [3, 43], [54, 43], [39, 53], [37, 53], [32, 53], [36, 53], [9, 44], [15, 44], [11, 44], [45, 44]], "labels": {"0": "1", "1": "1", "2": "1", "3": "2", "4": "2", "5": "2", "6": "1", "7": "2", "8": "1", "9": "1", "10": "1", "11": "2", "12": "1", "13": "1", "14": "1", "15": "2", "16": "1", "17": "1", "18": "1", "19": "1", "20": "2", "21": "1", "22": "1", "23": "1", "24": "2", "25": "1", "26": "1", "27": "1", "28": "1", "29": "1", "30": "1", "31": "1", "32": "2", "33": "1", "34": "1", "35": "1", "36": "2", "37": "1", "38": "2", "39": "1", "40": "1", "41": "1", "42": "1", "43": "2", "44": "2", "45": "2", "46": "2", "47": "2", "48": "1", "49": "1", "50": "1", "51": "2", "52": "2", "53": "2", "54": "2"}, "target": 2}