{"edges": [[0, 1], [2, 1], [3, 1], [4, 1], [5, 1], [6, 1], [7, 8], [0, 8], [3, 8], [8, 7], [9, 7], [10, 7], [7, 9], [11, 9], [9, 11], [12, 11], [13, 11], [11, 12], [13, 12], [14, 12], [15, 16], [14, 16], [17, 16], [18, 19], [20, 19], [17, 19], [21, 19], [22, 19], [19, 18], [23, 18], [15, 18], [24, 18], [18, 23], [20, 23], [25, 23], [26, 27], [25, 27], [28, 27], [29, 27], [27, 26], [25, 26], [28, 26], [30, 31], [32, 31], [3, 31], [4, 31], [31, 30], [33, 30], [34, 30], [35, 30], [3, 30], [30, 33], [36, 33], [32, 33], [10, 33], [33, 36], [37, 36], [35, 36], [36, 37], [38, 37], [39, 37], [37, 38], [13, 38], [40, 38], [41, 42], [15, 42], [40, 42], [21, 42], [42, 41], [43, 41], [44, 41], [21, 41], [41, 43], [45, 43], [24, 43], [43, 45], [46, 45], [28, 45], [47, 48], [49, 48], [28, 48], [48, 47], [46, 47], [49, 47], [30, 34], [32, 34], [5, 34], [6, 34], [31, 32], [33, 32], [34, 32], [35, 32], [5, 32], [30, 35], [36, 35], [32, 35], [10, 35], [7, 10], [33, 10], [35, 10], [13, 10], [11, 13], [12, 13], [38, 13], [10, 13], [39, 13], [37, 39], [13, 39], [50, 39], [41, 44], [15, 44], [50, 44], [22, 44], [16, 15], [18, 15], [42, 15], [44, 15], [20, 15], [17, 15], [21, 15], [22, 15], [19, 20], [23, 20], [15, 20], [24, 20], [18, 24], [43, 24], [20, 24], [46, 24], [29, 24], [45, 46], [47, 46], [24, 46], [49, 46], [29, 46], [48, 49], [47, 49], [46, 49], [1, 0], [8, 0], [2, 0], [3, 0], [12, 14], [16, 14], [17, 14], [40, 14], [1, 2], [0, 2], [16, 17], [19, 17], [15, 17], [14, 17], [40, 17], [50, 17], [23, 25], [27, 25], [26, 25], [29, 25], [1, 3], [8, 3], [31, 3], [30, 3], [0, 3], [5, 3], [38, 40], [42, 40], [14, 40], [17, 40], [50, 40], [1, 4], [31, 4], [19, 21], [42, 21], [41, 21], [15, 21], [27, 28], [26, 28], [45, 28], [48, 28], [29, 28], [1, 5], [34, 5], [32, 5], [3, 5], [39, 50], [44, 50], [17, 50], [40, 50], [1, 6], [34, 6], [19, 22], [44, 22], [15, 22], [27, 29], [24, 29], [46, 29], [25, 29], [28, 29]], "labels": {"0": "2", "1": "1", "2": "2", "3": "2", "4": "2", "5": "2", "6": "2", "7": "1", "8": "1", "9": "1", "10": "1", "11": "1", "12": "1", "13": "1", "14": "2", "15": "1", "16": "1", "17": "2", "18": "1", "19": "1", "20": "1", "21": "2", "22": "2", "23": "1", "24": "1", "25": "2", "26": "1", "27": "1", "28": "2", "29": "2", "30": "1", "31": "1", "32": "1", "33": "1", "34": "1", "35": "1", "36": "1", "37": "1", "38": "1", "39": "1", "40": "2", "41": "1", "42": "1", "43": "1", "44": "1", "45": "1", "46": "1", "47": "1", "48": "1", "49": "1", "50": "2"}, "target": 2}