{"edges": [[0, 1], [2, 1], [3, 1], [1, 0], [2, 0], [3, 0], [4, 0], [1, 2], [0, 2], [5, 2], [3, 2], [6, 2], [4, 2], [2, 5], [7, 5], [8, 5], [6, 5], [5, 7], [9, 7], [10, 7], [11, 7], [7, 9], [12, 9], [11, 9], [13, 9], [9, 12], [14, 12], [15, 12], [16, 12], [13, 12], [12, 14], [15, 14], [17, 14], [12, 15], [14, 15], [18, 15], [17, 15], [1, 3], [0, 3], [2, 3], [10, 3], [19, 3], [20, 3], [21, 3], [7, 10], [3, 10], [8, 10], [20, 10], [5, 8], [10, 8], [22, 8], [23, 8], [8, 22], [24, 22], [23, 22], [25, 22], [22, 24], [16, 24], [25, 24], [12, 16], [24, 16], [18, 16], [26, 16], [27, 16], [28, 16], [15, 18], [16, 18], [27, 18], [17, 18], [28, 18], [3, 19], [29, 19], [30, 19], [31, 19], [19, 29], [32, 29], [30, 29], [33, 29], [31, 29], [29, 32], [34, 32], [35, 32], [33, 32], [32, 34], [36, 34], [37, 34], [38, 34], [34, 36], [26, 36], [38, 36], [39, 36], [16, 26], [36, 26], [40, 26], [39, 26], [26, 40], [27, 40], [41, 40], [16, 27], [18, 27], [40, 27], [42, 27], [41, 27], [19, 30], [29, 30], [37, 30], [43, 30], [44, 30], [34, 37], [30, 37], [35, 37], [43, 37], [32, 35], [37, 35], [45, 35], [46, 35], [35, 45], [47, 45], [48, 45], [46, 45], [49, 45], [45, 47], [48, 47], [42, 47], [49, 47], [45, 48], [47, 48], [42, 48], [50, 48], [27, 42], [47, 42], [48, 42], [50, 42], [2, 6], [5, 6], [7, 11], [9, 11], [0, 4], [2, 4], [9, 13], [12, 13], [14, 17], [15, 17], [18, 17], [50, 17], [3, 20], [10, 20], [8, 23], [22, 23], [3, 21], [22, 25], [24, 25], [16, 28], [18, 28], [50, 28], [29, 33], [32, 33], [34, 38], [36, 38], [19, 31], [29, 31], [36, 39], [26, 39], [40, 41], [27, 41], [50, 41], [30, 43], [37, 43], [35, 46], [45, 46], [30, 44], [45, 49], [47, 49], [48, 50], [42, 50], [17, 50], [28, 50], [41, 50]], "labels": {"0": "1", "1": "1", "2": "1", "3": "1", "4": "2", "5": "1", "6": "2", "7": "1", "8": "1", "9": "1", "10": "1", "11": "2", "12": "1", "13": "2", "14": "1", "15": "1", "16": "1", "17": "2", "18": "1", "19": "1", "20": "2", "21": "2", "22": "1", "23": "2", "24": "1", "25": "2", "26": "1", "27": "1", "28": "2", "29": "1", "30": "1", "31": "2", "32": "1", "33": "2", "34": "1", "35": "1", "36": "1", "37": "1", "38": "2", "39": "2", "40": "1", "41": "2", "42": "1", "43": "2", "44": "2", "45": "1", "46": "2", "47": "1", "48": "1", "49": "2", "50": "2"}, "target": 2}