{"edges": [[0, 1], [2, 1], [3, 1], [1, 0], [4, 0], [5, 0], [6, 0], [0, 4], [5, 4], [6, 4], [0, 5], [4, 5], [7, 5], [8, 5], [5, 7], [9, 7], [10, 7], [8, 7], [7, 9], [10, 9], [11, 9], [12, 9], [7, 10], [9, 10], [11, 10], [13, 10], [9, 11], [10, 11], [14, 11], [15, 11], [11, 14], [16, 14], [17, 14], [18, 14], [14, 16], [17, 16], [19, 16], [14, 17], [16, 17], [19, 17], [20, 17], [16, 19], [17, 19], [20, 19], [21, 19], [17, 20], [19, 20], [22, 20], [23, 20], [24, 20], [20, 22], [25, 22], [26, 22], [9, 12], [8, 12], [13, 12], [15, 12], [27, 12], [18, 12], [22, 25], [26, 25], [21, 25], [23, 25], [24, 25], [2, 28], [29, 28], [3, 28], [1, 2], [28, 2], [30, 2], [6, 2], [29, 2], [3, 2], [5, 8], [7, 8], [12, 8], [13, 8], [2, 30], [6, 30], [3, 30], [0, 6], [4, 6], [2, 6], [30, 6], [3, 6], [10, 13], [12, 13], [8, 13], [15, 13], [22, 26], [25, 26], [23, 26], [24, 26], [28, 29], [2, 29], [3, 29], [1, 3], [28, 3], [2, 3], [30, 3], [6, 3], [29, 3], [11, 15], [12, 15], [13, 15], [27, 15], [18, 15], [12, 27], [15, 27], [18, 27], [19, 21], [25, 21], [23, 21], [24, 21], [20, 23], [25, 23], [26, 23], [21, 23], [24, 23], [14, 18], [12, 18], [15, 18], [27, 18], [20, 24], [25, 24], [26, 24], [21, 24], [23, 24]], "labels": {"0": "1", "1": "1", "2": "2", "3": "2", "4": "1", "5": "1", "6": "2", "7": "1", "8": "2", "9": "1", "10": "1", "11": "1", "12": "2", "13": "2", "14": "1", "15": "2", "16": "1", "17": "1", "18": "2", "19": "1", "20": "1", "21": "2", "22": "1", "23": "2", "24": "2", "25": "2", "26": "2", "27": "2", "28": "2", "29": "2", "30": "2"}, "target": 2}