{"edges": [[0, 1], [2, 1], [3, 1], [4, 1], [1, 0], [5, 0], [6, 0], [7, 0], [0, 5], [6, 5], [8, 5], [0, 6], [5, 6], [8, 6], [9, 6], [5, 8], [6, 8], [10, 8], [9, 8], [8, 10], [11, 10], [12, 10], [10, 11], [12, 11], [13, 11], [10, 12], [11, 12], [14, 12], [15, 12], [13, 12], [16, 12], [17, 12], [12, 14], [15, 14], [18, 14], [17, 14], [12, 15], [14, 15], [18, 15], [19, 15], [14, 18], [15, 18], [19, 18], [20, 18], [15, 19], [18, 19], [20, 19], [18, 20], [19, 20], [21, 20], [22, 20], [20, 21], [23, 21], [24, 21], [1, 2], [3, 2], [25, 2], [4, 2], [1, 3], [2, 3], [26, 3], [7, 3], [25, 3], [4, 3], [6, 9], [8, 9], [26, 9], [7, 9], [3, 26], [9, 26], [7, 26], [4, 26], [0, 7], [3, 7], [9, 7], [26, 7], [4, 7], [2, 25], [3, 25], [4, 25], [1, 4], [2, 4], [3, 4], [26, 4], [7, 4], [25, 4], [11, 13], [12, 13], [16, 13], [17, 13], [12, 16], [13, 16], [17, 16], [20, 22], [23, 22], [24, 22], [21, 23], [22, 23], [24, 23], [12, 17], [14, 17], [13, 17], [16, 17], [21, 24], [22, 24], [23, 24]], "labels": {"0": "1", "1": "1", "2": "2", "3": "2", "4": "2", "5": "1", "6": "1", "7": "2", "8": "1", "9": "2", "10": "1", "11": "1", "12": "1", "13": "2", "14": "1", "15": "1", "16": "2", "17": "2", "18": "1", "19": "1", "20": "1", "21": "1", "22": "2", "23": "2", "24": "2", "25": "2", "26": "2"}, "target": 2}