{"edges": [[0, 1], [2, 1], [3, 1], [4, 1], [5, 6], [7, 6], [4, 6], [8, 6], [6, 5], [9, 5], [8, 5], [5, 9], [10, 9], [11, 9], [12, 9], [9, 10], [13, 10], [14, 10], [11, 10], [12, 10], [10, 13], [14, 13], [15, 13], [10, 14], [13, 14], [15, 14], [13, 15], [14, 15], [16, 15], [15, 16], [17, 16], [18, 16], [16, 17], [18, 17], [19, 17], [20, 17], [16, 18], [17, 18], [19, 18], [20, 18], [17, 19], [18, 19], [20, 19], [17, 20], [18, 20], [19, 20], [1, 0], [2, 0], [3, 0], [1, 2], [0, 2], [3, 2], [1, 3], [0, 3], [2, 3], [4, 3], [6, 7], [4, 7], [8, 7], [1, 4], [6, 4], [3, 4], [7, 4], [8, 4], [6, 8], [5, 8], [7, 8], [4, 8], [9, 11], [10, 11], [12, 11], [9, 12], [10, 12], [11, 12]], "labels": {"0": "2", "1": "1", "2": "2", "3": "2", "4": "2", "5": "1", "6": "1", "7": "2", "8": "2", "9": "1", "10": "1", "11": "2", "12": "2", "13": "1", "14": "1", "15": "1", "16": "1", "17": "1", "18": "1", "19": "1", "20": "1"}, "target": 2}