{"edges": [[0, 1], [2, 1], [3, 1], [1, 0], [4, 0], [2, 0], [0, 4], [2, 4], [5, 4], [1, 2], [0, 2], [4, 2], [6, 2], [3, 2], [7, 2], [2, 6], [3, 6], [7, 6], [8, 9], [5, 9], [10, 9], [11, 9], [9, 8], [5, 8], [10, 8], [11, 8], [4, 5], [9, 5], [8, 5], [11, 5], [1, 3], [2, 3], [6, 3], [7, 3], [2, 7], [6, 7], [3, 7], [9, 10], [8, 10], [11, 10], [9, 11], [8, 11], [5, 11], [10, 11]], "labels": {"0": "1", "1": "1", "2": "2", "3": "2", "4": "1", "5": "2", "6": "2", "7": "2", "8": "2", "9": "2", "10": "2", "11": "2"}, "target": 2}