{"edges": [[0, 1], [2, 1], [3, 1], [4, 1], [1, 0], [2, 0], [5, 0], [3, 0], [6, 0], [7, 0], [1, 2], [0, 2], [5, 2], [8, 2], [7, 2], [9, 2], [10, 2], [0, 5], [2, 5], [8, 5], [9, 5], [2, 8], [5, 8], [9, 8], [11, 8], [12, 13], [14, 13], [15, 13], [16, 13], [13, 12], [14, 12], [15, 12], [11, 12], [17, 12], [16, 12], [13, 14], [12, 14], [15, 14], [13, 15], [12, 15], [14, 15], [18, 15], [15, 18], [19, 18], [20, 18], [18, 19], [20, 19], [21, 19], [22, 19], [18, 20], [19, 20], [21, 20], [22, 20], [23, 20], [19, 21], [20, 21], [22, 21], [23, 21], [19, 22], [20, 22], [21, 22], [23, 22], [1, 3], [0, 3], [6, 3], [7, 3], [4, 3], [0, 6], [3, 6], [7, 6], [4, 6], [0, 7], [2, 7], [3, 7], [6, 7], [9, 7], [10, 7], [2, 9], [5, 9], [8, 9], [7, 9], [10, 9], [2, 10], [7, 10], [9, 10], [20, 23], [21, 23], [22, 23], [8, 11], [12, 11], [17, 11], [16, 11], [12, 17], [11, 17], [16, 17], [13, 16], [12, 16], [11, 16], [17, 16], [1, 4], [3, 4], [6, 4]], "labels": {"0": "1", "1": "1", "2": "1", "3": "2", "4": "2", "5": "1", "6": "2", "7": "2", "8": "1", "9": "2", "10": "2", "11": "2", "12": "1", "13": "1", "14": "1", "15": "1", "16": "2", "17": "2", "18": "1", "19": "1", "20": "1", "21": "1", "22": "1", "23": "2"}, "target": 2}