{"edges": [[0, 1], [2, 1], [3, 1], [4, 1], [1, 0], [5, 0], [6, 0], [7, 0], [0, 5], [6, 5], [8, 5], [0, 6], [5, 6], [8, 6], [9, 6], [10, 6], [5, 8], [6, 8], [9, 8], [11, 8], [12, 8], [6, 9], [8, 9], [11, 9], [13, 9], [8, 11], [9, 11], [13, 11], [9, 13], [11, 13], [14, 13], [13, 14], [15, 14], [16, 14], [14, 15], [16, 15], [17, 15], [14, 16], [15, 16], [17, 16], [15, 17], [16, 17], [18, 17], [17, 18], [19, 18], [20, 18], [18, 19], [20, 19], [21, 19], [22, 19], [23, 19], [18, 20], [19, 20], [21, 20], [19, 21], [20, 21], [22, 21], [23, 21], [19, 22], [21, 22], [23, 22], [19, 23], [21, 23], [22, 23], [24, 25], [26, 25], [2, 25], [25, 24], [26, 24], [2, 24], [3, 24], [25, 26], [24, 26], [2, 26], [3, 26], [1, 2], [25, 2], [24, 2], [26, 2], [3, 2], [1, 3], [24, 3], [26, 3], [2, 3], [4, 3], [4, 27], [7, 27], [10, 27], [1, 4], [3, 4], [27, 4], [7, 4], [0, 7], [27, 7], [4, 7], [10, 7], [12, 7], [6, 10], [27, 10], [7, 10], [12, 10], [8, 12], [7, 12], [10, 12]], "labels": {"0": "1", "1": "1", "2": "2", "3": "2", "4": "2", "5": "1", "6": "1", "7": "2", "8": "1", "9": "1", "10": "2", "11": "1", "12": "2", "13": "1", "14": "1", "15": "1", "16": "1", "17": "1", "18": "1", "19": "1", "20": "1", "21": "1", "22": "1", "23": "1", "24": "2", "25": "2", "26": "2", "27": "2"}, "target": 2}