{"edges": [[0, 1], [2, 1], [3, 1], [4, 5], [6, 5], [3, 5], [1, 0], [2, 0], [3, 0], [4, 7], [8, 7], [9, 7], [6, 7], [10, 7], [11, 7], [5, 4], [7, 4], [9, 4], [6, 4], [7, 8], [9, 8], [10, 8], [11, 8], [1, 2], [0, 2], [3, 2], [7, 9], [4, 9], [8, 9], [6, 9], [5, 6], [7, 6], [4, 6], [9, 6], [7, 10], [8, 10], [11, 10], [1, 3], [5, 3], [0, 3], [2, 3], [7, 11], [8, 11], [10, 11]], "labels": {"0": "3", "1": "3", "2": "3", "3": "4", "4": "4", "5": "3", "6": "4", "7": "6", "8": "4", "9": "4", "10": "3", "11": "3"}, "target": 2}