{"edges": [[0, 1], [2, 1], [3, 1], [4, 5], [6, 5], [7, 5], [5, 4], [8, 4], [6, 4], [7, 4], [9, 4], [4, 8], [10, 8], [11, 8], [9, 8], [12, 8], [8, 10], [11, 10], [13, 10], [14, 10], [12, 10], [8, 11], [10, 11], [13, 11], [14, 11], [10, 13], [11, 13], [14, 13], [10, 14], [11, 14], [13, 14], [15, 14], [14, 15], [16, 15], [17, 15], [15, 16], [17, 16], [18, 16], [15, 17], [16, 17], [18, 17], [16, 18], [17, 18], [19, 18], [20, 18], [18, 19], [20, 19], [21, 19], [22, 19], [18, 20], [19, 20], [21, 20], [22, 20], [23, 20], [19, 21], [20, 21], [22, 21], [23, 21], [24, 21], [19, 22], [20, 22], [21, 22], [23, 22], [24, 22], [20, 23], [21, 23], [22, 23], [24, 23], [21, 24], [22, 24], [23, 24], [25, 26], [27, 26], [0, 26], [26, 25], [27, 25], [0, 25], [26, 27], [25, 27], [0, 27], [2, 27], [1, 0], [26, 0], [25, 0], [27, 0], [2, 0], [1, 2], [27, 2], [0, 2], [3, 2], [5, 6], [4, 6], [3, 6], [7, 6], [1, 3], [2, 3], [6, 3], [7, 3], [5, 7], [4, 7], [6, 7], [3, 7], [4, 9], [8, 9], [12, 9], [8, 12], [10, 12], [9, 12]], "labels": {"0": "2", "1": "1", "2": "2", "3": "2", "4": "1", "5": "1", "6": "2", "7": "2", "8": "1", "9": "2", "10": "1", "11": "1", "12": "2", "13": "1", "14": "1", "15": "1", "16": "1", "17": "1", "18": "1", "19": "1", "20": "1", "21": "1", "22": "1", "23": "1", "24": "1", "25": "2", "26": "2", "27": "2"}, "target": 2}