{"edges": [[0, 1], [2, 1], [3, 1], [1, 0], [2, 0], [3, 0], [1, 2], [0, 2], [4, 2], [3, 2], [5, 2], [2, 4], [5, 4], [6, 4], [7, 8], [9, 8], [10, 8], [11, 12], [10, 12], [13, 12], [12, 11], [14, 11], [13, 11], [15, 11], [11, 14], [16, 14], [13, 14], [15, 14], [14, 16], [17, 16], [15, 16], [18, 16], [16, 17], [15, 17], [18, 17], [19, 20], [18, 20], [21, 20], [20, 19], [22, 19], [21, 19], [19, 22], [23, 22], [21, 22], [22, 23], [24, 23], [25, 23], [23, 24], [26, 24], [25, 24], [27, 24], [24, 26], [28, 26], [27, 26], [29, 26], [26, 28], [29, 28], [30, 28], [31, 28], [1, 3], [0, 3], [2, 3], [5, 3], [2, 5], [4, 5], [3, 5], [4, 6], [32, 6], [33, 6], [6, 32], [33, 32], [34, 32], [6, 33], [32, 33], [34, 33], [35, 33], [32, 34], [33, 34], [35, 34], [33, 35], [34, 35], [36, 35], [35, 36], [37, 36], [38, 36], [36, 37], [38, 37], [7, 37], [36, 38], [37, 38], [7, 38], [9, 38], [8, 7], [37, 7], [38, 7], [9, 7], [8, 9], [38, 9], [7, 9], [8, 10], [12, 10], [13, 10], [12, 13], [11, 13], [14, 13], [10, 13], [11, 15], [14, 15], [16, 15], [17, 15], [16, 18], [17, 18], [20, 18], [20, 21], [19, 21], [22, 21], [23, 25], [24, 25], [27, 25], [24, 27], [26, 27], [25, 27], [29, 27], [26, 29], [28, 29], [27, 29], [30, 29], [31, 29], [28, 30], [29, 30], [31, 30], [28, 31], [29, 31], [30, 31]], "labels": {"0": "1", "1": "1", "2": "1", "3": "2", "4": "1", "5": "2", "6": "2", "7": "2", "8": "1", "9": "2", "10": "2", "11": "1", "12": "1", "13": "2", "14": "1", "15": "2", "16": "1", "17": "1", "18": "2", "19": "1", "20": "1", "21": "2", "22": "1", "23": "1", "24": "1", "25": "2", "26": "1", "27": "2", "28": "1", "29": "2", "30": "2", "31": "2", "32": "2", "33": "2", "34": "2", "35": "2", "36": "2", "37": "2", "38": "2"}, "target": 2}