{"edges": [[0, 1], [2, 1], [3, 1], [1, 0], [4, 0], [2, 0], [5, 0], [3, 0], [6, 7], [8, 7], [4, 7], [9, 7], [5, 7], [7, 6], [9, 6], [10, 6], [11, 6], [12, 6], [13, 14], [10, 14], [15, 14], [12, 14], [16, 14], [14, 13], [17, 13], [15, 13], [16, 13], [13, 17], [18, 17], [19, 17], [20, 21], [22, 21], [23, 21], [24, 21], [21, 20], [22, 20], [25, 20], [23, 20], [21, 22], [20, 22], [26, 22], [22, 26], [27, 26], [28, 26], [29, 26], [26, 27], [30, 27], [28, 27], [29, 27], [31, 32], [33, 32], [3, 32], [32, 31], [33, 31], [8, 31], [5, 31], [3, 31], [32, 33], [31, 33], [8, 33], [5, 33], [11, 33], [7, 8], [31, 8], [33, 8], [34, 8], [11, 8], [12, 8], [8, 34], [35, 34], [36, 34], [12, 34], [16, 34], [34, 35], [36, 35], [16, 35], [34, 36], [35, 36], [25, 36], [19, 36], [20, 25], [36, 25], [37, 25], [38, 25], [24, 25], [25, 37], [38, 37], [39, 37], [25, 38], [37, 38], [39, 38], [30, 38], [37, 39], [38, 39], [30, 39], [27, 30], [38, 30], [39, 30], [29, 30], [0, 4], [7, 4], [2, 4], [9, 4], [3, 4], [11, 4], [1, 2], [0, 2], [4, 2], [7, 9], [6, 9], [4, 9], [5, 9], [6, 10], [14, 10], [14, 15], [13, 15], [17, 18], [40, 18], [41, 18], [18, 40], [23, 40], [19, 40], [24, 40], [21, 23], [20, 23], [40, 23], [41, 23], [26, 28], [27, 28], [29, 28], [0, 5], [7, 5], [31, 5], [33, 5], [9, 5], [11, 5], [1, 3], [0, 3], [32, 3], [31, 3], [4, 3], [6, 11], [33, 11], [8, 11], [4, 11], [5, 11], [6, 12], [14, 12], [8, 12], [34, 12], [14, 16], [13, 16], [34, 16], [35, 16], [17, 19], [36, 19], [40, 19], [41, 19], [18, 41], [23, 41], [19, 41], [24, 41], [21, 24], [25, 24], [40, 24], [41, 24], [26, 29], [27, 29], [30, 29], [28, 29]], "labels": {"0": "1", "1": "1", "2": "2", "3": "2", "4": "2", "5": "2", "6": "1", "7": "1", "8": "1", "9": "2", "10": "2", "11": "2", "12": "2", "13": "1", "14": "1", "15": "2", "16": "2", "17": "1", "18": "2", "19": "2", "20": "1", "21": "1", "22": "1", "23": "2", "24": "2", "25": "1", "26": "1", "27": "1", "28": "2", "29": "2", "30": "1", "31": "1", "32": "1", "33": "1", "34": "1", "35": "1", "36": "1", "37": "1", "38": "1", "39": "1", "40": "2", "41": "2"}, "target": 2}