{"edges": [[0, 1], [2, 1], [3, 1], [4, 5], [0, 5], [6, 5], [7, 5], [5, 4], [7, 4], [8, 4], [8, 9], [10, 9], [11, 9], [12, 13], [14, 13], [15, 13], [13, 12], [16, 12], [17, 12], [15, 12], [12, 16], [18, 16], [17, 16], [19, 16], [20, 16], [16, 18], [21, 18], [22, 18], [19, 18], [20, 18], [18, 21], [22, 21], [20, 21], [18, 22], [21, 22], [20, 22], [1, 0], [5, 0], [6, 0], [2, 0], [3, 0], [5, 6], [0, 6], [2, 6], [7, 6], [1, 2], [0, 2], [6, 2], [3, 2], [1, 3], [0, 3], [2, 3], [5, 7], [4, 7], [6, 7], [8, 7], [4, 8], [9, 8], [7, 8], [9, 10], [14, 10], [11, 10], [13, 14], [10, 14], [11, 14], [15, 14], [9, 11], [10, 11], [14, 11], [15, 11], [12, 17], [16, 17], [15, 17], [19, 17], [13, 15], [12, 15], [14, 15], [11, 15], [17, 15], [16, 19], [18, 19], [17, 19], [20, 19], [16, 20], [18, 20], [21, 20], [22, 20], [19, 20]], "labels": {"0": "2", "1": "1", "2": "2", "3": "2", "4": "1", "5": "1", "6": "2", "7": "2", "8": "2", "9": "1", "10": "2", "11": "2", "12": "1", "13": "1", "14": "2", "15": "2", "16": "1", "17": "2", "18": "1", "19": "2", "20": "2", "21": "1", "22": "1"}, "target": 6}