{"edges": [[0, 1], [2, 1], [1, 0], [3, 0], [4, 0], [5, 0], [0, 3], [6, 3], [2, 3], [7, 3], [3, 6], [8, 6], [5, 6], [7, 6], [9, 6], [6, 8], [10, 8], [9, 8], [11, 8], [8, 10], [12, 10], [13, 10], [14, 10], [15, 10], [10, 12], [16, 12], [17, 12], [14, 12], [18, 12], [12, 16], [17, 16], [13, 16], [12, 17], [16, 17], [18, 17], [0, 4], [2, 4], [1, 2], [3, 2], [4, 2], [5, 2], [0, 5], [6, 5], [2, 5], [7, 5], [3, 7], [6, 7], [5, 7], [19, 7], [10, 13], [16, 13], [14, 13], [20, 13], [10, 14], [12, 14], [13, 14], [18, 14], [12, 18], [17, 18], [14, 18], [6, 9], [8, 9], [11, 9], [21, 9], [10, 15], [11, 15], [21, 15], [8, 11], [9, 11], [15, 11], [19, 11], [20, 11], [21, 11], [7, 19], [11, 19], [21, 19], [13, 20], [11, 20], [21, 20], [9, 21], [15, 21], [11, 21], [19, 21], [20, 21]], "labels": {"0": "1", "1": "1", "2": "1", "3": "1", "4": "1", "5": "1", "6": "1", "7": "1", "8": "1", "9": "2", "10": "1", "11": "2", "12": "1", "13": "1", "14": "1", "15": "2", "16": "1", "17": "1", "18": "1", "19": "2", "20": "2", "21": "2"}, "target": 2}