{"edges": [[0, 1], [2, 1], [1, 0], [3, 0], [4, 0], [5, 0], [6, 7], [8, 7], [9, 7], [7, 6], [10, 6], [8, 6], [0, 3], [2, 3], [1, 2], [3, 2], [4, 2], [11, 2], [6, 10], [8, 10], [12, 10], [7, 8], [6, 8], [10, 8], [0, 4], [2, 4], [13, 4], [0, 5], [9, 5], [12, 5], [14, 5], [13, 5], [7, 9], [5, 9], [11, 9], [12, 9], [2, 11], [9, 11], [12, 11], [14, 11], [13, 11], [10, 12], [5, 12], [9, 12], [11, 12], [5, 14], [11, 14], [13, 14], [4, 13], [5, 13], [11, 13], [14, 13]], "labels": {"0": "1", "1": "1", "2": "1", "3": "1", "4": "1", "5": "2", "6": "1", "7": "1", "8": "1", "9": "2", "10": "1", "11": "2", "12": "2", "13": "2", "14": "2"}, "target": 2}