{"edges": [[0, 1], [2, 1], [3, 4], [5, 4], [6, 4], [0, 7], [2, 7], [8, 7], [4, 3], [6, 3], [1, 0], [7, 0], [9, 0], [8, 0], [0, 9], [10, 9], [2, 9], [11, 9], [9, 10], [5, 10], [8, 10], [6, 10], [4, 5], [10, 5], [11, 5], [6, 5], [1, 2], [7, 2], [9, 2], [8, 2], [7, 8], [0, 8], [10, 8], [2, 8], [11, 8], [9, 11], [5, 11], [8, 11], [6, 11], [4, 6], [3, 6], [10, 6], [5, 6], [11, 6]], "labels": {"0": "2", "1": "1", "2": "2", "3": "1", "4": "1", "5": "2", "6": "2", "7": "1", "8": "2", "9": "2", "10": "2", "11": "2"}, "target": 2}