{"edges": [[0, 1], [2, 1], [3, 1], [4, 1], [1, 0], [2, 0], [5, 0], [6, 0], [7, 0], [1, 2], [0, 2], [7, 2], [8, 2], [9, 10], [11, 10], [12, 10], [10, 9], [13, 9], [14, 9], [9, 13], [14, 13], [15, 13], [16, 13], [9, 14], [13, 14], [15, 14], [17, 14], [16, 14], [18, 14], [13, 15], [14, 15], [17, 15], [19, 15], [18, 15], [20, 15], [14, 17], [15, 17], [19, 17], [21, 17], [22, 17], [23, 17], [24, 17], [15, 19], [17, 19], [21, 19], [17, 21], [19, 21], [25, 21], [22, 21], [21, 25], [26, 25], [27, 25], [28, 25], [29, 25], [25, 26], [30, 26], [31, 26], [26, 30], [32, 30], [33, 30], [27, 30], [34, 30], [30, 32], [33, 32], [30, 33], [32, 33], [34, 33], [1, 3], [5, 3], [35, 3], [0, 5], [3, 5], [36, 5], [37, 5], [38, 5], [5, 36], [11, 36], [39, 36], [40, 36], [10, 11], [36, 11], [39, 11], [41, 11], [36, 39], [11, 39], [41, 39], [42, 39], [11, 41], [39, 41], [43, 41], [42, 41], [44, 41], [41, 43], [22, 43], [23, 43], [45, 43], [17, 22], [21, 22], [43, 22], [23, 22], [17, 23], [43, 23], [22, 23], [31, 23], [26, 31], [23, 31], [27, 31], [25, 27], [30, 27], [31, 27], [28, 27], [25, 28], [27, 28], [34, 28], [29, 28], [30, 34], [33, 34], [28, 34], [29, 34], [25, 29], [28, 29], [34, 29], [1, 4], [6, 4], [46, 4], [0, 6], [4, 6], [7, 6], [35, 6], [37, 6], [0, 7], [2, 7], [6, 7], [46, 7], [37, 7], [10, 12], [8, 12], [38, 12], [2, 8], [12, 8], [40, 8], [13, 16], [14, 16], [18, 16], [44, 16], [14, 18], [15, 18], [16, 18], [42, 18], [15, 20], [24, 20], [45, 20], [17, 24], [20, 24], [47, 24], [45, 24], [3, 35], [6, 35], [46, 35], [4, 46], [7, 46], [35, 46], [37, 46], [5, 37], [6, 37], [7, 37], [46, 37], [36, 40], [8, 40], [38, 40], [5, 38], [12, 38], [40, 38], [39, 42], [41, 42], [18, 42], [44, 42], [41, 44], [16, 44], [42, 44], [47, 44], [24, 47], [44, 47], [45, 47], [43, 45], [20, 45], [24, 45], [47, 45]], "labels": {"0": "1", "1": "1", "2": "1", "3": "1", "4": "2", "5": "1", "6": "2", "7": "2", "8": "2", "9": "1", "10": "1", "11": "1", "12": "2", "13": "1", "14": "1", "15": "1", "16": "2", "17": "1", "18": "2", "19": "1", "20": "2", "21": "1", "22": "1", "23": "1", "24": "2", "25": "1", "26": "1", "27": "1", "28": "1", "29": "1", "30": "1", "31": "1", "32": "1", "33": "1", "34": "1", "35": "2", "36": "1", "37": "2", "38": "2", "39": "1", "40": "2", "41": "1", "42": "2", "43": "1", "44": "2", "45": "2", "46": "2", "47": "2"}, "target": 2}