{"edges": [[0, 1], [2, 1], [3, 1], [1, 0], [3, 0], [4, 0], [5, 0], [6, 7], [8, 7], [9, 7], [5, 7], [7, 6], [8, 6], [9, 6], [5, 6], [7, 8], [6, 8], [10, 8], [11, 8], [8, 10], [11, 10], [12, 10], [13, 10], [14, 15], [16, 15], [17, 15], [15, 14], [16, 14], [18, 14], [19, 14], [15, 16], [14, 16], [18, 16], [19, 16], [14, 18], [16, 18], [20, 18], [21, 18], [18, 20], [21, 20], [22, 20], [23, 20], [18, 21], [20, 21], [22, 21], [23, 21], [24, 21], [20, 22], [21, 22], [23, 22], [24, 22], [20, 23], [21, 23], [22, 23], [24, 23], [21, 24], [22, 24], [23, 24], [1, 2], [3, 2], [4, 2], [1, 3], [0, 3], [2, 3], [4, 3], [0, 4], [2, 4], [3, 4], [5, 4], [7, 9], [6, 9], [5, 9], [0, 5], [7, 5], [6, 5], [4, 5], [9, 5], [8, 11], [10, 11], [12, 11], [13, 11], [12, 25], [13, 25], [17, 25], [19, 25], [10, 12], [11, 12], [25, 12], [13, 12], [10, 13], [11, 13], [25, 13], [12, 13], [17, 13], [15, 17], [25, 17], [13, 17], [19, 17], [14, 19], [16, 19], [25, 19], [17, 19]], "labels": {"0": "1", "1": "1", "2": "2", "3": "2", "4": "2", "5": "2", "6": "1", "7": "1", "8": "1", "9": "2", "10": "1", "11": "2", "12": "2", "13": "2", "14": "1", "15": "1", "16": "1", "17": "2", "18": "1", "19": "2", "20": "1", "21": "1", "22": "1", "23": "1", "24": "1", "25": "2"}, "target": 2}