{"edges": [[0, 1], [2, 1], [3, 4], [5, 4], [6, 4], [0, 7], [2, 7], [4, 3], [6, 3], [1, 0], [7, 0], [8, 0], [9, 0], [0, 8], [10, 8], [2, 8], [11, 8], [8, 10], [12, 10], [9, 10], [10, 12], [5, 12], [6, 12], [4, 5], [12, 5], [13, 5], [6, 5], [1, 2], [7, 2], [8, 2], [9, 2], [0, 9], [10, 9], [2, 9], [11, 9], [8, 11], [9, 11], [13, 11], [5, 13], [11, 13], [6, 13], [4, 6], [3, 6], [12, 6], [5, 6], [13, 6]], "labels": {"0": "2", "1": "1", "2": "2", "3": "1", "4": "1", "5": "2", "6": "2", "7": "1", "8": "2", "9": "2", "10": "2", "11": "2", "12": "2", "13": "2"}, "target": 2}