{"edges": [[0, 1], [2, 1], [3, 1], [1, 0], [4, 0], [2, 0], [3, 0], [0, 4], [3, 4], [5, 4], [6, 7], [5, 7], [8, 7], [7, 6], [9, 6], [10, 6], [8, 6], [6, 9], [10, 9], [11, 9], [8, 9], [6, 10], [9, 10], [11, 10], [12, 10], [8, 10], [9, 11], [10, 11], [12, 11], [13, 11], [10, 12], [11, 12], [13, 12], [14, 12], [11, 13], [12, 13], [14, 13], [12, 14], [13, 14], [15, 14], [16, 14], [14, 15], [17, 15], [18, 15], [16, 15], [15, 17], [18, 17], [16, 17], [19, 20], [21, 20], [22, 20], [18, 20], [20, 19], [21, 19], [22, 19], [23, 19], [20, 21], [19, 21], [22, 21], [23, 21], [20, 22], [19, 22], [21, 22], [23, 22], [19, 23], [21, 23], [22, 23], [1, 2], [0, 2], [3, 2], [15, 18], [17, 18], [20, 18], [16, 18], [14, 16], [15, 16], [17, 16], [18, 16], [1, 3], [0, 3], [4, 3], [2, 3], [5, 3], [4, 5], [7, 5], [3, 5], [7, 8], [6, 8], [9, 8], [10, 8]], "labels": {"0": "1", "1": "1", "2": "2", "3": "2", "4": "1", "5": "2", "6": "1", "7": "1", "8": "2", "9": "1", "10": "1", "11": "1", "12": "1", "13": "1", "14": "1", "15": "1", "16": "2", "17": "1", "18": "2", "19": "1", "20": "1", "21": "1", "22": "1", "23": "1"}, "target": 6}