{"edges": [[0, 1], [2, 1], [3, 1], [4, 5], [6, 5], [7, 5], [5, 4], [8, 4], [9, 4], [10, 4], [11, 4], [4, 8], [12, 8], [13, 8], [11, 8], [14, 8], [8, 12], [13, 12], [15, 12], [14, 12], [8, 13], [12, 13], [15, 13], [16, 13], [12, 15], [13, 15], [17, 15], [18, 15], [19, 15], [20, 15], [15, 17], [18, 17], [19, 17], [15, 18], [17, 18], [19, 18], [15, 19], [17, 19], [18, 19], [1, 0], [2, 0], [3, 0], [21, 0], [1, 2], [0, 2], [3, 2], [21, 2], [1, 3], [0, 3], [2, 3], [21, 3], [6, 3], [0, 21], [2, 21], [3, 21], [6, 21], [5, 6], [3, 6], [21, 6], [7, 6], [22, 6], [5, 7], [6, 7], [22, 7], [9, 7], [6, 22], [7, 22], [9, 22], [4, 9], [7, 9], [22, 9], [10, 9], [11, 9], [4, 10], [9, 10], [11, 10], [14, 10], [4, 11], [8, 11], [9, 11], [10, 11], [14, 11], [8, 14], [12, 14], [10, 14], [11, 14], [16, 14], [23, 14], [20, 14], [13, 16], [14, 16], [23, 16], [20, 16], [14, 23], [16, 23], [20, 23], [15, 20], [14, 20], [16, 20], [23, 20]], "labels": {"0": "2", "1": "1", "2": "2", "3": "2", "4": "1", "5": "1", "6": "2", "7": "2", "8": "1", "9": "2", "10": "2", "11": "2", "12": "1", "13": "1", "14": "2", "15": "1", "16": "2", "17": "1", "18": "1", "19": "1", "20": "2", "21": "2", "22": "2", "23": "2"}, "target": 6}