{"edges": [[0, 1], [2, 1], [3, 1], [0, 4], [5, 4], [3, 4], [6, 4], [7, 8], [9, 8], [10, 8], [11, 8], [9, 12], [13, 12], [10, 12], [14, 12], [15, 16], [13, 16], [14, 16], [16, 15], [17, 15], [18, 15], [15, 17], [18, 17], [19, 17], [15, 18], [17, 18], [19, 18], [17, 19], [18, 19], [20, 19], [0, 21], [2, 21], [3, 21], [0, 22], [6, 22], [23, 22], [9, 24], [10, 24], [25, 24], [11, 24], [13, 26], [10, 26], [14, 26], [27, 28], [13, 28], [14, 28], [28, 27], [29, 27], [20, 27], [30, 27], [27, 29], [20, 29], [30, 29], [19, 20], [27, 20], [29, 20], [30, 20], [27, 30], [29, 30], [20, 30], [1, 0], [4, 0], [21, 0], [22, 0], [2, 0], [3, 0], [6, 0], [1, 2], [21, 2], [0, 2], [3, 2], [6, 2], [4, 5], [31, 5], [32, 5], [5, 31], [7, 31], [23, 31], [25, 31], [8, 7], [31, 7], [32, 7], [8, 9], [12, 9], [24, 9], [10, 9], [11, 9], [12, 13], [16, 13], [26, 13], [28, 13], [10, 13], [14, 13], [1, 3], [4, 3], [21, 3], [0, 3], [2, 3], [6, 3], [4, 6], [22, 6], [0, 6], [2, 6], [3, 6], [8, 10], [12, 10], [24, 10], [26, 10], [9, 10], [13, 10], [11, 10], [14, 10], [22, 23], [31, 23], [32, 23], [5, 32], [7, 32], [23, 32], [25, 32], [24, 25], [31, 25], [32, 25], [8, 11], [24, 11], [9, 11], [10, 11], [12, 14], [16, 14], [26, 14], [28, 14], [13, 14], [10, 14]], "labels": {"0": "2", "1": "1", "2": "2", "3": "2", "4": "1", "5": "2", "6": "2", "7": "2", "8": "1", "9": "2", "10": "2", "11": "2", "12": "1", "13": "2", "14": "2", "15": "1", "16": "1", "17": "1", "18": "1", "19": "1", "20": "1", "21": "1", "22": "1", "23": "2", "24": "1", "25": "2", "26": "1", "27": "1", "28": "1", "29": "1", "30": "1", "31": "2", "32": "2"}, "target": 3}