{"edges": [[0, 1], [2, 1], [3, 1], [1, 0], [2, 0], [3, 0], [1, 2], [0, 2], [3, 2], [4, 2], [1, 3], [0, 3], [2, 3], [4, 3], [5, 3], [2, 4], [3, 4], [5, 4], [6, 4], [3, 5], [4, 5], [6, 5], [7, 5], [4, 6], [5, 6], [8, 6], [9, 6], [10, 6], [6, 8], [9, 8], [11, 8], [12, 8], [13, 14], [15, 14], [16, 14], [17, 14], [18, 14], [14, 13], [15, 13], [16, 13], [19, 13], [20, 13], [14, 15], [13, 15], [16, 15], [19, 15], [14, 16], [13, 16], [15, 16], [19, 16], [21, 16], [13, 19], [15, 19], [16, 19], [22, 19], [23, 19], [19, 22], [24, 22], [23, 22], [21, 22], [14, 17], [18, 17], [20, 17], [25, 17], [14, 18], [17, 18], [20, 18], [25, 18], [26, 18], [12, 18], [27, 18], [6, 9], [8, 9], [10, 9], [7, 9], [11, 9], [6, 10], [9, 10], [7, 10], [11, 10], [5, 7], [9, 7], [10, 7], [11, 7], [22, 24], [23, 24], [21, 24], [13, 20], [17, 20], [18, 20], [25, 20], [17, 25], [18, 25], [20, 25], [26, 25], [27, 25], [18, 26], [25, 26], [12, 26], [27, 26], [8, 11], [9, 11], [10, 11], [7, 11], [12, 11], [27, 11], [19, 23], [22, 23], [24, 23], [21, 23], [16, 21], [22, 21], [24, 21], [23, 21], [8, 12], [18, 12], [26, 12], [11, 12], [27, 12], [18, 27], [25, 27], [26, 27], [11, 27], [12, 27]], "labels": {"0": "1", "1": "1", "2": "1", "3": "1", "4": "1", "5": "1", "6": "1", "7": "2", "8": "1", "9": "2", "10": "2", "11": "2", "12": "2", "13": "1", "14": "1", "15": "1", "16": "1", "17": "2", "18": "2", "19": "1", "20": "2", "21": "2", "22": "2", "23": "2", "24": "2", "25": "2", "26": "2", "27": "2"}, "target": 3}