{"edges": [[0, 1], [2, 1], [3, 4], [5, 4], [6, 4], [7, 8], [9, 8], [10, 8], [11, 12], [7, 12], [13, 14], [15, 14], [16, 14], [17, 18], [19, 18], [15, 18], [20, 18], [18, 17], [21, 17], [19, 17], [22, 17], [17, 21], [23, 21], [22, 21], [0, 24], [2, 24], [3, 25], [5, 25], [26, 25], [7, 27], [9, 27], [10, 27], [28, 27], [11, 29], [13, 29], [10, 29], [30, 29], [13, 31], [15, 31], [30, 31], [20, 31], [16, 31], [19, 32], [15, 32], [20, 32], [16, 32], [18, 19], [17, 19], [32, 19], [23, 19], [21, 23], [19, 23], [22, 23], [17, 22], [21, 22], [23, 22], [12, 11], [29, 11], [13, 11], [30, 11], [4, 3], [25, 3], [0, 3], [2, 3], [5, 3], [1, 0], [24, 0], [3, 0], [2, 0], [5, 0], [1, 2], [24, 2], [3, 2], [0, 2], [5, 2], [4, 5], [25, 5], [3, 5], [0, 5], [2, 5], [4, 6], [33, 6], [34, 6], [6, 33], [35, 33], [26, 33], [36, 33], [33, 35], [9, 35], [34, 35], [28, 35], [8, 7], [12, 7], [27, 7], [14, 13], [29, 13], [31, 13], [11, 13], [8, 9], [27, 9], [35, 9], [36, 9], [14, 15], [18, 15], [31, 15], [32, 15], [20, 15], [16, 15], [25, 26], [33, 26], [34, 26], [6, 34], [35, 34], [26, 34], [36, 34], [33, 36], [9, 36], [34, 36], [28, 36], [8, 10], [27, 10], [29, 10], [29, 30], [31, 30], [11, 30], [27, 28], [35, 28], [36, 28], [18, 20], [31, 20], [32, 20], [15, 20], [16, 20], [14, 16], [31, 16], [32, 16], [15, 16], [20, 16]], "labels": {"0": "2", "1": "1", "2": "2", "3": "2", "4": "1", "5": "2", "6": "2", "7": "2", "8": "1", "9": "2", "10": "2", "11": "2", "12": "1", "13": "2", "14": "1", "15": "2", "16": "2", "17": "1", "18": "1", "19": "1", "20": "2", "21": "1", "22": "1", "23": "1", "24": "1", "25": "1", "26": "2", "27": "1", "28": "2", "29": "1", "30": "2", "31": "1", "32": "1", "33": "2", "34": "2", "35": "2", "36": "2"}, "target": 3}