{"edges": [[0, 1], [2, 1], [1, 0], [3, 0], [4, 0], [5, 0], [6, 7], [8, 7], [9, 7], [10, 7], [11, 7], [7, 6], [8, 6], [9, 6], [10, 6], [7, 8], [6, 8], [12, 8], [13, 8], [14, 8], [15, 8], [8, 12], [16, 12], [9, 12], [15, 12], [17, 12], [12, 16], [18, 16], [19, 16], [20, 16], [21, 16], [16, 18], [19, 18], [20, 18], [16, 19], [18, 19], [20, 19], [16, 20], [18, 20], [19, 20], [0, 3], [2, 3], [22, 3], [23, 3], [1, 2], [3, 2], [24, 2], [25, 2], [8, 13], [9, 13], [26, 13], [27, 13], [7, 9], [6, 9], [12, 9], [13, 9], [14, 9], [26, 9], [28, 9], [8, 14], [9, 14], [29, 14], [28, 14], [30, 14], [14, 29], [31, 29], [32, 29], [33, 29], [30, 29], [29, 31], [32, 31], [33, 31], [29, 32], [31, 32], [33, 32], [29, 33], [31, 33], [32, 33], [0, 4], [22, 4], [23, 4], [24, 4], [3, 22], [4, 22], [23, 22], [24, 22], [3, 23], [4, 23], [22, 23], [24, 23], [2, 24], [4, 24], [22, 24], [23, 24], [0, 5], [34, 5], [35, 5], [5, 34], [36, 34], [25, 34], [37, 34], [34, 36], [11, 36], [35, 36], [27, 36], [7, 10], [6, 10], [11, 10], [27, 10], [8, 15], [12, 15], [21, 15], [17, 15], [30, 15], [7, 11], [36, 11], [10, 11], [37, 11], [26, 11], [16, 21], [15, 21], [17, 21], [28, 21], [30, 21], [12, 17], [15, 17], [21, 17], [28, 17], [30, 17], [2, 25], [34, 25], [35, 25], [5, 35], [36, 35], [25, 35], [37, 35], [34, 37], [11, 37], [35, 37], [27, 37], [13, 26], [9, 26], [11, 26], [27, 26], [9, 28], [14, 28], [21, 28], [17, 28], [13, 27], [36, 27], [10, 27], [37, 27], [26, 27], [14, 30], [29, 30], [15, 30], [21, 30], [17, 30]], "labels": {"0": "1", "1": "1", "2": "1", "3": "1", "4": "2", "5": "2", "6": "1", "7": "1", "8": "1", "9": "1", "10": "2", "11": "2", "12": "1", "13": "1", "14": "1", "15": "2", "16": "1", "17": "2", "18": "1", "19": "1", "20": "1", "21": "2", "22": "2", "23": "2", "24": "2", "25": "2", "26": "2", "27": "2", "28": "2", "29": "1", "30": "2", "31": "1", "32": "1", "33": "1", "34": "2", "35": "2", "36": "2", "37": "2"}, "target": 3}