{"edges": [[0, 1], [2, 1], [1, 0], [3, 0], [4, 0], [5, 6], [7, 6], [8, 6], [9, 6], [10, 11], [12, 11], [13, 11], [7, 11], [11, 10], [12, 10], [14, 10], [11, 12], [10, 12], [15, 12], [13, 12], [14, 12], [16, 12], [17, 12], [12, 15], [18, 15], [16, 15], [15, 18], [19, 18], [20, 18], [21, 18], [18, 19], [20, 19], [22, 19], [23, 19], [18, 20], [19, 20], [24, 20], [25, 26], [27, 26], [1, 2], [3, 2], [28, 2], [29, 2], [6, 5], [7, 5], [8, 5], [9, 5], [30, 5], [11, 13], [12, 13], [9, 13], [31, 13], [14, 32], [16, 32], [31, 32], [33, 32], [17, 32], [18, 21], [22, 21], [16, 21], [33, 21], [19, 22], [21, 22], [24, 22], [23, 22], [20, 24], [22, 24], [23, 24], [19, 23], [22, 23], [24, 23], [0, 3], [2, 3], [25, 3], [27, 3], [28, 3], [26, 25], [3, 25], [27, 25], [28, 25], [26, 27], [3, 27], [25, 27], [28, 27], [2, 28], [3, 28], [25, 28], [27, 28], [0, 4], [34, 4], [35, 4], [29, 4], [4, 34], [35, 34], [36, 34], [4, 35], [34, 35], [8, 35], [29, 35], [30, 35], [6, 7], [11, 7], [5, 7], [8, 7], [10, 14], [12, 14], [32, 14], [17, 14], [6, 8], [5, 8], [35, 8], [7, 8], [9, 8], [12, 16], [15, 16], [32, 16], [21, 16], [33, 16], [17, 16], [2, 29], [4, 29], [35, 29], [36, 29], [34, 36], [29, 36], [30, 36], [6, 9], [5, 9], [13, 9], [8, 9], [13, 31], [32, 31], [17, 31], [5, 30], [35, 30], [36, 30], [32, 33], [21, 33], [16, 33], [17, 33], [12, 17], [32, 17], [14, 17], [16, 17], [31, 17], [33, 17]], "labels": {"0": "1", "1": "1", "2": "1", "3": "2", "4": "2", "5": "1", "6": "1", "7": "2", "8": "2", "9": "2", "10": "1", "11": "1", "12": "1", "13": "1", "14": "2", "15": "1", "16": "2", "17": "2", "18": "1", "19": "1", "20": "1", "21": "1", "22": "1", "23": "1", "24": "1", "25": "2", "26": "1", "27": "2", "28": "2", "29": "2", "30": "2", "31": "2", "32": "1", "33": "2", "34": "2", "35": "2", "36": "2"}, "target": 3}