{"edges": [[0, 1], [2, 1], [3, 4], [5, 4], [6, 4], [7, 4], [8, 4], [9, 10], [11, 10], [12, 10], [4, 3], [5, 3], [2, 3], [4, 5], [3, 5], [9, 5], [11, 5], [13, 5], [8, 5], [10, 9], [5, 9], [11, 9], [14, 9], [10, 11], [5, 11], [9, 11], [1, 0], [15, 0], [16, 0], [0, 15], [17, 15], [2, 15], [18, 15], [15, 17], [7, 17], [16, 17], [8, 17], [4, 6], [19, 6], [20, 6], [6, 19], [12, 19], [13, 19], [14, 19], [4, 7], [17, 7], [18, 7], [10, 12], [19, 12], [20, 12], [14, 12], [1, 2], [3, 2], [15, 2], [16, 2], [0, 16], [17, 16], [2, 16], [18, 16], [15, 18], [7, 18], [16, 18], [8, 18], [5, 13], [19, 13], [20, 13], [6, 20], [12, 20], [13, 20], [14, 20], [4, 8], [5, 8], [17, 8], [18, 8], [9, 14], [19, 14], [12, 14], [20, 14]], "labels": {"0": "2", "1": "1", "2": "2", "3": "1", "4": "1", "5": "1", "6": "2", "7": "2", "8": "2", "9": "1", "10": "1", "11": "1", "12": "2", "13": "2", "14": "2", "15": "2", "16": "2", "17": "2", "18": "2", "19": "2", "20": "2"}, "target": 3}