{"edges": [[0, 1], [2, 1], [3, 1], [1, 0], [2, 0], [3, 0], [1, 2], [0, 2], [3, 2], [1, 3], [0, 3], [2, 3], [4, 3], [5, 3], [3, 4], [5, 4], [6, 4], [3, 5], [4, 5], [6, 5], [7, 5], [8, 5], [4, 6], [5, 6], [7, 6], [8, 6], [5, 7], [6, 7], [8, 7], [5, 8], [6, 8], [7, 8], [9, 10], [11, 10], [12, 10], [10, 9], [11, 9], [12, 9], [10, 11], [9, 11], [12, 11], [10, 12], [9, 12], [11, 12], [13, 12], [12, 13], [14, 13], [15, 13], [13, 14], [15, 14], [16, 14], [13, 15], [14, 15], [16, 15], [17, 15], [18, 15], [14, 16], [15, 16], [17, 16], [18, 16], [15, 17], [16, 17], [18, 17], [15, 18], [16, 18], [17, 18]], "labels": {"0": "3", "1": "3", "2": "3", "3": "5", "4": "3", "5": "5", "6": "4", "7": "3", "8": "3", "9": "3", "10": "3", "11": "3", "12": "4", "13": "3", "14": "3", "15": "5", "16": "4", "17": "3", "18": "3"}, "target": 3}