{"edges": [[0, 1], [2, 1], [3, 1], [1, 0], [2, 0], [3, 0], [1, 2], [0, 2], [3, 2], [1, 3], [0, 3], [2, 3], [4, 3], [5, 3], [3, 4], [5, 4], [6, 4], [3, 5], [4, 5], [6, 5], [7, 5], [8, 5], [4, 6], [5, 6], [7, 6], [8, 6], [5, 7], [6, 7], [8, 7], [5, 8], [6, 8], [7, 8], [9, 10], [11, 10], [12, 10], [10, 9], [11, 9], [12, 9], [10, 11], [9, 11], [12, 11], [10, 12], [9, 12], [11, 12], [13, 12], [14, 12], [12, 13], [14, 13], [15, 13], [12, 14], [13, 14], [15, 14], [16, 14], [17, 14], [13, 15], [14, 15], [16, 15], [17, 15], [14, 16], [15, 16], [17, 16], [14, 17], [15, 17], [16, 17], [18, 19], [20, 19], [21, 19], [19, 18], [20, 18], [21, 18], [19, 20], [18, 20], [21, 20], [19, 21], [18, 21], [20, 21], [22, 21], [23, 21], [21, 22], [23, 22], [24, 22], [21, 23], [22, 23], [24, 23], [25, 23], [26, 23], [22, 24], [23, 24], [25, 24], [26, 24], [23, 25], [24, 25], [26, 25], [23, 26], [24, 26], [25, 26], [27, 28], [29, 28], [30, 28], [28, 27], [29, 27], [30, 27], [28, 29], [27, 29], [30, 29], [28, 30], [27, 30], [29, 30], [31, 30], [32, 30], [30, 31], [32, 31], [33, 31], [30, 32], [31, 32], [33, 32], [34, 32], [35, 32], [31, 33], [32, 33], [34, 33], [35, 33], [32, 34], [33, 34], [35, 34], [32, 35], [33, 35], [34, 35]], "labels": {"0": "3", "1": "3", "2": "3", "3": "5", "4": "3", "5": "5", "6": "4", "7": "3", "8": "3", "9": "3", "10": "3", "11": "3", "12": "5", "13": "3", "14": "5", "15": "4", "16": "3", "17": "3", "18": "3", "19": "3", "20": "3", "21": "5", "22": "3", "23": "5", "24": "4", "25": "3", "26": "3", "27": "3", "28": "3", "29": "3", "30": "5", "31": "3", "32": "5", "33": "4", "34": "3", "35": "3"}, "target": 3}