{"edges": [[0, 1], [2, 1], [3, 4], [5, 4], [2, 4], [4, 3], [6, 3], [5, 3], [7, 3], [8, 3], [9, 3], [10, 11], [12, 11], [11, 10], [13, 10], [14, 10], [15, 10], [10, 13], [14, 13], [15, 13], [16, 13], [10, 14], [13, 14], [15, 14], [17, 14], [16, 14], [18, 19], [0, 19], [19, 18], [6, 18], [20, 18], [21, 18], [5, 18], [7, 18], [3, 6], [18, 6], [5, 6], [22, 6], [23, 6], [24, 6], [18, 20], [21, 20], [5, 20], [25, 20], [18, 21], [20, 21], [5, 21], [4, 5], [3, 5], [18, 5], [6, 5], [20, 5], [21, 5], [22, 5], [16, 5], [6, 22], [5, 22], [23, 22], [16, 22], [6, 23], [22, 23], [26, 23], [27, 23], [11, 12], [15, 12], [25, 12], [28, 12], [29, 12], [10, 15], [13, 15], [14, 15], [12, 15], [30, 15], [26, 31], [9, 31], [17, 31], [32, 31], [30, 31], [33, 31], [1, 0], [19, 0], [2, 0], [29, 0], [1, 2], [4, 2], [0, 2], [7, 2], [3, 7], [18, 7], [2, 7], [8, 7], [34, 7], [3, 8], [7, 8], [26, 8], [34, 8], [23, 26], [31, 26], [8, 26], [35, 26], [3, 9], [31, 9], [36, 9], [32, 9], [27, 9], [9, 36], [37, 36], [38, 36], [39, 36], [40, 36], [27, 36], [33, 36], [35, 36], [36, 37], [41, 37], [42, 37], [39, 37], [37, 41], [38, 41], [42, 41], [14, 17], [31, 17], [43, 17], [32, 17], [27, 17], [17, 43], [38, 43], [40, 43], [27, 43], [36, 38], [41, 38], [43, 38], [42, 38], [39, 38], [37, 42], [41, 42], [38, 42], [36, 39], [37, 39], [38, 39], [40, 39], [36, 40], [43, 40], [39, 40], [32, 40], [27, 40], [31, 32], [9, 32], [17, 32], [40, 32], [24, 32], [27, 32], [6, 24], [32, 24], [16, 24], [30, 24], [34, 24], [20, 25], [12, 25], [13, 16], [14, 16], [5, 16], [22, 16], [24, 16], [23, 27], [9, 27], [36, 27], [17, 27], [43, 27], [40, 27], [32, 27], [33, 27], [35, 27], [12, 28], [15, 30], [31, 30], [24, 30], [31, 33], [36, 33], [27, 33], [35, 33], [12, 29], [0, 29], [7, 34], [8, 34], [24, 34], [26, 35], [36, 35], [27, 35], [33, 35]], "labels": {"0": "1", "1": "1", "2": "1", "3": "1", "4": "1", "5": "1", "6": "1", "7": "1", "8": "1", "9": "2", "10": "1", "11": "1", "12": "1", "13": "1", "14": "1", "15": "1", "16": "2", "17": "2", "18": "1", "19": "1", "20": "1", "21": "1", "22": "1", "23": "1", "24": "2", "25": "2", "26": "1", "27": "2", "28": "2", "29": "2", "30": "2", "31": "1", "32": "2", "33": "2", "34": "2", "35": "2", "36": "2", "37": "2", "38": "2", "39": "2", "40": "2", "41": "2", "42": "2", "43": "2"}, "target": 3}