{"edges": [[0, 1], [2, 1], [3, 1], [1, 0], [4, 0], [2, 0], [5, 0], [0, 4], [2, 4], [5, 4], [6, 7], [3, 7], [8, 7], [9, 10], [3, 10], [8, 10], [10, 9], [11, 9], [12, 9], [13, 9], [6, 14], [8, 14], [7, 6], [14, 6], [11, 6], [3, 6], [8, 6], [9, 11], [6, 11], [12, 11], [13, 11], [15, 16], [5, 16], [17, 16], [16, 15], [18, 15], [19, 15], [20, 15], [21, 15], [22, 15], [15, 18], [23, 18], [24, 18], [25, 18], [26, 18], [27, 18], [28, 18], [18, 23], [29, 23], [30, 23], [31, 23], [32, 23], [33, 23], [28, 23], [34, 23], [23, 29], [33, 29], [15, 19], [12, 19], [35, 19], [18, 24], [30, 24], [22, 24], [23, 30], [24, 30], [34, 30], [18, 25], [31, 25], [34, 25], [23, 31], [25, 31], [33, 31], [15, 20], [13, 20], [36, 20], [18, 26], [32, 26], [37, 26], [23, 32], [26, 32], [38, 32], [18, 27], [33, 27], [38, 27], [23, 33], [29, 33], [31, 33], [27, 33], [1, 2], [0, 2], [4, 2], [5, 2], [0, 5], [4, 5], [16, 5], [2, 5], [16, 17], [21, 17], [28, 17], [12, 17], [13, 17], [15, 21], [17, 21], [28, 21], [12, 21], [13, 21], [36, 21], [38, 21], [18, 28], [23, 28], [17, 28], [21, 28], [38, 28], [1, 3], [7, 3], [10, 3], [6, 3], [9, 12], [11, 12], [19, 12], [17, 12], [21, 12], [19, 35], [22, 35], [34, 35], [13, 35], [15, 22], [24, 22], [35, 22], [34, 22], [23, 34], [30, 34], [25, 34], [35, 34], [22, 34], [7, 8], [10, 8], [14, 8], [6, 8], [9, 13], [11, 13], [20, 13], [17, 13], [21, 13], [35, 13], [20, 36], [21, 36], [37, 36], [38, 36], [26, 37], [36, 37], [38, 37], [32, 38], [27, 38], [21, 38], [28, 38], [36, 38], [37, 38]], "labels": {"0": "1", "1": "1", "2": "3", "3": "3", "4": "1", "5": "3", "6": "1", "7": "1", "8": "3", "9": "1", "10": "1", "11": "1", "12": "3", "13": "3", "14": "1", "15": "2", "16": "2", "17": "3", "18": "2", "19": "2", "20": "2", "21": "3", "22": "3", "23": "2", "24": "2", "25": "2", "26": "2", "27": "2", "28": "3", "29": "2", "30": "2", "31": "2", "32": "2", "33": "2", "34": "3", "35": "3", "36": "3", "37": "3", "38": "3"}, "target": 3}