{"edges": [[0, 1], [2, 1], [3, 1], [1, 0], [4, 0], [5, 0], [6, 0], [2, 0], [3, 0], [0, 4], [7, 4], [8, 4], [9, 4], [0, 5], [10, 5], [3, 5], [5, 10], [6, 10], [3, 10], [0, 6], [10, 6], [11, 6], [9, 6], [12, 6], [7, 13], [2, 13], [14, 13], [4, 7], [13, 7], [15, 7], [2, 7], [14, 7], [7, 15], [8, 15], [16, 15], [8, 17], [11, 17], [16, 17], [18, 19], [20, 19], [19, 18], [21, 18], [22, 18], [23, 18], [24, 18], [25, 18], [26, 18], [18, 21], [27, 21], [28, 21], [29, 21], [30, 21], [31, 21], [26, 21], [21, 27], [31, 27], [9, 32], [33, 32], [16, 32], [18, 22], [28, 22], [34, 22], [21, 28], [22, 28], [23, 28], [18, 23], [28, 23], [29, 23], [21, 29], [23, 29], [31, 29], [16, 35], [12, 35], [18, 24], [30, 24], [36, 24], [21, 30], [24, 30], [37, 30], [18, 25], [31, 25], [38, 25], [21, 31], [27, 31], [29, 31], [25, 31], [1, 2], [0, 2], [13, 2], [7, 2], [4, 8], [15, 8], [17, 8], [6, 11], [17, 11], [20, 11], [9, 11], [19, 20], [11, 20], [26, 20], [9, 20], [33, 20], [18, 26], [21, 26], [20, 26], [38, 26], [1, 3], [0, 3], [5, 3], [10, 3], [4, 9], [6, 9], [32, 9], [11, 9], [20, 9], [12, 9], [36, 9], [32, 33], [20, 33], [34, 33], [36, 33], [22, 34], [33, 34], [30, 37], [36, 37], [38, 37], [13, 14], [7, 14], [15, 16], [17, 16], [32, 16], [35, 16], [6, 12], [35, 12], [9, 12], [36, 12], [24, 36], [9, 36], [33, 36], [37, 36], [12, 36], [38, 36], [25, 38], [26, 38], [37, 38], [36, 38]], "labels": {"0": "1", "1": "1", "2": "3", "3": "3", "4": "1", "5": "1", "6": "1", "7": "1", "8": "3", "9": "3", "10": "1", "11": "3", "12": "3", "13": "1", "14": "3", "15": "1", "16": "3", "17": "2", "18": "2", "19": "2", "20": "3", "21": "2", "22": "2", "23": "2", "24": "2", "25": "2", "26": "3", "27": "2", "28": "2", "29": "2", "30": "2", "31": "2", "32": "2", "33": "3", "34": "3", "35": "2", "36": "3", "37": "3", "38": "3"}, "target": 3}