{"edges": [[0, 1], [2, 1], [3, 1], [1, 0], [2, 0], [4, 0], [5, 0], [1, 2], [0, 2], [4, 2], [3, 2], [0, 4], [2, 4], [3, 4], [6, 4], [7, 4], [8, 4], [9, 10], [11, 10], [3, 10], [10, 9], [11, 9], [12, 9], [10, 11], [9, 11], [12, 11], [7, 11], [9, 12], [11, 12], [7, 12], [13, 12], [0, 5], [3, 5], [6, 5], [1, 3], [2, 3], [4, 3], [10, 3], [5, 3], [6, 3], [7, 3], [4, 6], [5, 6], [3, 6], [7, 6], [4, 7], [11, 7], [12, 7], [3, 7], [6, 7], [14, 7], [15, 16], [17, 16], [16, 15], [18, 15], [19, 15], [20, 15], [21, 15], [22, 15], [17, 15], [15, 18], [23, 18], [24, 18], [25, 18], [14, 18], [21, 18], [22, 18], [18, 23], [8, 23], [13, 23], [14, 23], [4, 8], [23, 8], [25, 8], [13, 8], [15, 19], [24, 19], [17, 19], [18, 24], [19, 24], [20, 24], [22, 24], [15, 20], [24, 20], [25, 20], [21, 20], [18, 25], [8, 25], [20, 25], [13, 25], [14, 25], [12, 13], [23, 13], [8, 13], [25, 13], [7, 14], [18, 14], [23, 14], [25, 14], [21, 14], [15, 21], [18, 21], [20, 21], [14, 21], [22, 21], [15, 22], [18, 22], [24, 22], [21, 22], [17, 22], [16, 17], [15, 17], [19, 17], [22, 17]], "labels": {"0": "1", "1": "1", "2": "1", "3": "1", "4": "1", "5": "1", "6": "1", "7": "1", "8": "2", "9": "1", "10": "1", "11": "1", "12": "1", "13": "2", "14": "2", "15": "2", "16": "2", "17": "2", "18": "2", "19": "2", "20": "2", "21": "2", "22": "2", "23": "2", "24": "2", "25": "2"}, "target": 3}