{"edges": [[0, 1], [2, 1], [1, 0], [3, 0], [4, 0], [5, 0], [0, 3], [6, 3], [7, 3], [8, 3], [4, 3], [3, 6], [7, 6], [9, 6], [3, 7], [6, 7], [9, 7], [10, 7], [6, 9], [7, 9], [11, 9], [12, 9], [10, 9], [13, 9], [9, 11], [14, 11], [15, 11], [13, 11], [11, 14], [16, 14], [12, 14], [17, 14], [18, 14], [14, 16], [15, 16], [18, 16], [19, 16], [20, 21], [22, 21], [23, 21], [19, 21], [21, 20], [22, 20], [23, 20], [21, 22], [20, 22], [24, 22], [25, 22], [26, 22], [22, 24], [23, 24], [26, 24], [27, 24], [28, 29], [30, 29], [31, 29], [1, 2], [5, 2], [32, 2], [31, 2], [3, 8], [33, 8], [34, 8], [32, 8], [8, 33], [34, 33], [35, 33], [8, 34], [33, 34], [10, 34], [4, 34], [36, 34], [32, 34], [33, 35], [10, 35], [13, 35], [37, 35], [36, 35], [9, 12], [14, 12], [15, 12], [37, 12], [11, 15], [16, 15], [12, 15], [17, 15], [38, 15], [14, 17], [15, 17], [38, 17], [39, 17], [25, 40], [23, 40], [19, 40], [39, 40], [22, 25], [40, 25], [23, 25], [21, 23], [20, 23], [24, 23], [40, 23], [25, 23], [26, 23], [22, 26], [24, 26], [23, 26], [41, 26], [29, 28], [5, 28], [31, 28], [7, 10], [9, 10], [34, 10], [35, 10], [13, 10], [37, 10], [0, 4], [3, 4], [34, 4], [5, 4], [0, 5], [2, 5], [28, 5], [4, 5], [30, 5], [32, 5], [14, 18], [16, 18], [19, 18], [39, 18], [16, 19], [21, 19], [40, 19], [18, 19], [38, 19], [39, 19], [9, 13], [11, 13], [35, 13], [10, 13], [37, 13], [36, 13], [35, 37], [12, 37], [10, 37], [13, 37], [36, 37], [24, 27], [42, 27], [41, 27], [43, 27], [27, 42], [44, 42], [41, 42], [45, 42], [42, 44], [43, 44], [45, 44], [29, 30], [5, 30], [31, 30], [34, 36], [35, 36], [13, 36], [37, 36], [2, 32], [8, 32], [34, 32], [5, 32], [29, 31], [2, 31], [28, 31], [30, 31], [15, 38], [17, 38], [19, 38], [39, 38], [17, 39], [40, 39], [18, 39], [19, 39], [38, 39], [26, 41], [27, 41], [42, 41], [43, 41], [27, 43], [44, 43], [41, 43], [45, 43], [42, 45], [44, 45], [43, 45]], "labels": {"0": "1", "1": "1", "2": "1", "3": "1", "4": "2", "5": "2", "6": "1", "7": "1", "8": "1", "9": "1", "10": "2", "11": "1", "12": "1", "13": "2", "14": "1", "15": "1", "16": "1", "17": "1", "18": "2", "19": "2", "20": "1", "21": "1", "22": "1", "23": "1", "24": "1", "25": "1", "26": "1", "27": "2", "28": "2", "29": "1", "30": "2", "31": "2", "32": "2", "33": "1", "34": "1", "35": "1", "36": "2", "37": "2", "38": "2", "39": "2", "40": "1", "41": "2", "42": "2", "43": "2", "44": "2", "45": "2"}, "target": 6}