{"edges": [[0, 1], [2, 1], [1, 0], [2, 0], [3, 0], [4, 0], [1, 2], [0, 2], [5, 2], [6, 2], [3, 2], [7, 2], [5, 8], [4, 8], [9, 8], [2, 5], [8, 5], [6, 5], [3, 5], [4, 5], [9, 5], [2, 6], [5, 6], [3, 6], [0, 3], [2, 3], [5, 3], [6, 3], [10, 3], [0, 4], [8, 4], [5, 4], [7, 4], [2, 7], [4, 7], [11, 7], [9, 7], [12, 7], [7, 11], [13, 11], [10, 11], [14, 11], [11, 13], [15, 13], [12, 13], [16, 13], [13, 15], [17, 15], [14, 15], [18, 15], [15, 17], [16, 17], [18, 17], [8, 9], [5, 9], [7, 9], [3, 10], [11, 10], [12, 10], [7, 12], [13, 12], [10, 12], [14, 12], [11, 14], [15, 14], [12, 14], [16, 14], [13, 16], [17, 16], [14, 16], [18, 16], [15, 18], [17, 18], [16, 18]], "labels": {"0": "1", "1": "1", "2": "1", "3": "1", "4": "2", "5": "1", "6": "1", "7": "2", "8": "1", "9": "2", "10": "2", "11": "2", "12": "2", "13": "2", "14": "2", "15": "2", "16": "2", "17": "2", "18": "2"}, "target": 3}