{"edges": [[0, 1], [2, 1], [3, 1], [4, 1], [5, 6], [7, 6], [8, 6], [9, 10], [11, 10], [0, 10], [5, 10], [10, 9], [12, 9], [0, 9], [2, 9], [13, 14], [15, 14], [4, 14], [16, 14], [14, 13], [17, 13], [18, 13], [19, 13], [20, 13], [21, 22], [23, 22], [19, 22], [24, 22], [20, 22], [22, 21], [25, 21], [26, 21], [27, 21], [24, 21], [28, 21], [29, 21], [21, 25], [23, 25], [27, 25], [28, 25], [9, 12], [11, 12], [5, 12], [10, 11], [12, 11], [5, 11], [7, 11], [13, 17], [15, 17], [30, 17], [31, 17], [14, 15], [17, 15], [32, 15], [20, 15], [21, 26], [23, 26], [20, 26], [33, 26], [22, 23], [25, 23], [26, 23], [27, 23], [33, 23], [29, 23], [21, 27], [25, 27], [23, 27], [29, 27], [1, 0], [10, 0], [9, 0], [2, 0], [8, 0], [1, 2], [9, 2], [0, 2], [3, 2], [8, 2], [1, 3], [2, 3], [4, 3], [7, 3], [32, 3], [1, 4], [14, 4], [3, 4], [16, 4], [14, 16], [4, 16], [18, 16], [19, 16], [8, 16], [32, 16], [13, 18], [16, 18], [19, 18], [8, 18], [30, 18], [31, 18], [13, 19], [22, 19], [16, 19], [18, 19], [28, 19], [22, 24], [21, 24], [28, 24], [29, 24], [21, 28], [25, 28], [19, 28], [24, 28], [33, 28], [6, 5], [10, 5], [12, 5], [11, 5], [7, 5], [6, 7], [11, 7], [3, 7], [5, 7], [6, 8], [0, 8], [2, 8], [16, 8], [18, 8], [30, 8], [17, 30], [18, 30], [8, 30], [31, 30], [17, 31], [18, 31], [30, 31], [32, 31], [15, 32], [3, 32], [16, 32], [31, 32], [13, 20], [22, 20], [15, 20], [26, 20], [26, 33], [23, 33], [28, 33], [29, 33], [21, 29], [23, 29], [27, 29], [24, 29], [33, 29]], "labels": {"0": "3", "1": "1", "2": "3", "3": "3", "4": "3", "5": "3", "6": "1", "7": "3", "8": "3", "9": "2", "10": "2", "11": "2", "12": "2", "13": "2", "14": "2", "15": "2", "16": "3", "17": "2", "18": "3", "19": "3", "20": "3", "21": "2", "22": "2", "23": "2", "24": "3", "25": "2", "26": "2", "27": "2", "28": "3", "29": "3", "30": "3", "31": "3", "32": "3", "33": "3"}, "target": 3}