{"edges": [[0, 1], [2, 1], [1, 0], [2, 0], [3, 0], [4, 0], [1, 2], [0, 2], [5, 2], [4, 2], [6, 2], [0, 3], [5, 3], [2, 5], [3, 5], [4, 5], [0, 4], [2, 4], [5, 4], [7, 4], [2, 6], [8, 6], [9, 6], [10, 6], [7, 6], [6, 8], [11, 8], [12, 8], [9, 8], [10, 8], [8, 11], [13, 11], [12, 11], [9, 11], [11, 13], [12, 13], [8, 12], [11, 12], [13, 12], [9, 12], [6, 9], [8, 9], [11, 9], [12, 9], [10, 9], [6, 10], [8, 10], [9, 10], [7, 10], [4, 7], [6, 7], [10, 7]], "labels": {"0": "1", "1": "1", "2": "1", "3": "1", "4": "1", "5": "1", "6": "2", "7": "2", "8": "2", "9": "2", "10": "2", "11": "2", "12": "2", "13": "2"}, "target": 3}