{"edges": [[0, 1], [2, 1], [3, 1], [4, 1], [1, 0], [2, 0], [4, 0], [5, 0], [6, 0], [5, 7], [8, 7], [6, 7], [1, 2], [0, 2], [3, 2], [5, 2], [1, 3], [2, 3], [4, 3], [6, 3], [1, 4], [0, 4], [3, 4], [6, 4], [9, 4], [0, 5], [7, 5], [2, 5], [8, 5], [9, 5], [10, 11], [12, 11], [13, 11], [11, 10], [14, 10], [15, 10], [7, 8], [5, 8], [12, 8], [6, 8], [13, 8], [11, 12], [8, 12], [16, 12], [9, 12], [13, 12], [10, 14], [17, 14], [18, 14], [19, 14], [14, 17], [15, 17], [19, 17], [0, 6], [7, 6], [3, 6], [4, 6], [8, 6], [9, 6], [12, 16], [18, 16], [13, 16], [14, 18], [16, 18], [15, 18], [4, 9], [5, 9], [12, 9], [6, 9], [13, 9], [11, 13], [8, 13], [12, 13], [16, 13], [9, 13], [10, 15], [17, 15], [18, 15], [19, 15], [14, 19], [17, 19], [15, 19]], "labels": {"0": "1", "1": "1", "2": "1", "3": "1", "4": "1", "5": "2", "6": "2", "7": "1", "8": "2", "9": "2", "10": "2", "11": "2", "12": "2", "13": "2", "14": "2", "15": "2", "16": "2", "17": "2", "18": "2", "19": "2"}, "target": 3}