{"edges": [[0, 1], [2, 1], [3, 1], [1, 0], [2, 0], [3, 0], [1, 2], [0, 2], [4, 2], [3, 2], [2, 4], [3, 4], [5, 4], [6, 7], [5, 7], [8, 7], [7, 6], [9, 6], [5, 6], [8, 6], [6, 9], [10, 9], [8, 9], [11, 12], [13, 12], [14, 12], [10, 12], [12, 11], [15, 11], [13, 11], [16, 17], [18, 17], [19, 17], [17, 16], [20, 16], [21, 16], [22, 23], [24, 23], [20, 23], [21, 23], [23, 22], [25, 22], [24, 22], [26, 27], [25, 27], [28, 27], [27, 26], [25, 26], [28, 26], [11, 15], [13, 15], [29, 15], [18, 15], [12, 13], [11, 13], [15, 13], [14, 13], [12, 14], [13, 14], [10, 14], [1, 3], [0, 3], [2, 3], [4, 3], [9, 10], [12, 10], [14, 10], [4, 5], [7, 5], [6, 5], [8, 5], [7, 8], [6, 8], [9, 8], [5, 8], [15, 29], [18, 29], [19, 29], [17, 18], [15, 18], [29, 18], [19, 18], [17, 19], [29, 19], [18, 19], [22, 25], [27, 25], [26, 25], [24, 25], [28, 25], [23, 24], [22, 24], [25, 24], [27, 28], [26, 28], [25, 28], [16, 20], [23, 20], [21, 20], [16, 21], [23, 21], [20, 21]], "labels": {"0": "1", "1": "1", "2": "1", "3": "2", "4": "1", "5": "2", "6": "1", "7": "1", "8": "2", "9": "1", "10": "2", "11": "1", "12": "1", "13": "2", "14": "2", "15": "2", "16": "1", "17": "1", "18": "2", "19": "2", "20": "2", "21": "2", "22": "1", "23": "1", "24": "2", "25": "2", "26": "1", "27": "1", "28": "2", "29": "2"}, "target": 6}