{"edges": [[0, 1], [2, 1], [1, 0], [3, 0], [4, 0], [5, 6], [7, 6], [8, 6], [9, 6], [6, 5], [7, 5], [8, 5], [10, 5], [0, 3], [2, 3], [1, 2], [3, 2], [11, 2], [6, 7], [5, 7], [8, 7], [11, 7], [6, 8], [5, 8], [7, 8], [12, 8], [0, 4], [10, 4], [9, 4], [13, 14], [15, 14], [16, 14], [15, 17], [18, 17], [19, 17], [20, 17], [21, 17], [22, 17], [14, 13], [10, 13], [15, 13], [12, 13], [16, 13], [5, 10], [4, 10], [13, 10], [9, 10], [11, 10], [12, 10], [16, 10], [6, 9], [4, 9], [10, 9], [14, 15], [17, 15], [13, 15], [16, 15], [17, 18], [19, 18], [20, 18], [17, 19], [18, 19], [21, 19], [22, 19], [2, 11], [7, 11], [10, 11], [20, 23], [16, 23], [17, 20], [18, 20], [23, 20], [21, 20], [8, 12], [13, 12], [10, 12], [16, 12], [14, 16], [13, 16], [10, 16], [15, 16], [23, 16], [12, 16], [17, 21], [19, 21], [20, 21], [22, 21], [17, 22], [19, 22], [21, 22]], "labels": {"0": "1", "1": "1", "2": "1", "3": "1", "4": "2", "5": "1", "6": "1", "7": "1", "8": "1", "9": "2", "10": "2", "11": "2", "12": "2", "13": "2", "14": "2", "15": "2", "16": "2", "17": "2", "18": "2", "19": "2", "20": "2", "21": "2", "22": "2", "23": "2"}, "target": 3}