{"edges": [[0, 1], [2, 1], [3, 1], [1, 0], [2, 0], [4, 0], [3, 0], [1, 2], [0, 2], [4, 2], [3, 2], [0, 4], [2, 4], [5, 4], [6, 7], [8, 7], [9, 7], [7, 6], [10, 6], [8, 6], [9, 6], [11, 6], [6, 10], [5, 10], [11, 10], [3, 10], [4, 5], [10, 5], [11, 5], [3, 5], [7, 8], [6, 8], [9, 8], [7, 9], [6, 9], [8, 9], [11, 9], [6, 11], [10, 11], [5, 11], [9, 11], [1, 3], [0, 3], [2, 3], [10, 3], [5, 3]], "labels": {"0": "1", "1": "1", "2": "1", "3": "2", "4": "1", "5": "2", "6": "2", "7": "2", "8": "2", "9": "2", "10": "2", "11": "2"}, "target": 3}