{"edges": [[0, 1], [2, 1], [1, 0], [3, 0], [4, 0], [5, 0], [6, 0], [7, 0], [0, 3], [8, 3], [9, 3], [6, 3], [3, 8], [5, 8], [10, 8], [9, 11], [10, 11], [12, 11], [13, 14], [15, 14], [16, 14], [17, 18], [19, 18], [20, 18], [18, 17], [21, 17], [22, 17], [23, 17], [20, 17], [17, 21], [24, 21], [25, 21], [26, 21], [23, 21], [21, 24], [27, 24], [28, 24], [9, 29], [28, 29], [30, 29], [13, 31], [32, 31], [33, 31], [17, 22], [25, 22], [34, 22], [35, 22], [21, 25], [22, 25], [36, 25], [37, 25], [35, 25], [25, 36], [26, 36], [37, 36], [21, 26], [36, 26], [38, 26], [24, 27], [38, 27], [39, 27], [13, 40], [41, 40], [42, 40], [0, 4], [43, 4], [44, 4], [45, 4], [4, 43], [5, 43], [46, 43], [45, 43], [0, 5], [8, 5], [43, 5], [9, 5], [46, 5], [3, 9], [11, 9], [29, 9], [5, 9], [47, 9], [47, 48], [49, 48], [14, 13], [31, 13], [40, 13], [50, 13], [51, 13], [0, 6], [3, 6], [2, 52], [1, 2], [52, 2], [7, 2], [0, 7], [2, 7], [8, 10], [11, 10], [11, 12], [15, 12], [14, 15], [12, 15], [14, 16], [53, 16], [16, 53], [54, 53], [17, 23], [21, 23], [19, 55], [18, 19], [55, 19], [18, 20], [17, 20], [24, 28], [29, 28], [29, 30], [32, 30], [31, 32], [30, 32], [31, 33], [56, 33], [33, 56], [54, 56], [25, 37], [36, 37], [34, 57], [22, 34], [57, 34], [22, 35], [25, 35], [26, 38], [27, 38], [27, 39], [41, 39], [40, 41], [39, 41], [40, 42], [58, 42], [42, 58], [54, 58], [43, 46], [5, 46], [44, 59], [4, 44], [59, 44], [4, 45], [43, 45], [9, 47], [48, 47], [48, 49], [50, 49], [13, 50], [49, 50], [13, 51], [54, 51], [53, 54], [56, 54], [58, 54], [51, 54]], "labels": {"0": "1", "1": "1", "2": "2", "3": "1", "4": "1", "5": "1", "6": "2", "7": "2", "8": "1", "9": "1", "10": "2", "11": "1", "12": "2", "13": "1", "14": "1", "15": "2", "16": "2", "17": "1", "18": "1", "19": "2", "20": "2", "21": "1", "22": "1", "23": "2", "24": "1", "25": "1", "26": "1", "27": "1", "28": "2", "29": "1", "30": "2", "31": "1", "32": "2", "33": "2", "34": "2", "35": "2", "36": "1", "37": "2", "38": "2", "39": "2", "40": "1", "41": "2", "42": "2", "43": "1", "44": "2", "45": "2", "46": "2", "47": "2", "48": "1", "49": "2", "50": "2", "51": "2", "52": "2", "53": "2", "54": "2", "55": "2", "56": "2", "57": "2", "58": "2", "59": "2"}, "target": 3}