{"edges": [[0, 1], [2, 1], [3, 1], [4, 1], [5, 1], [1, 0], [3, 0], [4, 0], [6, 7], [4, 7], [8, 7], [9, 7], [7, 6], [8, 6], [9, 6], [10, 11], [9, 11], [12, 11], [11, 10], [13, 10], [12, 10], [10, 13], [14, 13], [12, 13], [15, 13], [13, 14], [16, 14], [15, 14], [14, 16], [17, 16], [15, 16], [18, 16], [16, 17], [19, 17], [18, 17], [17, 19], [20, 19], [1, 2], [3, 2], [5, 2], [1, 3], [0, 3], [2, 3], [4, 3], [5, 3], [1, 4], [0, 4], [7, 4], [3, 4], [7, 8], [6, 8], [9, 8], [7, 9], [6, 9], [11, 9], [8, 9], [11, 12], [10, 12], [13, 12], [13, 15], [14, 15], [16, 15], [16, 18], [17, 18], [1, 5], [2, 5], [3, 5], [19, 20], [21, 20], [22, 20], [20, 21], [22, 21], [23, 21], [24, 21], [20, 22], [21, 22], [23, 22], [24, 22], [21, 23], [22, 23], [24, 23], [21, 24], [22, 24], [23, 24]], "labels": {"0": "1", "1": "1", "2": "2", "3": "2", "4": "2", "5": "2", "6": "1", "7": "1", "8": "2", "9": "2", "10": "1", "11": "1", "12": "2", "13": "1", "14": "1", "15": "2", "16": "1", "17": "1", "18": "2", "19": "1", "20": "2", "21": "2", "22": "2", "23": "2", "24": "2"}, "target": 3}