{"edges": [[0, 1], [2, 1], [3, 1], [1, 0], [4, 0], [2, 0], [3, 0], [0, 4], [5, 4], [3, 4], [4, 5], [6, 5], [7, 5], [8, 9], [10, 9], [7, 9], [11, 9], [9, 8], [10, 8], [12, 8], [11, 8], [9, 10], [8, 10], [12, 10], [8, 12], [10, 12], [13, 12], [14, 15], [13, 15], [16, 15], [15, 14], [13, 14], [16, 14], [17, 18], [19, 18], [16, 18], [18, 17], [19, 17], [20, 17], [18, 19], [17, 19], [20, 19], [21, 19], [17, 20], [19, 20], [21, 20], [22, 20], [19, 21], [20, 21], [22, 21], [23, 21], [20, 22], [21, 22], [23, 22], [24, 22], [21, 23], [22, 23], [24, 23], [25, 26], [24, 26], [27, 26], [26, 25], [28, 25], [27, 25], [25, 28], [27, 28], [29, 28], [30, 28], [22, 24], [23, 24], [26, 24], [1, 2], [0, 2], [3, 2], [1, 3], [0, 3], [4, 3], [2, 3], [5, 6], [7, 6], [11, 6], [12, 13], [15, 13], [14, 13], [15, 16], [14, 16], [18, 16], [5, 7], [9, 7], [6, 7], [11, 7], [9, 11], [8, 11], [6, 11], [7, 11], [26, 27], [25, 27], [28, 27], [29, 27], [30, 27], [28, 29], [27, 29], [30, 29], [31, 29], [32, 33], [31, 33], [34, 33], [28, 30], [27, 30], [29, 30], [31, 30], [33, 32], [31, 32], [34, 32], [29, 31], [33, 31], [30, 31], [32, 31], [34, 31], [33, 34], [32, 34], [31, 34]], "labels": {"0": "1", "1": "1", "2": "2", "3": "2", "4": "1", "5": "1", "6": "2", "7": "2", "8": "1", "9": "1", "10": "1", "11": "2", "12": "1", "13": "2", "14": "1", "15": "1", "16": "2", "17": "1", "18": "1", "19": "1", "20": "1", "21": "1", "22": "1", "23": "1", "24": "2", "25": "1", "26": "1", "27": "2", "28": "1", "29": "2", "30": "2", "31": "2", "32": "2", "33": "2", "34": "2"}, "target": 3}