{"edges": [[0, 1], [2, 1], [3, 1], [1, 0], [2, 0], [3, 0], [3, 4], [5, 4], [6, 4], [7, 8], [9, 8], [10, 8], [11, 8], [8, 7], [12, 7], [13, 7], [14, 7], [7, 12], [13, 12], [15, 12], [10, 12], [14, 12], [7, 13], [12, 13], [16, 13], [17, 13], [15, 13], [13, 16], [17, 16], [15, 16], [18, 16], [13, 17], [16, 17], [19, 17], [18, 17], [17, 19], [20, 19], [21, 19], [19, 20], [21, 20], [22, 20], [19, 21], [20, 21], [22, 21], [23, 21], [24, 21], [20, 22], [21, 22], [23, 22], [24, 22], [21, 23], [22, 23], [25, 23], [24, 23], [26, 23], [23, 25], [27, 25], [26, 25], [25, 27], [26, 27], [28, 27], [29, 30], [31, 30], [32, 30], [21, 24], [22, 24], [23, 24], [26, 24], [23, 26], [25, 26], [27, 26], [24, 26], [1, 2], [0, 2], [3, 2], [1, 3], [0, 3], [4, 3], [2, 3], [4, 5], [9, 5], [6, 5], [12, 15], [13, 15], [16, 15], [18, 15], [14, 15], [16, 18], [17, 18], [15, 18], [8, 9], [5, 9], [6, 9], [11, 9], [4, 6], [5, 6], [9, 6], [8, 10], [12, 10], [11, 10], [14, 10], [27, 28], [33, 28], [29, 28], [28, 33], [29, 33], [31, 33], [30, 29], [28, 29], [33, 29], [34, 29], [31, 29], [32, 29], [29, 34], [31, 34], [32, 34], [30, 31], [33, 31], [29, 31], [34, 31], [32, 31], [30, 32], [29, 32], [34, 32], [31, 32], [8, 11], [9, 11], [10, 11], [14, 11], [7, 14], [12, 14], [15, 14], [10, 14], [11, 14]], "labels": {"0": "1", "1": "1", "2": "2", "3": "2", "4": "1", "5": "2", "6": "2", "7": "1", "8": "1", "9": "2", "10": "2", "11": "2", "12": "1", "13": "1", "14": "2", "15": "2", "16": "1", "17": "1", "18": "2", "19": "1", "20": "1", "21": "1", "22": "1", "23": "1", "24": "2", "25": "1", "26": "2", "27": "1", "28": "2", "29": "2", "30": "1", "31": "2", "32": "2", "33": "2", "34": "2"}, "target": 3}