{"edges": [[0, 1], [2, 1], [3, 1], [4, 1], [1, 0], [5, 0], [3, 0], [0, 5], [6, 5], [7, 5], [8, 9], [10, 9], [11, 9], [12, 9], [9, 8], [10, 8], [13, 8], [9, 10], [8, 10], [11, 10], [13, 10], [9, 11], [10, 11], [14, 11], [15, 11], [16, 11], [13, 11], [11, 14], [15, 14], [16, 14], [11, 15], [14, 15], [17, 15], [18, 15], [15, 17], [19, 17], [18, 17], [20, 17], [17, 19], [21, 19], [20, 19], [19, 21], [22, 21], [23, 21], [20, 21], [24, 21], [21, 22], [23, 22], [24, 22], [21, 23], [22, 23], [25, 23], [24, 23], [23, 25], [26, 25], [27, 25], [24, 25], [25, 26], [27, 26], [24, 26], [25, 27], [26, 27], [28, 27], [29, 30], [31, 30], [32, 30], [30, 29], [31, 29], [32, 29], [33, 29], [1, 2], [3, 2], [4, 2], [1, 3], [0, 3], [2, 3], [4, 3], [5, 6], [7, 6], [34, 6], [12, 6], [11, 16], [14, 16], [18, 16], [13, 16], [15, 18], [17, 18], [16, 18], [20, 18], [17, 20], [19, 20], [21, 20], [18, 20], [21, 24], [22, 24], [23, 24], [25, 24], [26, 24], [27, 28], [31, 28], [32, 28], [1, 4], [2, 4], [3, 4], [5, 7], [6, 7], [34, 7], [12, 7], [8, 13], [10, 13], [11, 13], [16, 13], [6, 34], [7, 34], [12, 34], [9, 12], [6, 12], [7, 12], [34, 12], [30, 31], [29, 31], [28, 31], [32, 31], [30, 32], [29, 32], [28, 32], [31, 32], [29, 33], [35, 33], [36, 33], [33, 35], [36, 35], [37, 35], [33, 36], [35, 36], [37, 36], [38, 36], [39, 40], [38, 40], [41, 40], [35, 37], [36, 37], [38, 37], [40, 39], [38, 39], [41, 39], [36, 38], [40, 38], [37, 38], [39, 38], [41, 38], [40, 41], [39, 41], [38, 41]], "labels": {"0": "1", "1": "1", "2": "2", "3": "2", "4": "2", "5": "1", "6": "2", "7": "2", "8": "1", "9": "1", "10": "1", "11": "1", "12": "2", "13": "2", "14": "1", "15": "1", "16": "2", "17": "1", "18": "2", "19": "1", "20": "2", "21": "1", "22": "1", "23": "1", "24": "2", "25": "1", "26": "1", "27": "1", "28": "2", "29": "1", "30": "1", "31": "2", "32": "2", "33": "2", "34": "2", "35": "2", "36": "2", "37": "2", "38": "2", "39": "2", "40": "2", "41": "2"}, "target": 3}