{"edges": [[0, 1], [2, 1], [3, 1], [1, 0], [2, 0], [4, 0], [1, 2], [0, 2], [5, 2], [6, 2], [2, 5], [7, 5], [8, 5], [9, 5], [6, 5], [5, 7], [8, 7], [9, 7], [5, 8], [7, 8], [9, 8], [10, 8], [11, 8], [5, 9], [7, 9], [8, 9], [10, 9], [12, 9], [11, 9], [8, 10], [9, 10], [12, 10], [9, 12], [10, 12], [13, 12], [14, 12], [12, 13], [15, 13], [16, 13], [14, 13], [13, 15], [16, 15], [17, 15], [14, 15], [13, 16], [15, 16], [17, 16], [18, 16], [15, 17], [16, 17], [18, 17], [19, 17], [20, 17], [16, 18], [17, 18], [19, 18], [20, 18], [17, 19], [18, 19], [20, 19], [21, 19], [22, 19], [17, 20], [18, 20], [19, 20], [21, 20], [22, 20], [23, 20], [19, 21], [20, 21], [22, 21], [24, 21], [19, 22], [20, 22], [21, 22], [25, 22], [26, 27], [28, 27], [29, 27], [27, 26], [28, 26], [29, 26], [30, 26], [27, 28], [26, 28], [29, 28], [30, 28], [27, 29], [26, 29], [28, 29], [30, 29], [26, 30], [28, 30], [29, 30], [20, 23], [31, 23], [24, 23], [25, 23], [1, 3], [4, 3], [6, 3], [0, 4], [3, 4], [6, 4], [2, 6], [5, 6], [3, 6], [4, 6], [11, 6], [8, 11], [9, 11], [6, 11], [14, 11], [12, 14], [13, 14], [15, 14], [11, 14], [23, 31], [24, 31], [25, 31], [21, 24], [23, 24], [31, 24], [25, 24], [22, 25], [23, 25], [31, 25], [24, 25], [32, 25], [33, 25], [34, 25], [25, 32], [33, 32], [34, 32], [35, 36], [34, 36], [37, 36], [25, 33], [32, 33], [34, 33], [36, 35], [34, 35], [37, 35], [25, 34], [32, 34], [36, 34], [33, 34], [35, 34], [37, 34], [36, 37], [35, 37], [34, 37]], "labels": {"0": "1", "1": "1", "2": "1", "3": "2", "4": "2", "5": "1", "6": "2", "7": "1", "8": "1", "9": "1", "10": "1", "11": "2", "12": "1", "13": "1", "14": "2", "15": "1", "16": "1", "17": "1", "18": "1", "19": "1", "20": "1", "21": "1", "22": "1", "23": "2", "24": "2", "25": "2", "26": "1", "27": "1", "28": "1", "29": "1", "30": "1", "31": "2", "32": "2", "33": "2", "34": "2", "35": "2", "36": "2", "37": "2"}, "target": 3}