{"edges": [[0, 1], [2, 1], [3, 1], [1, 0], [2, 0], [3, 0], [4, 0], [5, 0], [1, 2], [0, 2], [3, 2], [6, 2], [7, 2], [1, 3], [0, 3], [2, 3], [6, 3], [8, 3], [2, 6], [3, 6], [9, 6], [8, 6], [10, 6], [6, 9], [11, 9], [10, 9], [12, 9], [9, 11], [10, 11], [12, 11], [13, 11], [14, 11], [15, 16], [17, 16], [18, 16], [16, 15], [18, 15], [19, 15], [20, 21], [19, 21], [22, 21], [21, 20], [23, 20], [24, 20], [22, 20], [20, 23], [25, 23], [26, 23], [27, 28], [29, 28], [30, 28], [31, 28], [28, 27], [32, 27], [29, 27], [27, 32], [29, 32], [30, 32], [31, 32], [28, 29], [27, 29], [32, 29], [30, 29], [31, 29], [0, 4], [7, 4], [8, 4], [5, 4], [20, 24], [33, 24], [26, 24], [22, 24], [28, 30], [32, 30], [29, 30], [31, 30], [34, 30], [35, 30], [23, 25], [26, 25], [34, 25], [28, 31], [32, 31], [29, 31], [30, 31], [35, 31], [24, 33], [26, 33], [22, 33], [23, 26], [24, 26], [25, 26], [33, 26], [22, 26], [30, 34], [25, 34], [35, 34], [30, 35], [31, 35], [34, 35], [2, 7], [4, 7], [8, 7], [5, 7], [3, 8], [6, 8], [4, 8], [7, 8], [10, 8], [5, 8], [6, 10], [9, 10], [11, 10], [8, 10], [12, 10], [9, 12], [11, 12], [10, 12], [13, 12], [14, 12], [11, 13], [12, 13], [17, 13], [14, 13], [16, 17], [13, 17], [18, 17], [11, 14], [12, 14], [13, 14], [16, 18], [15, 18], [17, 18], [19, 18], [15, 19], [21, 19], [18, 19], [21, 22], [20, 22], [24, 22], [33, 22], [26, 22], [0, 5], [4, 5], [7, 5], [8, 5]], "labels": {"0": "1", "1": "1", "2": "1", "3": "1", "4": "2", "5": "2", "6": "1", "7": "2", "8": "2", "9": "1", "10": "2", "11": "1", "12": "2", "13": "2", "14": "2", "15": "1", "16": "1", "17": "2", "18": "2", "19": "2", "20": "1", "21": "1", "22": "2", "23": "1", "24": "2", "25": "2", "26": "2", "27": "1", "28": "1", "29": "2", "30": "2", "31": "2", "32": "2", "33": "2", "34": "2", "35": "2"}, "target": 4}