{"edges": [[0, 1], [2, 1], [3, 1], [4, 1], [5, 1], [1, 0], [2, 0], [3, 0], [4, 0], [6, 0], [1, 2], [0, 2], [3, 2], [7, 2], [6, 2], [1, 3], [0, 3], [2, 3], [7, 3], [8, 3], [2, 7], [3, 7], [9, 7], [8, 7], [10, 7], [7, 9], [11, 9], [12, 9], [10, 9], [13, 9], [9, 11], [12, 11], [14, 11], [13, 11], [9, 12], [11, 12], [14, 12], [15, 12], [11, 14], [12, 14], [16, 14], [15, 14], [17, 14], [14, 16], [18, 16], [19, 16], [17, 16], [20, 16], [16, 18], [19, 18], [20, 18], [16, 19], [18, 19], [17, 19], [1, 4], [0, 4], [6, 4], [5, 4], [0, 6], [2, 6], [4, 6], [8, 6], [10, 6], [5, 6], [3, 8], [7, 8], [6, 8], [10, 8], [13, 8], [7, 10], [9, 10], [6, 10], [8, 10], [13, 10], [9, 13], [11, 13], [8, 13], [10, 13], [15, 13], [12, 15], [14, 15], [13, 15], [17, 15], [20, 15], [14, 17], [16, 17], [19, 17], [15, 17], [20, 17], [16, 20], [18, 20], [15, 20], [17, 20], [1, 5], [4, 5], [6, 5]], "labels": {"0": "1", "1": "1", "2": "1", "3": "1", "4": "2", "5": "2", "6": "2", "7": "1", "8": "2", "9": "1", "10": "2", "11": "1", "12": "1", "13": "2", "14": "1", "15": "2", "16": "1", "17": "2", "18": "1", "19": "1", "20": "2"}, "target": 4}