{"edges": [[0, 1], [2, 1], [1, 0], [3, 0], [2, 0], [4, 0], [5, 0], [6, 7], [8, 7], [5, 7], [9, 7], [7, 6], [10, 6], [9, 6], [6, 10], [11, 10], [12, 10], [13, 14], [15, 14], [16, 14], [12, 14], [14, 13], [17, 13], [11, 13], [18, 13], [19, 13], [13, 17], [16, 17], [19, 17], [20, 17], [21, 22], [23, 22], [24, 22], [20, 22], [25, 22], [22, 21], [23, 21], [26, 21], [25, 21], [22, 23], [21, 23], [27, 23], [0, 3], [2, 3], [28, 3], [29, 3], [1, 2], [0, 2], [3, 2], [8, 2], [28, 2], [7, 8], [2, 8], [30, 8], [31, 8], [8, 30], [32, 30], [31, 30], [33, 30], [30, 32], [15, 32], [33, 32], [14, 15], [32, 15], [34, 15], [10, 11], [13, 11], [16, 11], [34, 11], [14, 16], [17, 16], [11, 16], [18, 16], [35, 16], [13, 18], [16, 18], [35, 18], [36, 18], [21, 26], [24, 26], [27, 26], [36, 26], [37, 26], [22, 24], [26, 24], [27, 24], [37, 24], [23, 27], [26, 27], [24, 27], [4, 38], [39, 38], [28, 38], [29, 38], [0, 4], [38, 4], [5, 4], [39, 4], [31, 4], [0, 5], [7, 5], [4, 5], [9, 5], [28, 5], [33, 5], [7, 9], [6, 9], [5, 9], [12, 9], [31, 9], [34, 9], [10, 12], [14, 12], [9, 12], [33, 12], [13, 19], [17, 19], [20, 19], [36, 19], [17, 20], [22, 20], [19, 20], [25, 20], [35, 20], [37, 20], [22, 25], [21, 25], [20, 25], [36, 25], [38, 39], [4, 39], [40, 39], [28, 39], [29, 39], [39, 40], [29, 40], [3, 28], [2, 28], [38, 28], [5, 28], [39, 28], [31, 28], [8, 31], [30, 31], [4, 31], [9, 31], [28, 31], [33, 31], [30, 33], [32, 33], [5, 33], [12, 33], [31, 33], [34, 33], [15, 34], [11, 34], [9, 34], [33, 34], [16, 35], [18, 35], [20, 35], [36, 35], [18, 36], [26, 36], [19, 36], [25, 36], [35, 36], [37, 36], [26, 37], [24, 37], [20, 37], [36, 37], [3, 29], [38, 29], [39, 29], [40, 29]], "labels": {"0": "1", "1": "1", "2": "1", "3": "1", "4": "2", "5": "2", "6": "1", "7": "1", "8": "1", "9": "2", "10": "1", "11": "1", "12": "2", "13": "1", "14": "1", "15": "1", "16": "1", "17": "1", "18": "1", "19": "2", "20": "2", "21": "1", "22": "1", "23": "1", "24": "1", "25": "2", "26": "1", "27": "1", "28": "2", "29": "2", "30": "1", "31": "2", "32": "1", "33": "2", "34": "2", "35": "2", "36": "2", "37": "2", "38": "2", "39": "2", "40": "2"}, "target": 4}