{"edges": [[0, 1], [2, 1], [3, 1], [1, 0], [2, 0], [3, 0], [1, 2], [0, 2], [3, 2], [4, 2], [1, 3], [0, 3], [2, 3], [4, 3], [5, 3], [2, 4], [3, 4], [6, 4], [7, 4], [5, 4], [8, 4], [4, 6], [7, 6], [9, 6], [10, 6], [11, 6], [4, 7], [6, 7], [9, 7], [10, 7], [6, 9], [7, 9], [10, 9], [6, 10], [7, 10], [9, 10], [12, 10], [13, 10], [10, 12], [14, 12], [15, 12], [13, 12], [12, 14], [15, 14], [16, 14], [12, 15], [14, 15], [16, 15], [17, 15], [14, 16], [15, 16], [18, 16], [19, 16], [17, 16], [16, 18], [19, 18], [20, 18], [16, 19], [18, 19], [20, 19], [21, 19], [22, 19], [18, 20], [19, 20], [21, 20], [23, 20], [22, 20], [19, 21], [20, 21], [23, 21], [24, 21], [25, 21], [20, 23], [21, 23], [24, 23], [26, 23], [27, 23], [25, 23], [28, 23], [21, 24], [23, 24], [26, 24], [27, 24], [28, 24], [23, 26], [24, 26], [27, 26], [29, 26], [23, 27], [24, 27], [26, 27], [29, 27], [3, 5], [4, 5], [8, 5], [11, 5], [10, 13], [12, 13], [17, 13], [8, 13], [11, 13], [15, 17], [16, 17], [13, 17], [22, 17], [25, 17], [19, 22], [20, 22], [17, 22], [25, 22], [28, 22], [29, 22], [21, 25], [23, 25], [17, 25], [22, 25], [28, 25], [29, 25], [23, 28], [24, 28], [22, 28], [25, 28], [29, 28], [26, 29], [27, 29], [22, 29], [25, 29], [28, 29], [4, 8], [5, 8], [13, 8], [11, 8], [6, 11], [5, 11], [13, 11], [8, 11]], "labels": {"0": "1", "1": "1", "2": "1", "3": "1", "4": "1", "5": "2", "6": "1", "7": "1", "8": "2", "9": "1", "10": "1", "11": "2", "12": "1", "13": "2", "14": "1", "15": "1", "16": "1", "17": "2", "18": "1", "19": "1", "20": "1", "21": "1", "22": "2", "23": "1", "24": "1", "25": "2", "26": "1", "27": "1", "28": "2", "29": "2"}, "target": 4}