{"edges": [[0, 1], [2, 1], [3, 1], [1, 0], [2, 0], [4, 0], [3, 0], [5, 0], [1, 2], [0, 2], [4, 2], [3, 2], [6, 2], [0, 4], [2, 4], [7, 4], [6, 4], [8, 4], [4, 7], [9, 7], [10, 7], [6, 7], [11, 7], [7, 9], [10, 9], [12, 9], [7, 10], [9, 10], [12, 10], [13, 10], [14, 10], [9, 12], [10, 12], [13, 12], [14, 12], [10, 13], [12, 13], [15, 13], [16, 13], [13, 15], [17, 15], [18, 15], [16, 15], [15, 17], [19, 17], [20, 17], [18, 17], [17, 19], [21, 19], [22, 19], [20, 19], [23, 19], [19, 21], [22, 21], [24, 21], [23, 21], [19, 22], [21, 22], [24, 22], [25, 22], [26, 22], [21, 24], [22, 24], [25, 24], [27, 24], [26, 24], [22, 25], [24, 25], [27, 25], [28, 25], [29, 25], [24, 27], [25, 27], [28, 27], [29, 27], [25, 28], [27, 28], [30, 28], [31, 28], [28, 30], [32, 30], [33, 30], [34, 30], [31, 30], [30, 32], [33, 32], [35, 32], [36, 32], [34, 32], [31, 32], [30, 33], [32, 33], [35, 33], [36, 33], [34, 33], [32, 35], [33, 35], [36, 35], [32, 36], [33, 36], [35, 36], [1, 3], [0, 3], [2, 3], [37, 3], [2, 6], [4, 6], [7, 6], [38, 6], [39, 6], [10, 14], [12, 14], [11, 14], [16, 14], [39, 14], [40, 14], [0, 5], [8, 5], [38, 5], [37, 5], [7, 11], [14, 11], [8, 11], [38, 11], [39, 11], [40, 11], [4, 8], [5, 8], [11, 8], [38, 8], [37, 8], [39, 8], [17, 20], [19, 20], [18, 20], [23, 20], [15, 18], [17, 18], [20, 18], [16, 18], [13, 16], [15, 16], [14, 16], [18, 16], [30, 34], [32, 34], [33, 34], [31, 34], [28, 31], [30, 31], [32, 31], [34, 31], [29, 31], [25, 29], [27, 29], [31, 29], [23, 29], [26, 29], [19, 23], [21, 23], [20, 23], [29, 23], [26, 23], [22, 26], [24, 26], [29, 26], [23, 26], [6, 38], [5, 38], [11, 38], [8, 38], [37, 38], [3, 37], [5, 37], [8, 37], [38, 37], [6, 39], [14, 39], [11, 39], [8, 39], [40, 39], [14, 40], [11, 40], [39, 40]], "labels": {"0": "1", "1": "1", "2": "1", "3": "1", "4": "1", "5": "2", "6": "1", "7": "1", "8": "2", "9": "1", "10": "1", "11": "2", "12": "1", "13": "1", "14": "2", "15": "1", "16": "2", "17": "1", "18": "2", "19": "1", "20": "2", "21": "1", "22": "1", "23": "2", "24": "1", "25": "1", "26": "2", "27": "1", "28": "1", "29": "2", "30": "1", "31": "2", "32": "1", "33": "1", "34": "2", "35": "1", "36": "1", "37": "2", "38": "2", "39": "2", "40": "2"}, "target": 4}