{"edges": [[0, 1], [2, 1], [3, 1], [1, 0], [2, 0], [3, 0], [4, 5], [6, 5], [7, 5], [5, 4], [6, 4], [8, 4], [9, 4], [10, 11], [12, 11], [13, 11], [14, 15], [16, 15], [17, 15], [18, 19], [20, 19], [21, 19], [22, 23], [24, 23], [25, 23], [26, 23], [23, 22], [27, 22], [28, 22], [22, 27], [29, 27], [28, 27], [27, 29], [30, 29], [31, 29], [32, 29], [28, 29], [29, 30], [31, 30], [32, 30], [29, 31], [30, 31], [32, 31], [29, 32], [30, 32], [31, 32], [1, 2], [0, 2], [33, 2], [3, 2], [34, 2], [5, 6], [4, 6], [8, 6], [33, 6], [7, 6], [4, 8], [6, 8], [9, 8], [7, 8], [4, 9], [8, 9], [10, 9], [12, 9], [11, 10], [9, 10], [12, 10], [13, 10], [11, 12], [9, 12], [10, 12], [13, 12], [2, 33], [6, 33], [7, 33], [3, 33], [34, 33], [5, 7], [6, 7], [8, 7], [33, 7], [1, 3], [0, 3], [2, 3], [33, 3], [34, 3], [2, 34], [33, 34], [3, 34], [19, 18], [35, 18], [20, 18], [21, 18], [18, 35], [24, 35], [25, 35], [19, 20], [18, 20], [21, 20], [14, 20], [16, 20], [23, 24], [35, 24], [25, 24], [26, 24], [19, 21], [18, 21], [20, 21], [14, 21], [16, 21], [15, 14], [20, 14], [21, 14], [16, 14], [11, 13], [10, 13], [12, 13], [36, 13], [17, 13], [15, 16], [20, 16], [21, 16], [14, 16], [36, 16], [17, 16], [13, 36], [16, 36], [17, 36], [15, 17], [13, 17], [16, 17], [36, 17], [23, 25], [35, 25], [24, 25], [26, 25], [22, 28], [27, 28], [29, 28], [23, 26], [24, 26], [25, 26]], "labels": {"0": "1", "1": "1", "2": "2", "3": "2", "4": "1", "5": "1", "6": "2", "7": "2", "8": "2", "9": "2", "10": "2", "11": "1", "12": "2", "13": "2", "14": "2", "15": "1", "16": "2", "17": "2", "18": "2", "19": "1", "20": "2", "21": "2", "22": "1", "23": "1", "24": "2", "25": "2", "26": "2", "27": "1", "28": "2", "29": "1", "30": "1", "31": "1", "32": "1", "33": "2", "34": "2", "35": "2", "36": "2"}, "target": 4}