{"edges": [[0, 1], [2, 1], [1, 0], [3, 0], [2, 0], [4, 5], [6, 5], [7, 5], [5, 4], [8, 4], [9, 4], [10, 11], [12, 11], [9, 11], [11, 10], [13, 10], [14, 10], [15, 10], [16, 17], [18, 17], [19, 17], [17, 16], [20, 16], [21, 16], [16, 20], [22, 20], [21, 20], [23, 20], [24, 25], [26, 25], [27, 25], [28, 25], [0, 3], [2, 3], [29, 3], [1, 2], [0, 2], [3, 2], [30, 2], [4, 8], [6, 8], [31, 8], [5, 6], [8, 6], [32, 6], [10, 13], [12, 13], [32, 13], [11, 12], [13, 12], [33, 12], [10, 14], [22, 14], [34, 14], [19, 14], [20, 22], [14, 22], [34, 22], [24, 22], [14, 34], [22, 34], [24, 34], [23, 34], [25, 24], [22, 24], [34, 24], [28, 24], [35, 24], [2, 30], [36, 30], [37, 30], [30, 36], [38, 36], [29, 36], [39, 36], [36, 38], [7, 38], [37, 38], [31, 38], [5, 7], [38, 7], [39, 7], [4, 9], [11, 9], [15, 9], [33, 9], [15, 40], [18, 40], [33, 40], [19, 40], [10, 15], [9, 15], [40, 15], [32, 15], [41, 15], [16, 21], [20, 21], [42, 21], [43, 21], [21, 42], [44, 42], [23, 42], [45, 42], [42, 44], [26, 44], [43, 44], [28, 44], [25, 26], [44, 26], [45, 26], [17, 18], [40, 18], [25, 27], [46, 27], [47, 27], [46, 48], [47, 48], [27, 46], [48, 46], [35, 46], [49, 46], [47, 46], [3, 29], [36, 29], [37, 29], [30, 37], [38, 37], [29, 37], [39, 37], [36, 39], [7, 39], [37, 39], [31, 39], [8, 31], [38, 31], [39, 31], [6, 32], [13, 32], [15, 32], [33, 32], [15, 41], [33, 41], [19, 41], [12, 33], [9, 33], [40, 33], [32, 33], [41, 33], [20, 23], [34, 23], [42, 23], [43, 23], [21, 43], [44, 43], [23, 43], [45, 43], [42, 45], [26, 45], [43, 45], [28, 45], [25, 28], [24, 28], [44, 28], [45, 28], [17, 19], [14, 19], [40, 19], [41, 19], [24, 35], [46, 35], [47, 35], [46, 49], [47, 49], [27, 47], [48, 47], [46, 47], [35, 47], [49, 47]], "labels": {"0": "1", "1": "1", "2": "1", "3": "1", "4": "1", "5": "1", "6": "1", "7": "2", "8": "1", "9": "2", "10": "1", "11": "1", "12": "1", "13": "1", "14": "1", "15": "2", "16": "1", "17": "1", "18": "2", "19": "2", "20": "1", "21": "2", "22": "1", "23": "2", "24": "1", "25": "1", "26": "2", "27": "2", "28": "2", "29": "2", "30": "2", "31": "2", "32": "2", "33": "2", "34": "1", "35": "2", "36": "2", "37": "2", "38": "2", "39": "2", "40": "2", "41": "2", "42": "2", "43": "2", "44": "2", "45": "2", "46": "2", "47": "2", "48": "2", "49": "2"}, "target": 4}