{"edges": [[0, 1], [2, 1], [3, 1], [4, 1], [5, 1], [1, 0], [2, 0], [3, 0], [1, 2], [0, 2], [6, 2], [7, 2], [2, 6], [8, 6], [7, 6], [9, 6], [10, 6], [8, 11], [12, 11], [13, 11], [14, 11], [12, 15], [16, 15], [17, 15], [18, 15], [19, 20], [16, 20], [21, 20], [22, 20], [23, 20], [24, 20], [25, 20], [26, 27], [28, 27], [21, 27], [27, 26], [29, 26], [30, 26], [31, 26], [32, 26], [33, 34], [35, 34], [36, 34], [30, 34], [31, 34], [34, 33], [35, 33], [36, 33], [34, 35], [33, 35], [37, 35], [38, 39], [40, 39], [41, 39], [4, 39], [39, 38], [40, 38], [42, 38], [4, 38], [39, 40], [38, 40], [42, 40], [9, 40], [38, 42], [40, 42], [43, 42], [13, 42], [9, 42], [42, 43], [44, 43], [13, 43], [17, 43], [43, 44], [45, 44], [17, 44], [22, 44], [20, 19], [45, 19], [16, 19], [22, 19], [23, 19], [27, 28], [46, 28], [29, 28], [23, 28], [31, 28], [28, 46], [47, 46], [48, 46], [49, 46], [31, 46], [46, 47], [48, 47], [50, 47], [49, 47], [46, 48], [47, 48], [51, 48], [39, 41], [52, 41], [5, 41], [41, 52], [3, 52], [4, 52], [10, 52], [5, 52], [7, 53], [9, 53], [14, 53], [10, 53], [54, 55], [8, 55], [13, 55], [14, 55], [18, 55], [55, 54], [18, 54], [24, 54], [44, 45], [19, 45], [24, 45], [25, 45], [26, 29], [28, 29], [56, 29], [25, 29], [29, 56], [50, 56], [32, 56], [47, 50], [56, 50], [57, 50], [32, 50], [35, 37], [51, 37], [36, 37], [49, 37], [57, 37], [48, 51], [37, 51], [36, 51], [49, 51], [6, 8], [11, 8], [55, 8], [2, 7], [6, 7], [53, 7], [1, 3], [0, 3], [52, 3], [34, 36], [33, 36], [37, 36], [51, 36], [11, 12], [15, 12], [15, 16], [20, 16], [19, 16], [20, 21], [27, 21], [26, 30], [34, 30], [32, 30], [11, 13], [42, 13], [43, 13], [55, 13], [6, 9], [40, 9], [42, 9], [53, 9], [1, 4], [39, 4], [38, 4], [52, 4], [46, 49], [47, 49], [37, 49], [51, 49], [15, 17], [43, 17], [44, 17], [20, 22], [44, 22], [19, 22], [20, 23], [19, 23], [28, 23], [26, 31], [34, 31], [28, 31], [46, 31], [32, 31], [11, 14], [53, 14], [55, 14], [6, 10], [52, 10], [53, 10], [1, 5], [41, 5], [52, 5], [50, 57], [37, 57], [15, 18], [55, 18], [54, 18], [20, 24], [54, 24], [45, 24], [20, 25], [45, 25], [29, 25], [26, 32], [56, 32], [50, 32], [30, 32], [31, 32]], "labels": {"0": "1", "1": "1", "2": "1", "3": "2", "4": "2", "5": "2", "6": "1", "7": "2", "8": "2", "9": "2", "10": "2", "11": "1", "12": "2", "13": "2", "14": "2", "15": "1", "16": "2", "17": "2", "18": "2", "19": "1", "20": "1", "21": "2", "22": "2", "23": "2", "24": "2", "25": "2", "26": "1", "27": "1", "28": "1", "29": "1", "30": "2", "31": "2", "32": "2", "33": "1", "34": "1", "35": "1", "36": "2", "37": "1", "38": "1", "39": "1", "40": "1", "41": "1", "42": "1", "43": "1", "44": "1", "45": "1", "46": "1", "47": "1", "48": "1", "49": "2", "50": "1", "51": "1", "52": "1", "53": "1", "54": "1", "55": "1", "56": "1", "57": "2"}, "target": 4}