{"edges": [[0, 1], [2, 1], [3, 1], [1, 0], [2, 0], [4, 0], [5, 0], [3, 0], [1, 2], [0, 2], [4, 2], [6, 2], [7, 2], [0, 4], [2, 4], [6, 4], [8, 4], [7, 4], [9, 4], [2, 6], [4, 6], [8, 6], [10, 6], [9, 6], [11, 6], [4, 8], [6, 8], [10, 8], [12, 8], [13, 8], [11, 8], [14, 8], [6, 10], [8, 10], [12, 10], [13, 10], [15, 10], [16, 10], [8, 12], [10, 12], [13, 12], [17, 12], [8, 13], [10, 13], [12, 13], [2, 7], [4, 7], [5, 7], [3, 7], [9, 7], [0, 5], [7, 5], [3, 5], [1, 3], [0, 3], [7, 3], [5, 3], [4, 9], [6, 9], [7, 9], [11, 9], [14, 9], [12, 17], [15, 17], [16, 17], [14, 17], [10, 15], [17, 15], [16, 15], [14, 15], [10, 16], [17, 16], [15, 16], [11, 16], [14, 16], [6, 11], [8, 11], [9, 11], [16, 11], [14, 11], [8, 14], [9, 14], [17, 14], [15, 14], [16, 14], [11, 14]], "labels": {"0": "1", "1": "1", "2": "1", "3": "2", "4": "1", "5": "2", "6": "1", "7": "2", "8": "1", "9": "2", "10": "1", "11": "2", "12": "1", "13": "1", "14": "2", "15": "2", "16": "2", "17": "2"}, "target": 4}