{"edges": [[0, 1], [2, 1], [3, 1], [1, 0], [4, 0], [3, 0], [5, 0], [6, 0], [7, 8], [9, 8], [10, 8], [11, 8], [8, 7], [12, 7], [13, 7], [7, 12], [9, 12], [13, 12], [0, 4], [2, 4], [1, 2], [4, 2], [6, 2], [9, 14], [13, 14], [11, 14], [8, 9], [12, 9], [14, 9], [13, 9], [7, 13], [12, 13], [14, 13], [9, 13], [1, 3], [0, 3], [5, 3], [15, 3], [0, 5], [3, 5], [10, 5], [6, 5], [15, 5], [11, 5], [8, 10], [5, 10], [15, 10], [11, 10], [0, 6], [2, 6], [5, 6], [15, 6], [3, 15], [5, 15], [10, 15], [6, 15], [11, 15], [8, 11], [14, 11], [5, 11], [10, 11], [15, 11]], "labels": {"0": "1", "1": "1", "2": "1", "3": "2", "4": "1", "5": "2", "6": "2", "7": "1", "8": "1", "9": "1", "10": "2", "11": "2", "12": "1", "13": "1", "14": "1", "15": "2"}, "target": 6}