{"edges": [[0, 1], [2, 1], [1, 0], [3, 0], [4, 0], [5, 0], [6, 0], [0, 3], [7, 3], [8, 3], [5, 3], [3, 7], [9, 7], [10, 7], [8, 7], [11, 7], [7, 9], [12, 9], [13, 9], [11, 9], [9, 12], [14, 12], [15, 12], [16, 12], [12, 14], [15, 14], [17, 14], [16, 14], [12, 15], [14, 15], [18, 15], [19, 15], [20, 15], [21, 22], [17, 22], [23, 22], [20, 22], [22, 21], [19, 21], [24, 21], [25, 26], [27, 26], [28, 26], [24, 26], [26, 25], [29, 25], [27, 25], [28, 25], [0, 4], [2, 4], [6, 4], [30, 4], [1, 2], [4, 2], [31, 2], [32, 2], [30, 2], [2, 31], [13, 31], [33, 31], [32, 31], [9, 13], [31, 13], [10, 13], [33, 13], [34, 13], [7, 10], [13, 10], [35, 10], [34, 10], [10, 35], [18, 35], [17, 35], [36, 35], [15, 18], [35, 18], [17, 18], [36, 18], [14, 17], [22, 17], [35, 17], [18, 17], [37, 17], [15, 19], [21, 19], [23, 19], [37, 19], [22, 23], [19, 23], [38, 23], [25, 29], [27, 29], [39, 29], [38, 29], [26, 27], [25, 27], [29, 27], [39, 27], [3, 8], [7, 8], [11, 8], [34, 8], [0, 5], [3, 5], [6, 5], [30, 5], [0, 6], [4, 6], [5, 6], [32, 6], [26, 28], [25, 28], [24, 28], [38, 28], [21, 24], [26, 24], [28, 24], [39, 24], [15, 20], [22, 20], [16, 20], [36, 20], [12, 16], [14, 16], [20, 16], [37, 16], [7, 11], [9, 11], [8, 11], [33, 11], [34, 11], [31, 33], [13, 33], [11, 33], [34, 33], [2, 32], [31, 32], [6, 32], [30, 32], [4, 30], [2, 30], [5, 30], [32, 30], [29, 39], [27, 39], [24, 39], [38, 39], [23, 38], [29, 38], [28, 38], [39, 38], [17, 37], [19, 37], [16, 37], [36, 37], [35, 36], [18, 36], [20, 36], [37, 36], [13, 34], [10, 34], [8, 34], [11, 34], [33, 34]], "labels": {"0": "1", "1": "1", "2": "1", "3": "1", "4": "1", "5": "2", "6": "2", "7": "1", "8": "2", "9": "1", "10": "1", "11": "2", "12": "1", "13": "1", "14": "1", "15": "1", "16": "2", "17": "1", "18": "1", "19": "1", "20": "2", "21": "1", "22": "1", "23": "1", "24": "2", "25": "1", "26": "1", "27": "1", "28": "2", "29": "1", "30": "2", "31": "1", "32": "2", "33": "2", "34": "2", "35": "1", "36": "2", "37": "2", "38": "2", "39": "2"}, "target": 4}