{"edges": [[0, 1], [2, 1], [1, 0], [3, 0], [4, 0], [5, 0], [6, 0], [0, 3], [4, 3], [7, 3], [8, 3], [0, 4], [3, 4], [9, 4], [10, 4], [11, 4], [12, 13], [14, 13], [11, 13], [13, 12], [15, 12], [14, 12], [16, 12], [12, 15], [17, 15], [18, 15], [14, 15], [16, 15], [19, 20], [21, 20], [18, 20], [22, 20], [20, 19], [23, 19], [24, 19], [18, 19], [25, 19], [22, 19], [26, 27], [28, 27], [24, 27], [29, 27], [25, 27], [27, 26], [30, 26], [31, 26], [28, 26], [32, 26], [26, 30], [33, 30], [32, 30], [2, 34], [5, 34], [35, 34], [1, 2], [34, 2], [5, 2], [6, 2], [35, 2], [36, 2], [4, 9], [7, 9], [37, 9], [3, 7], [9, 7], [8, 7], [38, 7], [4, 10], [17, 10], [16, 10], [38, 10], [15, 17], [10, 17], [39, 17], [16, 17], [17, 39], [23, 39], [22, 39], [19, 23], [39, 23], [21, 23], [22, 23], [20, 21], [23, 21], [31, 21], [25, 21], [26, 31], [21, 31], [29, 31], [25, 31], [28, 40], [32, 40], [29, 40], [41, 40], [30, 33], [32, 33], [41, 33], [27, 28], [26, 28], [40, 28], [19, 24], [27, 24], [15, 18], [20, 18], [19, 18], [13, 14], [12, 14], [15, 14], [4, 11], [13, 11], [8, 11], [37, 11], [3, 8], [7, 8], [11, 8], [42, 8], [38, 8], [43, 8], [0, 5], [34, 5], [2, 5], [26, 32], [30, 32], [40, 32], [33, 32], [0, 6], [2, 6], [42, 6], [43, 6], [8, 42], [6, 42], [37, 42], [36, 42], [43, 42], [27, 29], [31, 29], [40, 29], [19, 25], [27, 25], [21, 25], [31, 25], [20, 22], [19, 22], [39, 22], [23, 22], [12, 16], [15, 16], [10, 16], [17, 16], [7, 38], [10, 38], [8, 38], [37, 38], [9, 37], [11, 37], [42, 37], [38, 37], [43, 37], [34, 35], [2, 35], [40, 41], [33, 41], [2, 36], [42, 36], [43, 36], [8, 43], [6, 43], [42, 43], [37, 43], [36, 43]], "labels": {"0": "1", "1": "1", "2": "1", "3": "1", "4": "1", "5": "2", "6": "2", "7": "1", "8": "2", "9": "1", "10": "1", "11": "2", "12": "1", "13": "1", "14": "2", "15": "1", "16": "2", "17": "1", "18": "2", "19": "1", "20": "1", "21": "1", "22": "2", "23": "1", "24": "2", "25": "2", "26": "1", "27": "1", "28": "2", "29": "2", "30": "1", "31": "1", "32": "2", "33": "1", "34": "1", "35": "2", "36": "2", "37": "2", "38": "2", "39": "1", "40": "1", "41": "2", "42": "2", "43": "2"}, "target": 4}