{"edges": [[0, 1], [2, 1], [3, 1], [1, 0], [2, 0], [3, 0], [1, 2], [0, 2], [3, 2], [4, 2], [1, 3], [0, 3], [2, 3], [5, 3], [6, 3], [4, 3], [3, 5], [6, 5], [7, 5], [4, 5], [8, 5], [3, 6], [5, 6], [7, 6], [8, 6], [5, 7], [6, 7], [9, 7], [10, 7], [8, 7], [7, 9], [10, 9], [11, 9], [7, 10], [9, 10], [12, 10], [13, 10], [11, 10], [10, 12], [14, 12], [15, 12], [16, 12], [17, 12], [12, 14], [15, 14], [18, 14], [16, 14], [19, 14], [12, 15], [14, 15], [18, 15], [20, 15], [19, 15], [21, 15], [14, 18], [15, 18], [20, 18], [21, 18], [15, 20], [18, 20], [22, 20], [23, 20], [24, 20], [20, 22], [23, 22], [25, 22], [24, 22], [20, 23], [22, 23], [25, 23], [26, 23], [24, 23], [22, 25], [23, 25], [26, 25], [27, 25], [23, 26], [25, 26], [28, 26], [29, 26], [27, 26], [26, 28], [30, 28], [31, 28], [32, 28], [29, 28], [28, 30], [31, 30], [33, 30], [34, 30], [32, 30], [28, 31], [30, 31], [33, 31], [34, 31], [30, 33], [31, 33], [34, 33], [35, 33], [30, 34], [31, 34], [33, 34], [36, 34], [37, 34], [35, 34], [34, 36], [37, 36], [38, 36], [34, 37], [36, 37], [38, 37], [39, 37], [40, 37], [36, 38], [37, 38], [39, 38], [40, 38], [37, 39], [38, 39], [40, 39], [37, 40], [38, 40], [39, 40], [2, 4], [3, 4], [5, 4], [8, 4], [33, 35], [34, 35], [32, 35], [29, 35], [28, 32], [30, 32], [35, 32], [29, 32], [27, 32], [26, 29], [28, 29], [35, 29], [32, 29], [27, 29], [12, 16], [14, 16], [13, 16], [17, 16], [19, 16], [21, 16], [10, 13], [16, 13], [11, 13], [17, 13], [9, 11], [10, 11], [13, 11], [17, 11], [5, 8], [6, 8], [7, 8], [4, 8], [12, 17], [16, 17], [13, 17], [11, 17], [19, 17], [14, 19], [15, 19], [16, 19], [17, 19], [21, 19], [24, 19], [25, 27], [26, 27], [32, 27], [29, 27], [15, 21], [18, 21], [16, 21], [19, 21], [24, 21], [20, 24], [22, 24], [23, 24], [19, 24], [21, 24]], "labels": {"0": "1", "1": "1", "2": "1", "3": "1", "4": "2", "5": "1", "6": "1", "7": "1", "8": "2", "9": "1", "10": "1", "11": "2", "12": "1", "13": "2", "14": "1", "15": "1", "16": "2", "17": "2", "18": "1", "19": "2", "20": "1", "21": "2", "22": "1", "23": "1", "24": "2", "25": "1", "26": "1", "27": "2", "28": "1", "29": "2", "30": "1", "31": "1", "32": "2", "33": "1", "34": "1", "35": "2", "36": "1", "37": "1", "38": "1", "39": "1", "40": "1"}, "target": 4}