{"edges": [[0, 1], [2, 1], [3, 4], [5, 4], [6, 4], [4, 3], [7, 3], [8, 3], [3, 7], [8, 7], [5, 7], [9, 7], [3, 8], [7, 8], [5, 8], [0, 10], [2, 10], [5, 11], [12, 11], [6, 11], [13, 11], [4, 5], [7, 5], [8, 5], [11, 5], [12, 5], [9, 5], [11, 12], [5, 12], [9, 12], [7, 9], [5, 9], [12, 9], [1, 0], [10, 0], [14, 0], [15, 0], [0, 14], [16, 14], [2, 14], [14, 16], [6, 16], [13, 16], [4, 6], [11, 6], [16, 6], [17, 6], [13, 6], [1, 2], [10, 2], [14, 2], [15, 2], [0, 15], [2, 15], [17, 15], [6, 17], [15, 17], [13, 17], [11, 13], [16, 13], [6, 13], [17, 13]], "labels": {"0": "2", "1": "1", "2": "2", "3": "1", "4": "1", "5": "1", "6": "2", "7": "1", "8": "1", "9": "1", "10": "1", "11": "1", "12": "1", "13": "2", "14": "2", "15": "2", "16": "2", "17": "2"}, "target": 6}