{"edges": [[0, 1], [2, 1], [1, 0], [3, 0], [4, 0], [0, 3], [5, 3], [4, 3], [3, 5], [6, 5], [7, 8], [8, 7], [9, 7], [10, 11], [12, 11], [13, 11], [11, 10], [14, 10], [10, 14], [15, 14], [14, 15], [16, 15], [17, 15], [15, 16], [18, 16], [19, 20], [21, 20], [20, 19], [22, 19], [23, 19], [19, 22], [24, 22], [23, 22], [25, 22], [22, 24], [26, 27], [28, 27], [27, 26], [29, 26], [30, 31], [28, 31], [31, 30], [32, 30], [30, 32], [33, 32], [32, 33], [34, 33], [33, 34], [18, 34], [21, 35], [2, 35], [20, 21], [35, 21], [36, 21], [23, 21], [37, 21], [25, 21], [38, 39], [37, 39], [39, 38], [12, 40], [28, 40], [11, 12], [40, 12], [9, 12], [7, 9], [12, 9], [13, 9], [11, 13], [9, 13], [17, 13], [15, 17], [13, 17], [18, 17], [41, 17], [16, 18], [34, 18], [17, 18], [42, 18], [43, 18], [44, 18], [18, 42], [41, 42], [44, 42], [21, 36], [2, 36], [1, 2], [35, 2], [36, 2], [25, 2], [5, 6], [45, 6], [4, 6], [37, 6], [25, 6], [6, 45], [28, 46], [27, 28], [31, 28], [40, 28], [46, 28], [29, 28], [26, 29], [28, 29], [47, 29], [29, 47], [43, 47], [18, 43], [47, 43], [41, 43], [17, 41], [42, 41], [43, 41], [44, 41], [18, 44], [42, 44], [41, 44], [48, 49], [50, 49], [51, 49], [52, 49], [49, 48], [53, 48], [54, 48], [55, 48], [52, 48], [48, 53], [50, 53], [51, 53], [52, 53], [49, 50], [53, 50], [48, 54], [49, 51], [53, 51], [48, 55], [49, 52], [48, 52], [53, 52], [0, 4], [3, 4], [6, 4], [19, 23], [22, 23], [21, 23], [21, 37], [39, 37], [6, 37], [22, 25], [21, 25], [2, 25], [6, 25]], "labels": {"0": "1", "1": "1", "2": "1", "3": "1", "4": "3", "5": "1", "6": "1", "7": "1", "8": "1", "9": "1", "10": "1", "11": "1", "12": "1", "13": "1", "14": "1", "15": "1", "16": "1", "17": "1", "18": "1", "19": "1", "20": "1", "21": "1", "22": "1", "23": "3", "24": "1", "25": "3", "26": "1", "27": "1", "28": "1", "29": "1", "30": "1", "31": "1", "32": "1", "33": "1", "34": "1", "35": "1", "36": "1", "37": "3", "38": "1", "39": "1", "40": "1", "41": "1", "42": "1", "43": "1", "44": "1", "45": "1", "46": "1", "47": "1", "48": "2", "49": "2", "50": "2", "51": "2", "52": "2", "53": "2", "54": "2", "55": "2"}, "target": 4}