{"edges": [[0, 1], [2, 1], [3, 1], [1, 0], [2, 0], [3, 0], [4, 5], [6, 5], [7, 5], [5, 4], [6, 4], [7, 4], [8, 4], [9, 10], [11, 10], [7, 10], [8, 10], [10, 9], [11, 9], [12, 9], [13, 14], [15, 14], [12, 14], [16, 14], [1, 2], [0, 2], [17, 2], [3, 2], [18, 19], [20, 19], [6, 19], [10, 11], [9, 11], [12, 11], [21, 22], [17, 22], [3, 22], [22, 21], [23, 21], [24, 21], [19, 18], [23, 18], [24, 18], [20, 18], [21, 23], [18, 23], [24, 23], [20, 23], [2, 17], [22, 17], [3, 17], [21, 24], [18, 24], [23, 24], [20, 24], [19, 20], [18, 20], [23, 20], [24, 20], [5, 6], [4, 6], [19, 6], [7, 6], [8, 6], [5, 7], [4, 7], [10, 7], [6, 7], [8, 7], [14, 13], [15, 13], [12, 13], [16, 13], [4, 8], [10, 8], [6, 8], [7, 8], [14, 15], [13, 15], [12, 15], [16, 15], [9, 12], [14, 12], [11, 12], [13, 12], [15, 12], [14, 16], [13, 16], [15, 16], [1, 3], [0, 3], [2, 3], [22, 3], [17, 3]], "labels": {"0": "1", "1": "1", "2": "2", "3": "2", "4": "1", "5": "1", "6": "2", "7": "2", "8": "2", "9": "1", "10": "1", "11": "2", "12": "2", "13": "2", "14": "1", "15": "2", "16": "2", "17": "2", "18": "2", "19": "2", "20": "2", "21": "2", "22": "2", "23": "2", "24": "2"}, "target": 4}