{"edges": [[0, 1], [2, 1], [3, 1], [1, 0], [2, 0], [3, 0], [4, 5], [6, 5], [7, 5], [5, 4], [6, 4], [7, 4], [8, 4], [9, 10], [7, 10], [8, 10], [10, 9], [11, 9], [12, 9], [9, 11], [12, 11], [13, 11], [14, 15], [16, 15], [13, 15], [17, 15], [1, 2], [0, 2], [18, 2], [3, 2], [19, 20], [21, 20], [6, 20], [9, 12], [11, 12], [13, 12], [22, 23], [18, 23], [3, 23], [23, 22], [24, 22], [20, 19], [24, 19], [25, 19], [21, 19], [22, 24], [19, 24], [25, 24], [21, 24], [2, 18], [23, 18], [3, 18], [19, 25], [24, 25], [21, 25], [20, 21], [19, 21], [24, 21], [25, 21], [5, 6], [4, 6], [20, 6], [5, 7], [4, 7], [10, 7], [8, 7], [15, 14], [16, 14], [13, 14], [17, 14], [4, 8], [10, 8], [7, 8], [15, 16], [14, 16], [13, 16], [17, 16], [11, 13], [15, 13], [12, 13], [14, 13], [16, 13], [15, 17], [14, 17], [16, 17], [1, 3], [0, 3], [2, 3], [23, 3], [18, 3]], "labels": {"0": "1", "1": "1", "2": "2", "3": "2", "4": "1", "5": "1", "6": "2", "7": "2", "8": "2", "9": "1", "10": "1", "11": "1", "12": "2", "13": "2", "14": "2", "15": "1", "16": "2", "17": "2", "18": "2", "19": "2", "20": "2", "21": "2", "22": "2", "23": "2", "24": "2", "25": "2"}, "target": 4}