{"edges": [[0, 1], [2, 1], [3, 1], [1, 0], [2, 0], [3, 0], [4, 5], [6, 5], [7, 5], [5, 4], [8, 4], [9, 4], [10, 11], [12, 11], [8, 11], [11, 10], [13, 10], [14, 10], [15, 10], [14, 16], [17, 16], [15, 16], [18, 19], [20, 19], [21, 19], [22, 19], [23, 19], [24, 25], [2, 25], [3, 25], [25, 24], [2, 24], [3, 24], [26, 27], [28, 27], [12, 27], [7, 27], [27, 26], [28, 26], [12, 26], [29, 26], [27, 28], [26, 28], [12, 28], [13, 28], [30, 28], [11, 12], [27, 12], [26, 12], [28, 12], [13, 12], [15, 12], [10, 13], [28, 13], [12, 13], [18, 13], [15, 13], [31, 13], [19, 18], [13, 18], [20, 18], [23, 18], [32, 18], [1, 2], [0, 2], [25, 2], [24, 2], [33, 2], [34, 2], [35, 36], [6, 36], [7, 36], [10, 14], [16, 14], [17, 14], [37, 38], [39, 38], [40, 38], [38, 37], [41, 37], [42, 37], [36, 35], [43, 35], [44, 35], [37, 41], [45, 41], [46, 41], [38, 39], [33, 39], [34, 39], [41, 45], [43, 45], [47, 45], [35, 43], [45, 43], [48, 43], [5, 6], [36, 6], [49, 6], [4, 8], [11, 8], [9, 8], [29, 8], [19, 20], [18, 20], [21, 20], [22, 20], [50, 20], [32, 20], [4, 9], [8, 9], [30, 9], [19, 21], [20, 21], [17, 21], [23, 21], [31, 21], [16, 17], [14, 17], [21, 17], [15, 17], [50, 17], [19, 22], [20, 22], [23, 22], [2, 33], [39, 33], [3, 33], [51, 33], [34, 33], [1, 3], [0, 3], [25, 3], [24, 3], [33, 3], [34, 3], [6, 49], [44, 49], [7, 49], [10, 15], [16, 15], [12, 15], [13, 15], [17, 15], [37, 42], [40, 42], [51, 42], [38, 40], [42, 40], [46, 40], [43, 48], [47, 48], [44, 48], [45, 47], [48, 47], [46, 47], [33, 51], [42, 51], [34, 51], [41, 46], [40, 46], [47, 46], [35, 44], [49, 44], [48, 44], [5, 7], [27, 7], [36, 7], [49, 7], [28, 30], [9, 30], [29, 30], [19, 23], [18, 23], [21, 23], [22, 23], [50, 23], [32, 23], [26, 29], [8, 29], [30, 29], [20, 50], [17, 50], [23, 50], [31, 50], [13, 31], [21, 31], [50, 31], [18, 32], [20, 32], [23, 32], [2, 34], [39, 34], [33, 34], [3, 34], [51, 34]], "labels": {"0": "1", "1": "1", "2": "2", "3": "2", "4": "1", "5": "1", "6": "2", "7": "2", "8": "2", "9": "2", "10": "1", "11": "1", "12": "1", "13": "1", "14": "2", "15": "2", "16": "1", "17": "2", "18": "1", "19": "1", "20": "2", "21": "2", "22": "2", "23": "2", "24": "1", "25": "1", "26": "1", "27": "1", "28": "1", "29": "2", "30": "2", "31": "2", "32": "2", "33": "2", "34": "2", "35": "2", "36": "2", "37": "2", "38": "2", "39": "2", "40": "2", "41": "2", "42": "2", "43": "2", "44": "2", "45": "2", "46": "2", "47": "2", "48": "2", "49": "2", "50": "2", "51": "2"}, "target": 4}