{"edges": [[0, 1], [2, 1], [3, 1], [1, 0], [2, 0], [4, 0], [3, 0], [1, 2], [0, 2], [4, 2], [5, 2], [6, 2], [7, 2], [0, 4], [2, 4], [5, 4], [6, 4], [8, 4], [2, 5], [4, 5], [6, 5], [9, 5], [10, 5], [11, 5], [2, 6], [4, 6], [5, 6], [9, 6], [10, 6], [12, 6], [5, 9], [6, 9], [10, 9], [13, 9], [12, 9], [5, 10], [6, 10], [9, 10], [14, 10], [15, 10], [16, 17], [18, 17], [19, 17], [20, 17], [17, 16], [18, 16], [20, 16], [21, 16], [17, 18], [16, 18], [22, 18], [1, 3], [0, 3], [23, 3], [24, 3], [25, 3], [7, 26], [27, 26], [28, 26], [3, 23], [24, 23], [25, 23], [10, 14], [13, 14], [29, 14], [15, 14], [9, 13], [14, 13], [29, 13], [15, 13], [12, 13], [14, 29], [13, 29], [15, 29], [12, 29], [4, 8], [11, 8], [7, 8], [12, 8], [10, 15], [14, 15], [13, 15], [29, 15], [5, 11], [8, 11], [7, 11], [12, 11], [2, 7], [26, 7], [8, 7], [11, 7], [26, 27], [30, 27], [31, 27], [28, 27], [27, 30], [31, 30], [28, 30], [32, 30], [3, 24], [23, 24], [25, 24], [27, 31], [30, 31], [28, 31], [32, 31], [26, 28], [27, 28], [30, 28], [31, 28], [30, 32], [31, 32], [25, 32], [3, 25], [23, 25], [24, 25], [32, 25], [6, 12], [9, 12], [13, 12], [29, 12], [8, 12], [11, 12], [33, 34], [35, 34], [36, 34], [34, 33], [35, 33], [36, 33], [17, 19], [37, 19], [20, 19], [21, 19], [19, 37], [20, 37], [21, 37], [38, 37], [39, 37], [34, 35], [33, 35], [36, 35], [20, 40], [22, 40], [21, 40], [17, 20], [16, 20], [19, 20], [37, 20], [40, 20], [22, 20], [21, 20], [18, 22], [40, 22], [20, 22], [21, 22], [16, 21], [19, 21], [37, 21], [40, 21], [20, 21], [22, 21], [34, 36], [33, 36], [35, 36], [38, 36], [39, 36], [37, 38], [36, 38], [39, 38], [37, 39], [36, 39], [38, 39]], "labels": {"0": "1", "1": "1", "2": "1", "3": "2", "4": "1", "5": "1", "6": "1", "7": "2", "8": "2", "9": "1", "10": "1", "11": "2", "12": "2", "13": "2", "14": "2", "15": "2", "16": "1", "17": "1", "18": "1", "19": "2", "20": "2", "21": "2", "22": "2", "23": "2", "24": "2", "25": "2", "26": "2", "27": "2", "28": "2", "29": "2", "30": "2", "31": "2", "32": "2", "33": "2", "34": "2", "35": "2", "36": "2", "37": "2", "38": "2", "39": "2", "40": "2"}, "target": 4}