{"edges": [[0, 1], [2, 1], [3, 1], [1, 0], [2, 0], [3, 0], [4, 5], [6, 5], [7, 5], [8, 9], [10, 9], [11, 9], [12, 13], [14, 13], [15, 13], [13, 12], [14, 12], [16, 12], [13, 14], [12, 14], [16, 14], [17, 18], [19, 18], [20, 18], [21, 18], [22, 23], [24, 23], [25, 23], [26, 23], [27, 28], [7, 28], [2, 28], [3, 28], [29, 30], [26, 30], [31, 30], [18, 17], [20, 17], [32, 17], [23, 22], [24, 22], [32, 22], [13, 15], [33, 15], [10, 15], [11, 15], [34, 35], [36, 35], [8, 35], [37, 38], [39, 38], [40, 38], [41, 38], [42, 38], [4, 43], [44, 43], [6, 43], [5, 4], [43, 4], [44, 4], [6, 4], [7, 4], [18, 19], [21, 19], [16, 19], [28, 27], [7, 27], [3, 27], [30, 29], [26, 29], [31, 29], [18, 20], [17, 20], [32, 20], [23, 24], [22, 24], [25, 24], [26, 24], [15, 33], [10, 33], [11, 33], [35, 34], [36, 34], [8, 34], [38, 37], [39, 37], [40, 37], [41, 37], [42, 37], [43, 44], [4, 44], [6, 44], [39, 44], [5, 6], [43, 6], [4, 6], [44, 6], [7, 6], [18, 21], [19, 21], [16, 21], [5, 7], [28, 7], [4, 7], [27, 7], [6, 7], [38, 39], [37, 39], [44, 39], [41, 39], [38, 40], [37, 40], [41, 40], [42, 40], [1, 2], [0, 2], [28, 2], [3, 2], [1, 3], [0, 3], [28, 3], [27, 3], [2, 3], [38, 41], [37, 41], [39, 41], [40, 41], [38, 42], [37, 42], [40, 42], [36, 42], [35, 36], [34, 36], [42, 36], [9, 8], [35, 8], [34, 8], [9, 10], [15, 10], [33, 10], [11, 10], [9, 11], [15, 11], [33, 11], [10, 11], [12, 16], [14, 16], [19, 16], [21, 16], [17, 32], [22, 32], [20, 32], [23, 25], [24, 25], [26, 25], [23, 26], [30, 26], [29, 26], [24, 26], [25, 26], [31, 26], [30, 31], [29, 31], [26, 31]], "labels": {"0": "1", "1": "1", "2": "3", "3": "3", "4": "2", "5": "1", "6": "2", "7": "2", "8": "3", "9": "1", "10": "3", "11": "3", "12": "1", "13": "1", "14": "1", "15": "2", "16": "3", "17": "2", "18": "1", "19": "2", "20": "2", "21": "2", "22": "2", "23": "1", "24": "2", "25": "3", "26": "3", "27": "2", "28": "2", "29": "2", "30": "2", "31": "3", "32": "3", "33": "2", "34": "2", "35": "2", "36": "3", "37": "2", "38": "2", "39": "2", "40": "2", "41": "3", "42": "3", "43": "2", "44": "2"}, "target": 4}