{"edges": [[0, 1], [2, 1], [3, 1], [1, 0], [2, 0], [3, 0], [4, 5], [6, 5], [7, 5], [5, 4], [6, 4], [8, 4], [7, 4], [9, 10], [6, 10], [8, 10], [10, 9], [11, 9], [12, 9], [9, 11], [13, 11], [12, 11], [14, 15], [13, 15], [16, 15], [17, 15], [1, 2], [0, 2], [3, 2], [18, 2], [7, 19], [20, 19], [21, 19], [1, 3], [0, 3], [2, 3], [18, 3], [22, 3], [15, 14], [16, 14], [17, 14], [11, 13], [15, 13], [16, 13], [17, 13], [12, 13], [15, 16], [14, 16], [13, 16], [17, 16], [5, 6], [4, 6], [10, 6], [8, 6], [7, 6], [15, 17], [14, 17], [13, 17], [16, 17], [4, 8], [10, 8], [6, 8], [7, 8], [5, 7], [4, 7], [19, 7], [6, 7], [8, 7], [19, 20], [23, 20], [24, 20], [21, 20], [20, 23], [24, 23], [21, 23], [25, 23], [2, 18], [3, 18], [22, 18], [20, 24], [23, 24], [21, 24], [25, 24], [19, 21], [20, 21], [23, 21], [24, 21], [23, 25], [24, 25], [22, 25], [3, 22], [18, 22], [25, 22], [9, 12], [11, 12], [13, 12]], "labels": {"0": "1", "1": "1", "2": "2", "3": "2", "4": "1", "5": "1", "6": "2", "7": "2", "8": "2", "9": "1", "10": "1", "11": "1", "12": "2", "13": "2", "14": "2", "15": "1", "16": "2", "17": "2", "18": "2", "19": "2", "20": "2", "21": "2", "22": "2", "23": "2", "24": "2", "25": "2"}, "target": 4}