{"edges": [[0, 1], [2, 1], [3, 1], [1, 0], [2, 0], [4, 0], [1, 2], [0, 2], [3, 2], [5, 2], [5, 6], [7, 6], [8, 6], [9, 10], [11, 10], [12, 10], [13, 10], [14, 10], [10, 9], [15, 9], [16, 9], [13, 9], [9, 15], [16, 15], [17, 15], [9, 16], [15, 16], [17, 16], [18, 16], [19, 20], [21, 20], [22, 20], [23, 20], [0, 4], [3, 4], [24, 4], [1, 3], [2, 3], [4, 3], [24, 3], [4, 24], [3, 24], [5, 24], [8, 24], [5, 25], [8, 25], [26, 25], [12, 27], [13, 27], [28, 27], [14, 27], [29, 30], [31, 30], [12, 30], [32, 30], [30, 29], [31, 29], [17, 29], [33, 29], [30, 31], [29, 31], [17, 31], [33, 31], [34, 31], [20, 19], [35, 19], [36, 19], [23, 19], [2, 5], [6, 5], [24, 5], [25, 5], [7, 5], [26, 5], [37, 38], [11, 38], [39, 38], [28, 38], [15, 17], [16, 17], [29, 17], [31, 17], [40, 17], [18, 17], [41, 42], [7, 42], [43, 42], [42, 41], [37, 41], [44, 41], [38, 37], [41, 37], [45, 37], [10, 11], [38, 11], [45, 11], [10, 12], [27, 12], [30, 12], [13, 12], [32, 12], [19, 35], [46, 35], [22, 35], [47, 35], [23, 35], [17, 40], [18, 40], [46, 40], [33, 40], [34, 40], [21, 48], [36, 48], [6, 7], [5, 7], [42, 7], [8, 7], [20, 21], [48, 21], [49, 21], [16, 18], [17, 18], [40, 18], [33, 18], [50, 18], [35, 46], [40, 46], [22, 46], [51, 46], [23, 46], [10, 13], [9, 13], [27, 13], [12, 13], [14, 13], [20, 22], [35, 22], [46, 22], [23, 22], [6, 8], [24, 8], [25, 8], [7, 8], [26, 8], [37, 45], [11, 45], [39, 45], [28, 45], [29, 33], [31, 33], [40, 33], [18, 33], [41, 44], [43, 44], [26, 44], [42, 43], [44, 43], [39, 43], [38, 39], [45, 39], [43, 39], [27, 28], [38, 28], [45, 28], [10, 14], [27, 14], [13, 14], [32, 14], [46, 51], [47, 51], [23, 51], [18, 50], [34, 50], [47, 50], [21, 49], [36, 49], [25, 26], [5, 26], [8, 26], [44, 26], [19, 36], [48, 36], [49, 36], [31, 34], [40, 34], [50, 34], [35, 47], [51, 47], [50, 47], [30, 32], [12, 32], [14, 32], [20, 23], [19, 23], [35, 23], [46, 23], [22, 23], [51, 23]], "labels": {"0": "1", "1": "1", "2": "1", "3": "1", "4": "1", "5": "2", "6": "1", "7": "2", "8": "2", "9": "1", "10": "1", "11": "2", "12": "2", "13": "2", "14": "2", "15": "1", "16": "1", "17": "2", "18": "2", "19": "1", "20": "1", "21": "2", "22": "2", "23": "2", "24": "1", "25": "1", "26": "2", "27": "1", "28": "2", "29": "1", "30": "1", "31": "1", "32": "2", "33": "2", "34": "2", "35": "2", "36": "2", "37": "2", "38": "2", "39": "2", "40": "2", "41": "2", "42": "2", "43": "2", "44": "2", "45": "2", "46": "2", "47": "2", "48": "2", "49": "2", "50": "2", "51": "2"}, "target": 4}