{"edges": [[0, 1], [2, 1], [3, 1], [4, 1], [5, 6], [7, 6], [8, 6], [9, 6], [10, 11], [12, 11], [13, 11], [14, 11], [15, 16], [12, 16], [13, 16], [16, 15], [17, 15], [18, 15], [17, 19], [20, 19], [18, 19], [21, 22], [23, 22], [24, 22], [25, 22], [26, 22], [6, 5], [0, 5], [4, 5], [27, 5], [1, 0], [5, 0], [9, 0], [28, 0], [29, 30], [31, 30], [12, 30], [32, 30], [33, 30], [30, 29], [31, 29], [34, 29], [14, 29], [30, 31], [29, 31], [34, 31], [18, 31], [29, 34], [31, 34], [35, 34], [18, 34], [36, 34], [34, 35], [21, 35], [25, 35], [26, 35], [1, 2], [3, 2], [27, 2], [37, 38], [10, 38], [32, 38], [15, 17], [19, 17], [20, 17], [6, 7], [39, 7], [40, 7], [7, 39], [41, 39], [9, 39], [42, 43], [37, 43], [44, 43], [43, 42], [41, 42], [45, 42], [6, 8], [3, 8], [27, 8], [39, 41], [42, 41], [46, 41], [38, 37], [43, 37], [47, 37], [11, 10], [38, 10], [48, 10], [11, 12], [16, 12], [30, 12], [13, 12], [33, 12], [22, 21], [35, 21], [23, 21], [24, 21], [49, 21], [26, 21], [11, 13], [16, 13], [12, 13], [14, 13], [22, 23], [21, 23], [20, 23], [25, 23], [36, 23], [19, 20], [17, 20], [23, 20], [18, 20], [49, 20], [22, 24], [21, 24], [1, 3], [2, 3], [8, 3], [4, 3], [28, 3], [27, 3], [1, 4], [5, 4], [3, 4], [27, 4], [10, 48], [44, 48], [32, 48], [15, 18], [19, 18], [31, 18], [34, 18], [20, 18], [6, 9], [0, 9], [39, 9], [40, 9], [7, 40], [9, 40], [45, 40], [37, 47], [46, 47], [44, 47], [41, 46], [47, 46], [45, 46], [0, 28], [3, 28], [27, 28], [42, 45], [40, 45], [46, 45], [43, 44], [48, 44], [47, 44], [30, 32], [38, 32], [48, 32], [11, 14], [29, 14], [13, 14], [33, 14], [22, 25], [35, 25], [23, 25], [49, 25], [30, 33], [12, 33], [14, 33], [21, 49], [20, 49], [25, 49], [36, 49], [34, 36], [23, 36], [49, 36], [22, 26], [35, 26], [21, 26], [5, 27], [2, 27], [8, 27], [3, 27], [4, 27], [28, 27]], "labels": {"0": "1", "1": "1", "2": "2", "3": "2", "4": "2", "5": "1", "6": "1", "7": "2", "8": "2", "9": "2", "10": "2", "11": "1", "12": "2", "13": "2", "14": "2", "15": "1", "16": "1", "17": "2", "18": "2", "19": "1", "20": "2", "21": "2", "22": "1", "23": "2", "24": "2", "25": "2", "26": "2", "27": "2", "28": "2", "29": "1", "30": "1", "31": "1", "32": "2", "33": "2", "34": "1", "35": "1", "36": "2", "37": "2", "38": "2", "39": "2", "40": "2", "41": "2", "42": "2", "43": "2", "44": "2", "45": "2", "46": "2", "47": "2", "48": "2", "49": "2"}, "target": 4}