{"edges": [[0, 1], [2, 1], [3, 1], [1, 0], [2, 0], [4, 0], [1, 2], [0, 2], [4, 2], [5, 6], [7, 6], [8, 6], [9, 6], [6, 5], [10, 5], [7, 5], [11, 12], [13, 12], [14, 12], [3, 15], [16, 15], [1, 3], [15, 3], [16, 3], [15, 16], [3, 16], [17, 16], [7, 18], [8, 18], [19, 18], [9, 18], [10, 20], [7, 20], [21, 20], [19, 20], [12, 11], [14, 11], [0, 4], [2, 4], [22, 4], [23, 4], [24, 25], [26, 25], [27, 25], [25, 24], [28, 24], [29, 24], [30, 24], [31, 32], [28, 32], [33, 32], [32, 31], [8, 31], [34, 31], [9, 31], [10, 35], [13, 35], [21, 35], [14, 35], [5, 10], [20, 10], [35, 10], [7, 10], [19, 10], [6, 7], [5, 7], [18, 7], [20, 7], [10, 7], [19, 7], [4, 22], [26, 22], [17, 22], [36, 22], [25, 26], [22, 26], [23, 26], [24, 28], [32, 28], [27, 28], [6, 8], [18, 8], [31, 8], [33, 8], [12, 13], [35, 13], [37, 13], [14, 13], [16, 17], [22, 17], [23, 17], [24, 29], [27, 29], [36, 29], [25, 27], [28, 27], [29, 27], [30, 27], [31, 34], [33, 34], [30, 34], [32, 33], [8, 33], [34, 33], [9, 33], [13, 37], [21, 37], [14, 37], [20, 21], [35, 21], [37, 21], [18, 19], [20, 19], [10, 19], [7, 19], [4, 23], [26, 23], [17, 23], [36, 23], [22, 36], [29, 36], [23, 36], [24, 30], [27, 30], [34, 30], [6, 9], [18, 9], [31, 9], [33, 9], [12, 14], [11, 14], [35, 14], [13, 14], [37, 14]], "labels": {"0": "1", "1": "1", "2": "1", "3": "1", "4": "2", "5": "1", "6": "1", "7": "2", "8": "2", "9": "2", "10": "2", "11": "1", "12": "1", "13": "2", "14": "2", "15": "1", "16": "1", "17": "2", "18": "1", "19": "2", "20": "1", "21": "2", "22": "2", "23": "2", "24": "2", "25": "2", "26": "2", "27": "2", "28": "2", "29": "2", "30": "2", "31": "2", "32": "2", "33": "2", "34": "2", "35": "2", "36": "2", "37": "2"}, "target": 4}