{"edges": [[0, 1], [2, 1], [3, 1], [4, 5], [6, 5], [7, 5], [8, 5], [5, 4], [6, 4], [7, 4], [9, 4], [8, 4], [5, 6], [4, 6], [7, 6], [9, 6], [10, 6], [11, 6], [12, 6], [5, 7], [4, 7], [6, 7], [1, 0], [2, 0], [3, 0], [4, 9], [6, 9], [10, 9], [13, 9], [6, 10], [9, 10], [11, 10], [12, 10], [6, 11], [10, 11], [12, 11], [6, 12], [10, 12], [11, 12], [1, 2], [0, 2], [14, 2], [3, 2], [15, 2], [2, 14], [16, 14], [3, 14], [15, 14], [17, 14], [14, 16], [8, 16], [17, 16], [13, 16], [5, 8], [4, 8], [16, 8], [13, 8], [1, 3], [0, 3], [2, 3], [14, 3], [15, 3], [2, 15], [14, 15], [3, 15], [17, 15], [14, 17], [16, 17], [15, 17], [13, 17], [9, 13], [16, 13], [8, 13], [17, 13]], "labels": {"0": "1", "1": "1", "2": "2", "3": "2", "4": "1", "5": "1", "6": "1", "7": "1", "8": "2", "9": "1", "10": "1", "11": "1", "12": "1", "13": "2", "14": "2", "15": "2", "16": "2", "17": "2"}, "target": 6}