{"edges": [[0, 1], [2, 1], [3, 1], [1, 0], [2, 0], [4, 0], [5, 0], [1, 2], [0, 2], [5, 2], [6, 7], [8, 7], [9, 7], [10, 7], [7, 6], [11, 6], [8, 6], [12, 13], [14, 13], [15, 13], [1, 3], [4, 3], [0, 4], [3, 4], [16, 4], [8, 17], [9, 17], [18, 17], [10, 17], [11, 19], [8, 19], [20, 19], [18, 19], [13, 12], [14, 12], [15, 12], [0, 5], [2, 5], [21, 5], [22, 5], [23, 24], [25, 24], [26, 24], [24, 23], [27, 23], [28, 23], [29, 23], [30, 31], [27, 31], [32, 31], [31, 30], [9, 30], [33, 30], [10, 30], [11, 34], [14, 34], [20, 34], [15, 34], [6, 11], [19, 11], [34, 11], [8, 11], [18, 11], [7, 8], [6, 8], [17, 8], [19, 8], [11, 8], [18, 8], [5, 21], [25, 21], [16, 21], [35, 21], [24, 25], [21, 25], [22, 25], [23, 27], [31, 27], [26, 27], [7, 9], [17, 9], [30, 9], [32, 9], [13, 14], [12, 14], [34, 14], [36, 14], [15, 14], [4, 16], [21, 16], [22, 16], [23, 28], [26, 28], [35, 28], [24, 26], [27, 26], [28, 26], [29, 26], [30, 33], [32, 33], [29, 33], [31, 32], [9, 32], [33, 32], [10, 32], [14, 36], [20, 36], [15, 36], [19, 20], [34, 20], [36, 20], [17, 18], [19, 18], [11, 18], [8, 18], [5, 22], [25, 22], [16, 22], [35, 22], [21, 35], [28, 35], [22, 35], [23, 29], [26, 29], [33, 29], [7, 10], [17, 10], [30, 10], [32, 10], [13, 15], [12, 15], [34, 15], [14, 15], [36, 15]], "labels": {"0": "1", "1": "1", "2": "1", "3": "1", "4": "1", "5": "2", "6": "1", "7": "1", "8": "2", "9": "2", "10": "2", "11": "2", "12": "1", "13": "1", "14": "2", "15": "2", "16": "2", "17": "1", "18": "2", "19": "1", "20": "2", "21": "2", "22": "2", "23": "2", "24": "2", "25": "2", "26": "2", "27": "2", "28": "2", "29": "2", "30": "2", "31": "2", "32": "2", "33": "2", "34": "2", "35": "2", "36": "2"}, "target": 4}