{"edges": [[0, 1], [2, 1], [3, 1], [1, 0], [2, 0], [3, 0], [4, 5], [6, 5], [7, 5], [8, 5], [5, 4], [6, 4], [7, 4], [8, 4], [9, 10], [11, 10], [6, 10], [7, 10], [12, 10], [10, 9], [11, 9], [13, 9], [6, 9], [10, 11], [9, 11], [12, 11], [9, 13], [14, 13], [12, 13], [15, 16], [14, 16], [17, 16], [18, 16], [1, 2], [0, 2], [3, 2], [19, 2], [20, 2], [8, 21], [22, 21], [23, 21], [1, 3], [0, 3], [2, 3], [19, 3], [20, 3], [16, 15], [17, 15], [18, 15], [13, 14], [16, 14], [17, 14], [18, 14], [12, 14], [16, 17], [15, 17], [14, 17], [18, 17], [5, 6], [4, 6], [10, 6], [9, 6], [7, 6], [16, 18], [15, 18], [14, 18], [17, 18], [5, 7], [4, 7], [10, 7], [6, 7], [5, 8], [4, 8], [21, 8], [21, 22], [24, 22], [25, 22], [23, 22], [22, 24], [25, 24], [23, 24], [26, 24], [2, 19], [3, 19], [20, 19], [22, 25], [24, 25], [23, 25], [26, 25], [21, 23], [22, 23], [24, 23], [25, 23], [24, 26], [25, 26], [20, 26], [2, 20], [3, 20], [19, 20], [26, 20], [10, 12], [11, 12], [13, 12], [14, 12]], "labels": {"0": "1", "1": "1", "2": "2", "3": "2", "4": "1", "5": "1", "6": "2", "7": "2", "8": "2", "9": "1", "10": "1", "11": "1", "12": "2", "13": "1", "14": "2", "15": "2", "16": "1", "17": "2", "18": "2", "19": "2", "20": "2", "21": "2", "22": "2", "23": "2", "24": "2", "25": "2", "26": "2"}, "target": 4}