{"edges": [[0, 1], [2, 3], [4, 3], [5, 3], [3, 2], [6, 2], [7, 2], [3, 4], [8, 4], [9, 4], [2, 6], [10, 6], [11, 6], [6, 10], [12, 10], [7, 10], [0, 13], [9, 13], [14, 13], [15, 13], [10, 12], [7, 12], [16, 12], [2, 7], [10, 7], [12, 7], [17, 18], [19, 18], [20, 18], [17, 21], [22, 21], [23, 21], [24, 21], [18, 17], [21, 17], [25, 17], [26, 17], [21, 22], [27, 22], [28, 22], [8, 22], [29, 22], [14, 22], [30, 31], [32, 31], [33, 31], [34, 31], [30, 35], [36, 35], [37, 35], [38, 35], [36, 39], [5, 39], [40, 39], [11, 39], [41, 39], [16, 39], [22, 27], [0, 27], [31, 30], [35, 30], [42, 30], [43, 30], [35, 36], [39, 36], [44, 36], [45, 36], [3, 5], [39, 5], [1, 0], [13, 0], [27, 0], [32, 0], [31, 32], [0, 32], [46, 32], [9, 32], [47, 32], [15, 32], [34, 32], [17, 25], [19, 25], [22, 28], [19, 28], [23, 28], [18, 19], [25, 19], [28, 19], [21, 23], [28, 23], [8, 23], [32, 46], [37, 46], [33, 46], [30, 42], [37, 42], [40, 42], [36, 44], [40, 44], [11, 44], [4, 8], [22, 8], [23, 8], [35, 37], [46, 37], [42, 37], [39, 40], [42, 40], [44, 40], [6, 11], [39, 11], [44, 11], [4, 9], [13, 9], [32, 9], [33, 9], [31, 33], [46, 33], [9, 33], [34, 33], [17, 26], [20, 26], [22, 29], [20, 29], [24, 29], [18, 20], [26, 20], [29, 20], [21, 24], [29, 24], [14, 24], [32, 47], [38, 47], [34, 47], [30, 43], [38, 43], [41, 43], [36, 45], [41, 45], [16, 45], [13, 14], [22, 14], [24, 14], [35, 38], [47, 38], [43, 38], [39, 41], [43, 41], [45, 41], [12, 16], [39, 16], [45, 16], [13, 15], [32, 15], [34, 15], [31, 34], [32, 34], [33, 34], [47, 34], [15, 34]], "labels": {"0": "2", "1": "1", "2": "1", "3": "1", "4": "1", "5": "2", "6": "1", "7": "1", "8": "2", "9": "2", "10": "1", "11": "2", "12": "1", "13": "1", "14": "2", "15": "2", "16": "2", "17": "2", "18": "2", "19": "2", "20": "2", "21": "2", "22": "2", "23": "2", "24": "2", "25": "2", "26": "2", "27": "2", "28": "2", "29": "2", "30": "2", "31": "2", "32": "2", "33": "2", "34": "2", "35": "2", "36": "2", "37": "2", "38": "2", "39": "2", "40": "2", "41": "2", "42": "2", "43": "2", "44": "2", "45": "2", "46": "2", "47": "2"}, "target": 4}