{"edges": [[0, 1], [2, 1], [3, 1], [1, 0], [4, 0], [5, 0], [3, 0], [0, 4], [6, 4], [5, 4], [2, 4], [4, 6], [7, 6], [8, 6], [9, 10], [11, 10], [12, 10], [13, 10], [14, 15], [9, 15], [16, 15], [15, 14], [17, 14], [18, 14], [19, 20], [21, 20], [22, 20], [0, 5], [4, 5], [2, 5], [1, 2], [4, 2], [5, 2], [3, 2], [1, 3], [0, 3], [2, 3], [23, 3], [3, 23], [7, 23], [8, 23], [24, 25], [12, 25], [16, 25], [13, 25], [25, 24], [26, 24], [9, 24], [16, 24], [24, 26], [17, 26], [18, 26], [19, 27], [22, 27], [6, 7], [23, 7], [28, 7], [29, 7], [30, 31], [32, 31], [33, 31], [10, 9], [15, 9], [24, 9], [17, 9], [7, 28], [30, 28], [8, 28], [34, 28], [31, 30], [28, 30], [29, 30], [34, 30], [31, 32], [35, 32], [36, 32], [32, 35], [11, 35], [37, 35], [10, 11], [35, 11], [12, 11], [38, 11], [13, 11], [20, 19], [27, 19], [17, 19], [21, 19], [18, 19], [22, 19], [14, 17], [26, 17], [9, 17], [19, 17], [16, 17], [10, 12], [25, 12], [11, 12], [37, 12], [20, 21], [19, 21], [39, 21], [22, 21], [6, 8], [23, 8], [28, 8], [29, 8], [32, 36], [34, 36], [33, 36], [15, 16], [25, 16], [24, 16], [17, 16], [7, 29], [30, 29], [8, 29], [34, 29], [28, 34], [30, 34], [36, 34], [29, 34], [31, 33], [36, 33], [38, 33], [11, 38], [33, 38], [37, 38], [35, 37], [12, 37], [38, 37], [13, 37], [21, 39], [18, 39], [22, 39], [14, 18], [26, 18], [19, 18], [39, 18], [10, 13], [25, 13], [11, 13], [37, 13], [20, 22], [27, 22], [19, 22], [21, 22], [39, 22]], "labels": {"0": "1", "1": "1", "2": "1", "3": "1", "4": "1", "5": "1", "6": "1", "7": "2", "8": "2", "9": "2", "10": "1", "11": "2", "12": "2", "13": "2", "14": "1", "15": "1", "16": "2", "17": "2", "18": "2", "19": "2", "20": "1", "21": "2", "22": "2", "23": "1", "24": "1", "25": "1", "26": "1", "27": "1", "28": "2", "29": "2", "30": "2", "31": "2", "32": "2", "33": "2", "34": "2", "35": "2", "36": "2", "37": "2", "38": "2", "39": "2"}, "target": 4}