{"edges": [[0, 1], [2, 1], [3, 1], [1, 0], [2, 0], [3, 0], [4, 5], [6, 5], [7, 5], [5, 4], [6, 4], [7, 4], [8, 4], [9, 10], [11, 10], [7, 10], [8, 10], [10, 9], [11, 9], [12, 9], [13, 14], [12, 14], [15, 14], [1, 2], [0, 2], [3, 2], [16, 2], [3, 17], [16, 17], [18, 17], [10, 11], [9, 11], [12, 11], [1, 3], [0, 3], [2, 3], [17, 3], [16, 3], [2, 16], [17, 16], [3, 16], [18, 16], [17, 18], [16, 18], [6, 18], [5, 6], [4, 6], [18, 6], [7, 6], [5, 7], [4, 7], [10, 7], [6, 7], [8, 7], [14, 13], [12, 13], [15, 13], [9, 12], [14, 12], [11, 12], [13, 12], [15, 12], [4, 8], [10, 8], [7, 8], [14, 15], [13, 15], [12, 15]], "labels": {"0": "1", "1": "1", "2": "2", "3": "2", "4": "1", "5": "1", "6": "2", "7": "2", "8": "2", "9": "1", "10": "1", "11": "2", "12": "2", "13": "2", "14": "1", "15": "2", "16": "2", "17": "2", "18": "2"}, "target": 4}