{"edges": [[0, 1], [2, 1], [3, 1], [1, 0], [2, 0], [3, 0], [4, 0], [5, 0], [1, 2], [0, 2], [3, 2], [6, 2], [4, 2], [7, 2], [1, 3], [0, 3], [2, 3], [6, 3], [8, 3], [7, 3], [2, 6], [3, 6], [8, 6], [9, 6], [10, 6], [3, 8], [6, 8], [9, 8], [11, 8], [12, 8], [10, 8], [6, 9], [8, 9], [11, 9], [12, 9], [8, 11], [9, 11], [12, 11], [13, 11], [8, 12], [9, 12], [11, 12], [13, 12], [0, 4], [2, 4], [5, 4], [7, 4], [10, 4], [0, 5], [4, 5], [7, 5], [2, 7], [3, 7], [4, 7], [5, 7], [10, 7], [13, 7], [6, 10], [8, 10], [4, 10], [7, 10], [13, 10], [11, 13], [12, 13], [7, 13], [10, 13]], "labels": {"0": "1", "1": "1", "2": "1", "3": "1", "4": "2", "5": "2", "6": "1", "7": "2", "8": "1", "9": "1", "10": "2", "11": "1", "12": "1", "13": "2"}, "target": 4}