{"edges": [[0, 1], [2, 1], [3, 1], [1, 0], [2, 0], [3, 0], [4, 0], [5, 0], [1, 2], [0, 2], [3, 2], [6, 2], [4, 2], [7, 2], [1, 3], [0, 3], [2, 3], [6, 3], [8, 3], [9, 3], [7, 3], [2, 6], [3, 6], [8, 6], [9, 6], [10, 6], [11, 6], [3, 8], [6, 8], [9, 8], [10, 8], [11, 8], [3, 9], [6, 9], [8, 9], [10, 9], [12, 9], [6, 10], [8, 10], [9, 10], [12, 10], [0, 4], [2, 4], [5, 4], [7, 4], [11, 4], [12, 4], [0, 5], [4, 5], [7, 5], [11, 5], [2, 7], [3, 7], [4, 7], [5, 7], [11, 7], [12, 7], [6, 11], [8, 11], [4, 11], [5, 11], [7, 11], [12, 11], [9, 12], [10, 12], [4, 12], [7, 12], [11, 12]], "labels": {"0": "1", "1": "1", "2": "1", "3": "1", "4": "2", "5": "2", "6": "1", "7": "2", "8": "1", "9": "1", "10": "1", "11": "2", "12": "2"}, "target": 4}