{"edges": [[0, 1], [2, 1], [3, 4], [5, 4], [6, 4], [7, 4], [4, 3], [8, 3], [6, 3], [9, 3], [7, 3], [10, 3], [11, 12], [13, 12], [9, 12], [10, 12], [12, 11], [14, 11], [15, 11], [16, 17], [18, 17], [15, 17], [17, 16], [19, 16], [20, 16], [21, 22], [23, 22], [20, 22], [24, 22], [22, 21], [25, 21], [24, 21], [26, 21], [27, 28], [29, 28], [26, 28], [28, 27], [30, 27], [31, 27], [32, 27], [33, 27], [27, 30], [29, 30], [32, 30], [33, 30], [8, 34], [5, 34], [2, 34], [7, 34], [3, 8], [34, 8], [5, 8], [7, 8], [4, 5], [34, 5], [8, 5], [10, 5], [11, 14], [13, 14], [10, 14], [12, 13], [14, 13], [35, 13], [16, 19], [18, 19], [35, 19], [17, 18], [19, 18], [36, 18], [21, 25], [23, 25], [36, 25], [37, 25], [22, 23], [25, 23], [37, 23], [38, 23], [27, 31], [29, 31], [38, 31], [28, 29], [30, 29], [31, 29], [32, 29], [33, 29], [39, 29], [27, 32], [30, 32], [29, 32], [39, 32], [40, 41], [42, 41], [41, 40], [0, 40], [43, 40], [2, 40], [27, 33], [30, 33], [29, 33], [26, 33], [38, 33], [1, 0], [40, 0], [6, 0], [42, 0], [4, 6], [3, 6], [0, 6], [3, 9], [12, 9], [11, 15], [17, 15], [20, 15], [36, 15], [16, 20], [22, 20], [15, 20], [24, 20], [35, 20], [37, 20], [22, 24], [21, 24], [20, 24], [36, 24], [21, 26], [28, 26], [33, 26], [39, 26], [38, 26], [40, 43], [42, 43], [41, 42], [0, 42], [43, 42], [2, 42], [29, 39], [32, 39], [26, 39], [38, 39], [1, 2], [34, 2], [40, 2], [42, 2], [4, 7], [3, 7], [34, 7], [8, 7], [3, 10], [12, 10], [5, 10], [14, 10], [13, 35], [19, 35], [20, 35], [36, 35], [18, 36], [25, 36], [15, 36], [24, 36], [35, 36], [37, 36], [25, 37], [23, 37], [20, 37], [36, 37], [23, 38], [31, 38], [33, 38], [26, 38], [39, 38]], "labels": {"0": "2", "1": "1", "2": "2", "3": "1", "4": "1", "5": "1", "6": "2", "7": "2", "8": "1", "9": "2", "10": "2", "11": "1", "12": "1", "13": "1", "14": "1", "15": "2", "16": "1", "17": "1", "18": "1", "19": "1", "20": "2", "21": "1", "22": "1", "23": "1", "24": "2", "25": "1", "26": "2", "27": "1", "28": "1", "29": "1", "30": "1", "31": "1", "32": "1", "33": "2", "34": "1", "35": "2", "36": "2", "37": "2", "38": "2", "39": "2", "40": "2", "41": "2", "42": "2", "43": "2"}, "target": 4}