{"edges": [[0, 1], [2, 1], [3, 1], [1, 0], [2, 0], [4, 0], [5, 0], [1, 2], [0, 2], [4, 2], [6, 2], [0, 4], [2, 4], [6, 4], [2, 6], [4, 6], [7, 6], [6, 7], [8, 7], [9, 7], [7, 8], [10, 8], [11, 8], [8, 10], [12, 10], [9, 10], [10, 12], [13, 12], [14, 12], [15, 12], [12, 13], [14, 13], [16, 13], [15, 13], [12, 14], [13, 14], [17, 14], [15, 14], [14, 17], [18, 17], [19, 17], [20, 17], [17, 18], [19, 18], [17, 19], [18, 19], [21, 19], [19, 21], [22, 21], [23, 21], [24, 21], [21, 22], [25, 22], [26, 22], [23, 22], [24, 22], [27, 22], [22, 25], [28, 25], [23, 25], [25, 28], [29, 28], [30, 28], [28, 29], [30, 29], [31, 29], [28, 30], [29, 30], [31, 30], [32, 30], [29, 31], [30, 31], [32, 31], [3, 33], [34, 33], [35, 33], [1, 3], [33, 3], [34, 3], [36, 3], [33, 34], [3, 34], [36, 34], [37, 34], [3, 36], [34, 36], [37, 36], [34, 37], [36, 37], [38, 37], [37, 38], [9, 38], [39, 38], [40, 38], [7, 9], [10, 9], [38, 9], [11, 9], [39, 9], [8, 11], [9, 11], [16, 11], [40, 11], [13, 16], [11, 16], [41, 16], [15, 16], [39, 16], [40, 16], [16, 41], [15, 41], [12, 15], [13, 15], [14, 15], [16, 15], [41, 15], [20, 15], [17, 20], [15, 20], [42, 20], [20, 42], [26, 42], [22, 26], [42, 26], [23, 26], [21, 23], [22, 23], [25, 23], [26, 23], [24, 23], [21, 24], [22, 24], [23, 24], [27, 24], [43, 24], [22, 27], [24, 27], [43, 27], [24, 43], [27, 43], [32, 43], [30, 32], [31, 32], [43, 32], [5, 44], [35, 44], [0, 5], [44, 5], [45, 5], [35, 5], [5, 45], [35, 45], [33, 35], [44, 35], [5, 35], [45, 35], [38, 39], [9, 39], [16, 39], [40, 39], [38, 40], [11, 40], [16, 40], [39, 40]], "labels": {"0": "1", "1": "1", "2": "1", "3": "1", "4": "1", "5": "2", "6": "1", "7": "1", "8": "1", "9": "1", "10": "1", "11": "1", "12": "1", "13": "1", "14": "1", "15": "1", "16": "1", "17": "1", "18": "1", "19": "1", "20": "1", "21": "1", "22": "1", "23": "1", "24": "1", "25": "1", "26": "1", "27": "1", "28": "1", "29": "1", "30": "1", "31": "1", "32": "1", "33": "1", "34": "1", "35": "2", "36": "1", "37": "1", "38": "1", "39": "2", "40": "2", "41": "1", "42": "1", "43": "1", "44": "2", "45": "2"}, "target": 4}