{"edges": [[0, 1], [2, 1], [3, 1], [1, 0], [2, 0], [4, 0], [5, 0], [1, 2], [0, 2], [4, 2], [6, 2], [0, 4], [2, 4], [6, 4], [2, 6], [4, 6], [7, 6], [6, 7], [8, 7], [9, 7], [7, 8], [10, 8], [11, 8], [12, 8], [8, 10], [13, 10], [9, 10], [14, 10], [10, 13], [15, 13], [16, 13], [17, 13], [13, 15], [16, 15], [18, 15], [17, 15], [13, 16], [15, 16], [19, 16], [16, 19], [20, 19], [21, 19], [19, 20], [22, 20], [23, 20], [20, 22], [24, 22], [25, 22], [26, 22], [22, 24], [27, 24], [28, 24], [29, 24], [24, 27], [28, 27], [25, 27], [24, 28], [27, 28], [30, 28], [28, 30], [31, 30], [32, 30], [30, 31], [32, 31], [33, 31], [30, 32], [31, 32], [34, 32], [33, 32], [3, 35], [36, 35], [37, 35], [1, 3], [35, 3], [36, 3], [38, 3], [35, 36], [3, 36], [38, 36], [39, 36], [3, 38], [36, 38], [39, 38], [36, 39], [38, 39], [40, 39], [39, 40], [9, 40], [7, 9], [10, 9], [40, 9], [11, 9], [41, 9], [8, 11], [9, 11], [18, 11], [42, 11], [15, 18], [11, 18], [43, 18], [17, 18], [18, 43], [17, 43], [13, 17], [15, 17], [18, 17], [43, 17], [23, 17], [20, 23], [17, 23], [21, 23], [19, 21], [23, 21], [29, 21], [24, 29], [21, 29], [25, 29], [22, 25], [27, 25], [29, 25], [26, 25], [22, 26], [25, 26], [44, 26], [26, 44], [34, 44], [33, 44], [32, 34], [44, 34], [33, 34], [31, 33], [32, 33], [44, 33], [34, 33], [5, 45], [37, 45], [0, 5], [45, 5], [46, 5], [8, 12], [14, 12], [42, 12], [10, 14], [12, 14], [41, 14], [42, 14], [5, 46], [37, 46], [35, 37], [45, 37], [46, 37], [9, 41], [14, 41], [42, 41], [11, 42], [12, 42], [14, 42], [41, 42]], "labels": {"0": "1", "1": "1", "2": "1", "3": "1", "4": "1", "5": "2", "6": "1", "7": "1", "8": "1", "9": "1", "10": "1", "11": "1", "12": "2", "13": "1", "14": "2", "15": "1", "16": "1", "17": "1", "18": "1", "19": "1", "20": "1", "21": "1", "22": "1", "23": "1", "24": "1", "25": "1", "26": "1", "27": "1", "28": "1", "29": "1", "30": "1", "31": "1", "32": "1", "33": "1", "34": "1", "35": "1", "36": "1", "37": "2", "38": "1", "39": "1", "40": "1", "41": "2", "42": "2", "43": "1", "44": "1", "45": "2", "46": "2"}, "target": 4}