{"edges": [[0, 1], [2, 1], [3, 1], [1, 0], [2, 0], [4, 0], [5, 0], [6, 0], [1, 2], [0, 2], [4, 2], [7, 2], [0, 4], [2, 4], [7, 4], [2, 7], [4, 7], [8, 7], [7, 8], [9, 8], [10, 8], [8, 9], [11, 9], [12, 9], [13, 9], [9, 11], [14, 11], [10, 11], [15, 11], [11, 14], [16, 14], [17, 14], [18, 14], [14, 16], [17, 16], [19, 16], [18, 16], [14, 17], [16, 17], [20, 17], [17, 20], [21, 20], [22, 20], [20, 21], [23, 21], [24, 21], [21, 23], [25, 23], [26, 23], [27, 23], [23, 25], [28, 25], [29, 25], [26, 25], [27, 25], [30, 25], [25, 28], [31, 28], [26, 28], [28, 31], [32, 31], [33, 31], [31, 32], [33, 32], [34, 32], [31, 33], [32, 33], [34, 33], [35, 33], [32, 34], [33, 34], [35, 34], [0, 5], [3, 5], [36, 5], [37, 5], [1, 3], [5, 3], [36, 3], [38, 3], [5, 36], [3, 36], [38, 36], [39, 36], [3, 38], [36, 38], [39, 38], [36, 39], [38, 39], [40, 39], [39, 40], [10, 40], [8, 10], [11, 10], [40, 10], [12, 10], [41, 10], [9, 12], [10, 12], [19, 12], [42, 12], [16, 19], [12, 19], [43, 19], [18, 19], [19, 43], [18, 43], [14, 18], [16, 18], [19, 18], [43, 18], [24, 18], [21, 24], [18, 24], [22, 24], [20, 22], [24, 22], [29, 22], [25, 29], [22, 29], [26, 29], [23, 26], [25, 26], [28, 26], [29, 26], [27, 26], [23, 27], [25, 27], [26, 27], [30, 27], [44, 27], [25, 30], [27, 30], [44, 30], [27, 44], [30, 44], [35, 44], [33, 35], [34, 35], [44, 35], [6, 45], [37, 45], [0, 6], [45, 6], [46, 6], [9, 13], [15, 13], [42, 13], [11, 15], [13, 15], [41, 15], [42, 15], [6, 46], [37, 46], [5, 37], [45, 37], [46, 37], [10, 41], [15, 41], [42, 41], [12, 42], [13, 42], [15, 42], [41, 42]], "labels": {"0": "1", "1": "1", "2": "1", "3": "1", "4": "1", "5": "1", "6": "2", "7": "1", "8": "1", "9": "1", "10": "1", "11": "1", "12": "1", "13": "2", "14": "1", "15": "2", "16": "1", "17": "1", "18": "1", "19": "1", "20": "1", "21": "1", "22": "1", "23": "1", "24": "1", "25": "1", "26": "1", "27": "1", "28": "1", "29": "1", "30": "1", "31": "1", "32": "1", "33": "1", "34": "1", "35": "1", "36": "1", "37": "2", "38": "1", "39": "1", "40": "1", "41": "2", "42": "2", "43": "1", "44": "1", "45": "2", "46": "2"}, "target": 4}