{"edges": [[0, 1], [2, 1], [1, 0], [3, 0], [4, 0], [5, 0], [6, 0], [0, 3], [7, 3], [8, 3], [9, 3], [3, 7], [10, 7], [11, 7], [9, 7], [7, 10], [12, 10], [13, 10], [14, 10], [10, 12], [13, 12], [15, 12], [14, 12], [10, 13], [12, 13], [15, 13], [16, 13], [12, 15], [13, 15], [17, 15], [16, 15], [18, 15], [15, 17], [19, 17], [18, 17], [20, 17], [17, 19], [21, 19], [22, 19], [20, 19], [23, 19], [19, 21], [22, 21], [24, 21], [23, 21], [19, 22], [21, 22], [25, 22], [24, 22], [0, 4], [8, 4], [6, 4], [26, 4], [3, 8], [4, 8], [27, 8], [6, 8], [8, 27], [28, 27], [29, 27], [27, 28], [11, 28], [30, 28], [29, 28], [7, 11], [28, 11], [30, 11], [31, 11], [32, 11], [28, 30], [11, 30], [31, 30], [33, 30], [32, 30], [11, 31], [30, 31], [33, 31], [34, 31], [30, 33], [31, 33], [35, 33], [34, 33], [36, 33], [33, 35], [37, 35], [36, 35], [38, 35], [35, 37], [25, 37], [24, 37], [38, 37], [39, 37], [22, 25], [37, 25], [24, 25], [39, 25], [21, 24], [22, 24], [37, 24], [25, 24], [1, 2], [5, 2], [40, 2], [6, 2], [26, 2], [0, 5], [2, 5], [40, 5], [3, 9], [7, 9], [14, 9], [32, 9], [10, 14], [12, 14], [9, 14], [16, 14], [29, 14], [34, 14], [13, 16], [15, 16], [14, 16], [18, 16], [32, 16], [36, 16], [15, 18], [17, 18], [16, 18], [34, 18], [17, 20], [19, 20], [23, 20], [39, 20], [19, 23], [21, 23], [20, 23], [38, 23], [2, 40], [5, 40], [41, 40], [6, 40], [26, 40], [40, 41], [26, 41], [0, 6], [4, 6], [8, 6], [2, 6], [40, 6], [27, 29], [28, 29], [14, 29], [32, 29], [11, 32], [30, 32], [9, 32], [16, 32], [29, 32], [34, 32], [31, 34], [33, 34], [14, 34], [18, 34], [32, 34], [36, 34], [33, 36], [35, 36], [16, 36], [34, 36], [35, 38], [37, 38], [23, 38], [39, 38], [37, 39], [25, 39], [20, 39], [38, 39], [4, 26], [2, 26], [40, 26], [41, 26]], "labels": {"0": "1", "1": "1", "2": "2", "3": "1", "4": "1", "5": "2", "6": "2", "7": "1", "8": "1", "9": "2", "10": "1", "11": "1", "12": "1", "13": "1", "14": "2", "15": "1", "16": "2", "17": "1", "18": "2", "19": "1", "20": "2", "21": "1", "22": "1", "23": "2", "24": "1", "25": "1", "26": "2", "27": "1", "28": "1", "29": "2", "30": "1", "31": "1", "32": "2", "33": "1", "34": "2", "35": "1", "36": "2", "37": "1", "38": "2", "39": "2", "40": "2", "41": "2"}, "target": 4}