{"edges": [[0, 1], [2, 1], [3, 1], [1, 0], [2, 0], [1, 2], [0, 2], [4, 2], [5, 2], [2, 4], [6, 4], [7, 4], [8, 4], [9, 4], [4, 6], [10, 6], [11, 6], [12, 6], [13, 6], [9, 6], [6, 10], [11, 10], [7, 10], [14, 10], [6, 11], [10, 11], [13, 11], [15, 11], [16, 17], [18, 17], [19, 17], [15, 17], [20, 17], [17, 16], [21, 16], [20, 16], [22, 16], [23, 24], [19, 24], [25, 24], [22, 24], [24, 23], [26, 23], [23, 26], [27, 26], [28, 26], [29, 26], [26, 27], [30, 27], [31, 27], [29, 27], [32, 33], [34, 33], [31, 33], [33, 32], [35, 32], [36, 32], [37, 32], [38, 32], [32, 35], [34, 35], [37, 35], [38, 35], [1, 3], [39, 3], [3, 39], [12, 39], [40, 39], [6, 12], [39, 12], [7, 12], [41, 12], [42, 12], [4, 7], [10, 7], [12, 7], [13, 7], [14, 7], [41, 7], [6, 13], [11, 13], [7, 13], [14, 13], [10, 14], [7, 14], [13, 14], [18, 14], [43, 14], [17, 18], [14, 18], [21, 18], [43, 18], [16, 21], [18, 21], [19, 21], [44, 21], [17, 19], [24, 19], [21, 19], [25, 19], [44, 19], [45, 19], [24, 25], [19, 25], [30, 25], [45, 25], [27, 30], [25, 30], [28, 30], [46, 30], [26, 28], [30, 28], [47, 28], [46, 28], [32, 36], [34, 36], [47, 36], [33, 34], [35, 34], [36, 34], [37, 34], [48, 34], [32, 37], [35, 37], [34, 37], [48, 37], [8, 49], [5, 49], [40, 49], [42, 49], [4, 8], [49, 8], [9, 8], [41, 8], [50, 8], [42, 8], [2, 5], [49, 5], [50, 5], [4, 9], [6, 9], [8, 9], [15, 9], [43, 9], [42, 9], [11, 15], [17, 15], [9, 15], [41, 15], [17, 20], [16, 20], [22, 20], [44, 20], [45, 20], [32, 38], [35, 38], [31, 38], [47, 38], [27, 31], [33, 31], [38, 31], [29, 31], [48, 31], [46, 31], [26, 29], [27, 29], [31, 29], [47, 29], [16, 22], [24, 22], [20, 22], [44, 22], [45, 22], [39, 40], [49, 40], [50, 40], [12, 41], [7, 41], [8, 41], [15, 41], [43, 41], [42, 41], [14, 43], [18, 43], [9, 43], [41, 43], [21, 44], [19, 44], [20, 44], [22, 44], [45, 44], [8, 50], [5, 50], [40, 50], [42, 50], [12, 42], [49, 42], [8, 42], [9, 42], [41, 42], [50, 42], [34, 48], [37, 48], [31, 48], [47, 48], [28, 47], [36, 47], [38, 47], [29, 47], [48, 47], [46, 47], [30, 46], [28, 46], [31, 46], [47, 46], [19, 45], [25, 45], [20, 45], [22, 45], [44, 45]], "labels": {"0": "1", "1": "1", "2": "1", "3": "1", "4": "1", "5": "2", "6": "1", "7": "1", "8": "2", "9": "2", "10": "1", "11": "1", "12": "1", "13": "1", "14": "1", "15": "2", "16": "1", "17": "1", "18": "1", "19": "1", "20": "2", "21": "1", "22": "2", "23": "1", "24": "1", "25": "1", "26": "1", "27": "1", "28": "1", "29": "2", "30": "1", "31": "2", "32": "1", "33": "1", "34": "1", "35": "1", "36": "1", "37": "1", "38": "2", "39": "1", "40": "2", "41": "2", "42": "2", "43": "2", "44": "2", "45": "2", "46": "2", "47": "2", "48": "2", "49": "2", "50": "2"}, "target": 4}