{"edges": [[0, 1], [2, 1], [3, 1], [1, 0], [2, 0], [4, 0], [1, 2], [0, 2], [5, 2], [6, 2], [2, 5], [7, 5], [8, 5], [9, 5], [10, 5], [5, 7], [8, 7], [11, 7], [12, 7], [5, 8], [7, 8], [13, 8], [14, 8], [15, 16], [17, 16], [18, 16], [19, 16], [16, 15], [20, 15], [21, 15], [22, 15], [23, 24], [25, 24], [26, 24], [24, 23], [27, 23], [28, 23], [29, 23], [30, 23], [23, 27], [25, 27], [31, 27], [30, 27], [32, 33], [34, 33], [31, 33], [33, 32], [35, 32], [36, 32], [37, 32], [38, 32], [32, 35], [34, 35], [37, 35], [38, 35], [0, 4], [3, 4], [39, 4], [1, 3], [4, 3], [39, 3], [4, 39], [3, 39], [40, 39], [41, 39], [39, 40], [13, 40], [11, 40], [42, 40], [43, 40], [8, 13], [40, 13], [11, 13], [44, 13], [7, 11], [40, 11], [13, 11], [45, 11], [15, 20], [17, 20], [46, 20], [47, 20], [16, 17], [20, 17], [48, 17], [49, 17], [23, 28], [25, 28], [50, 28], [24, 25], [27, 25], [28, 25], [29, 25], [51, 25], [23, 29], [25, 29], [52, 29], [51, 29], [32, 36], [34, 36], [52, 36], [33, 34], [35, 34], [36, 34], [37, 34], [53, 34], [32, 37], [35, 37], [34, 37], [53, 37], [21, 54], [26, 54], [50, 54], [16, 18], [22, 18], [16, 19], [14, 19], [7, 12], [10, 12], [55, 56], [6, 56], [57, 56], [5, 9], [55, 9], [58, 9], [56, 55], [9, 55], [42, 55], [15, 21], [54, 21], [26, 21], [50, 21], [15, 22], [18, 22], [8, 14], [19, 14], [5, 10], [12, 10], [2, 6], [56, 6], [41, 6], [32, 38], [35, 38], [31, 38], [52, 38], [27, 31], [33, 31], [38, 31], [30, 31], [53, 31], [51, 31], [23, 30], [27, 30], [31, 30], [52, 30], [24, 26], [54, 26], [21, 26], [50, 26], [17, 48], [59, 48], [17, 49], [46, 49], [11, 45], [47, 45], [13, 44], [43, 44], [39, 41], [6, 41], [57, 41], [40, 42], [55, 42], [58, 42], [9, 58], [42, 58], [57, 58], [48, 59], [50, 59], [20, 46], [49, 46], [20, 47], [45, 47], [40, 43], [44, 43], [56, 57], [41, 57], [58, 57], [34, 53], [37, 53], [31, 53], [52, 53], [29, 52], [36, 52], [38, 52], [30, 52], [53, 52], [51, 52], [25, 51], [29, 51], [31, 51], [52, 51], [28, 50], [54, 50], [21, 50], [26, 50], [59, 50]], "labels": {"0": "1", "1": "1", "2": "1", "3": "1", "4": "1", "5": "1", "6": "2", "7": "1", "8": "1", "9": "2", "10": "2", "11": "1", "12": "2", "13": "1", "14": "2", "15": "1", "16": "1", "17": "1", "18": "2", "19": "2", "20": "1", "21": "2", "22": "2", "23": "1", "24": "1", "25": "1", "26": "2", "27": "1", "28": "1", "29": "1", "30": "2", "31": "2", "32": "1", "33": "1", "34": "1", "35": "1", "36": "1", "37": "1", "38": "2", "39": "1", "40": "1", "41": "2", "42": "2", "43": "2", "44": "2", "45": "2", "46": "2", "47": "2", "48": "2", "49": "2", "50": "2", "51": "2", "52": "2", "53": "2", "54": "2", "55": "2", "56": "2", "57": "2", "58": "2", "59": "2"}, "target": 4}