{"edges": [[0, 1], [2, 1], [3, 1], [4, 1], [5, 1], [1, 0], [2, 0], [6, 0], [1, 2], [0, 2], [6, 2], [0, 6], [2, 6], [7, 6], [3, 6], [6, 7], [8, 7], [9, 7], [10, 7], [5, 7], [7, 8], [9, 8], [10, 8], [7, 9], [8, 9], [11, 9], [12, 13], [14, 13], [11, 13], [13, 12], [15, 12], [16, 12], [14, 12], [12, 15], [17, 15], [16, 15], [15, 17], [18, 17], [19, 17], [20, 17], [16, 17], [17, 18], [19, 18], [21, 18], [20, 18], [17, 19], [18, 19], [21, 19], [22, 19], [20, 19], [23, 19], [18, 21], [19, 21], [24, 21], [23, 21], [21, 24], [25, 24], [26, 24], [27, 24], [24, 25], [26, 25], [27, 25], [1, 3], [6, 3], [10, 3], [4, 3], [5, 3], [24, 26], [25, 26], [27, 26], [19, 22], [20, 22], [23, 22], [17, 20], [18, 20], [19, 20], [22, 20], [23, 20], [12, 16], [15, 16], [17, 16], [14, 16], [13, 14], [12, 14], [16, 14], [9, 11], [13, 11], [10, 11], [7, 10], [8, 10], [3, 10], [11, 10], [1, 4], [3, 4], [5, 4], [24, 27], [25, 27], [26, 27], [19, 23], [21, 23], [22, 23], [20, 23], [1, 5], [7, 5], [3, 5], [4, 5]], "labels": {"0": "1", "1": "1", "2": "1", "3": "2", "4": "2", "5": "2", "6": "1", "7": "1", "8": "1", "9": "1", "10": "2", "11": "2", "12": "1", "13": "1", "14": "2", "15": "1", "16": "2", "17": "1", "18": "1", "19": "1", "20": "2", "21": "1", "22": "2", "23": "2", "24": "1", "25": "1", "26": "2", "27": "2"}, "target": 4}