{"edges": [[0, 1], [2, 1], [3, 1], [1, 0], [2, 0], [4, 0], [1, 2], [0, 2], [4, 2], [0, 4], [2, 4], [5, 4], [6, 4], [4, 5], [7, 5], [8, 5], [9, 5], [5, 7], [10, 7], [11, 7], [12, 7], [13, 7], [7, 10], [14, 10], [15, 10], [16, 10], [17, 18], [14, 18], [19, 18], [20, 18], [21, 22], [23, 22], [24, 22], [17, 22], [25, 22], [22, 21], [23, 21], [26, 21], [24, 21], [22, 23], [21, 23], [26, 23], [27, 23], [24, 23], [25, 23], [28, 23], [21, 26], [23, 26], [29, 26], [27, 26], [26, 29], [30, 29], [31, 29], [32, 29], [29, 30], [31, 30], [32, 30], [8, 33], [34, 33], [35, 33], [5, 8], [33, 8], [34, 8], [35, 8], [12, 8], [1, 3], [6, 3], [34, 3], [36, 3], [37, 3], [29, 31], [30, 31], [32, 31], [23, 27], [26, 27], [24, 27], [28, 27], [22, 24], [21, 24], [23, 24], [27, 24], [25, 24], [28, 24], [18, 17], [22, 17], [14, 17], [20, 17], [10, 14], [18, 14], [17, 14], [19, 14], [20, 14], [16, 14], [7, 11], [13, 11], [15, 11], [16, 11], [5, 9], [12, 9], [4, 6], [3, 6], [36, 6], [37, 6], [33, 34], [8, 34], [3, 34], [35, 34], [33, 35], [8, 35], [34, 35], [12, 35], [3, 36], [6, 36], [37, 36], [7, 12], [8, 12], [9, 12], [35, 12], [7, 13], [11, 13], [15, 13], [16, 13], [18, 19], [14, 19], [16, 19], [18, 20], [17, 20], [14, 20], [22, 25], [23, 25], [24, 25], [23, 28], [27, 28], [24, 28], [29, 32], [30, 32], [31, 32], [3, 37], [6, 37], [36, 37], [10, 15], [11, 15], [13, 15], [16, 15], [10, 16], [14, 16], [11, 16], [13, 16], [19, 16], [15, 16]], "labels": {"0": "1", "1": "1", "2": "1", "3": "2", "4": "1", "5": "1", "6": "2", "7": "1", "8": "2", "9": "2", "10": "1", "11": "2", "12": "2", "13": "2", "14": "2", "15": "2", "16": "2", "17": "2", "18": "1", "19": "2", "20": "2", "21": "1", "22": "1", "23": "1", "24": "2", "25": "2", "26": "1", "27": "2", "28": "2", "29": "1", "30": "1", "31": "2", "32": "2", "33": "2", "34": "2", "35": "2", "36": "2", "37": "2"}, "target": 4}