{"edges": [[0, 1], [2, 1], [3, 1], [1, 0], [2, 0], [3, 0], [4, 0], [5, 0], [1, 2], [0, 2], [3, 2], [6, 2], [5, 2], [1, 3], [0, 3], [2, 3], [6, 3], [7, 3], [8, 3], [2, 6], [3, 6], [7, 6], [5, 6], [8, 6], [3, 7], [6, 7], [9, 7], [10, 7], [7, 9], [11, 9], [12, 9], [10, 9], [13, 9], [9, 11], [12, 11], [14, 11], [15, 11], [9, 12], [11, 12], [14, 12], [16, 12], [17, 12], [11, 14], [12, 14], [16, 14], [17, 14], [12, 16], [14, 16], [18, 16], [19, 16], [20, 16], [21, 16], [17, 16], [16, 18], [19, 18], [22, 18], [20, 18], [21, 18], [16, 19], [18, 19], [22, 19], [21, 19], [18, 22], [19, 22], [21, 22], [0, 4], [5, 4], [8, 4], [0, 5], [2, 5], [6, 5], [4, 5], [8, 5], [3, 8], [6, 8], [4, 8], [5, 8], [10, 8], [7, 10], [9, 10], [8, 10], [13, 10], [15, 10], [16, 20], [18, 20], [21, 20], [17, 20], [16, 21], [18, 21], [19, 21], [22, 21], [20, 21], [9, 13], [10, 13], [15, 13], [17, 13], [11, 15], [10, 15], [13, 15], [17, 15], [12, 17], [14, 17], [16, 17], [20, 17], [13, 17], [15, 17]], "labels": {"0": "1", "1": "1", "2": "1", "3": "1", "4": "2", "5": "2", "6": "1", "7": "1", "8": "2", "9": "1", "10": "2", "11": "1", "12": "1", "13": "2", "14": "1", "15": "2", "16": "1", "17": "2", "18": "1", "19": "1", "20": "2", "21": "2", "22": "1"}, "target": 4}