{"edges": [[0, 1], [2, 1], [1, 0], [3, 0], [4, 0], [5, 0], [0, 3], [6, 3], [5, 3], [7, 3], [3, 6], [8, 6], [9, 6], [7, 6], [10, 6], [6, 8], [9, 8], [11, 8], [12, 8], [6, 9], [8, 9], [11, 9], [13, 9], [8, 11], [9, 11], [14, 11], [15, 11], [13, 11], [11, 14], [16, 14], [15, 14], [17, 14], [14, 16], [15, 16], [17, 16], [1, 2], [4, 2], [5, 2], [0, 4], [2, 4], [5, 4], [0, 5], [3, 5], [2, 5], [4, 5], [7, 5], [3, 7], [6, 7], [5, 7], [10, 7], [12, 7], [11, 15], [14, 15], [16, 15], [17, 15], [13, 15], [14, 17], [16, 17], [15, 17], [13, 17], [6, 10], [7, 10], [12, 10], [13, 10], [8, 12], [7, 12], [10, 12], [13, 12], [9, 13], [11, 13], [15, 13], [17, 13], [10, 13], [12, 13]], "labels": {"0": "1", "1": "1", "2": "2", "3": "1", "4": "2", "5": "2", "6": "1", "7": "2", "8": "1", "9": "1", "10": "2", "11": "1", "12": "2", "13": "2", "14": "1", "15": "2", "16": "1", "17": "2"}, "target": 4}