{"edges": [[0, 1], [2, 1], [3, 4], [5, 4], [6, 4], [7, 4], [4, 3], [8, 3], [5, 3], [9, 3], [10, 11], [12, 11], [13, 11], [0, 14], [15, 14], [16, 14], [2, 14], [3, 8], [5, 8], [6, 8], [7, 8], [4, 5], [3, 5], [8, 5], [9, 5], [17, 5], [1, 0], [14, 0], [15, 0], [2, 0], [14, 15], [0, 15], [6, 15], [7, 15], [16, 15], [4, 6], [8, 6], [15, 6], [7, 6], [16, 6], [10, 18], [9, 18], [17, 18], [19, 18], [20, 18], [11, 10], [18, 10], [12, 10], [13, 10], [19, 10], [20, 10], [11, 12], [10, 12], [13, 12], [19, 12], [3, 9], [5, 9], [18, 9], [17, 9], [20, 9], [5, 17], [18, 17], [9, 17], [20, 17], [11, 13], [10, 13], [12, 13], [19, 13], [18, 19], [10, 19], [12, 19], [13, 19], [20, 19], [18, 20], [10, 20], [9, 20], [17, 20], [19, 20], [4, 7], [8, 7], [15, 7], [6, 7], [16, 7], [14, 16], [15, 16], [6, 16], [7, 16], [1, 2], [14, 2], [0, 2]], "labels": {"0": "2", "1": "1", "2": "2", "3": "1", "4": "1", "5": "1", "6": "2", "7": "2", "8": "1", "9": "2", "10": "2", "11": "1", "12": "2", "13": "2", "14": "1", "15": "2", "16": "2", "17": "2", "18": "2", "19": "2", "20": "2"}, "target": 4}