{"edges": [[0, 1], [2, 1], [3, 1], [4, 5], [6, 5], [0, 5], [7, 5], [8, 5], [5, 4], [6, 4], [7, 4], [9, 10], [11, 10], [12, 10], [10, 9], [13, 9], [14, 9], [15, 9], [16, 17], [18, 17], [19, 17], [20, 17], [17, 16], [21, 16], [22, 16], [23, 16], [16, 21], [24, 21], [22, 21], [23, 21], [20, 21], [21, 24], [25, 24], [26, 24], [27, 24], [28, 24], [24, 25], [26, 25], [27, 25], [28, 25], [24, 26], [25, 26], [27, 26], [28, 26], [24, 27], [25, 27], [26, 27], [28, 27], [29, 27], [10, 11], [30, 11], [14, 11], [15, 11], [9, 13], [18, 13], [31, 13], [19, 13], [15, 13], [17, 18], [13, 18], [31, 18], [19, 18], [5, 6], [4, 6], [7, 6], [32, 6], [12, 6], [16, 22], [21, 22], [23, 22], [20, 22], [1, 0], [5, 0], [2, 0], [8, 0], [3, 0], [1, 2], [0, 2], [3, 2], [16, 23], [21, 23], [22, 23], [20, 23], [11, 30], [14, 30], [15, 30], [13, 31], [18, 31], [19, 31], [17, 19], [13, 19], [18, 19], [31, 19], [5, 7], [4, 7], [6, 7], [32, 7], [12, 7], [17, 20], [21, 20], [22, 20], [23, 20], [5, 8], [0, 8], [3, 8], [1, 3], [0, 3], [2, 3], [8, 3], [6, 32], [7, 32], [12, 32], [10, 12], [6, 12], [7, 12], [32, 12], [9, 14], [11, 14], [30, 14], [15, 14], [9, 15], [11, 15], [13, 15], [30, 15], [14, 15], [24, 28], [25, 28], [26, 28], [27, 28], [29, 28], [33, 28], [34, 28], [27, 29], [28, 29], [33, 29], [34, 29], [28, 33], [29, 33], [34, 33], [28, 34], [29, 34], [33, 34]], "labels": {"0": "2", "1": "1", "2": "2", "3": "2", "4": "1", "5": "1", "6": "2", "7": "2", "8": "2", "9": "1", "10": "1", "11": "2", "12": "2", "13": "2", "14": "2", "15": "2", "16": "1", "17": "1", "18": "2", "19": "2", "20": "2", "21": "1", "22": "2", "23": "2", "24": "1", "25": "1", "26": "1", "27": "1", "28": "2", "29": "2", "30": "2", "31": "2", "32": "2", "33": "2", "34": "2"}, "target": 4}