{"edges": [[0, 1], [2, 1], [3, 1], [1, 0], [2, 0], [3, 0], [4, 5], [6, 5], [7, 5], [8, 5], [5, 4], [6, 4], [9, 4], [8, 4], [5, 6], [4, 6], [9, 6], [10, 6], [11, 6], [4, 9], [6, 9], [12, 9], [11, 9], [13, 9], [9, 12], [14, 12], [15, 12], [16, 12], [12, 14], [17, 14], [18, 14], [1, 2], [0, 2], [19, 2], [3, 2], [2, 19], [3, 19], [20, 19], [21, 19], [7, 19], [1, 3], [0, 3], [2, 3], [19, 3], [20, 3], [21, 3], [19, 20], [3, 20], [21, 20], [7, 20], [19, 21], [3, 21], [20, 21], [7, 21], [14, 17], [15, 17], [18, 17], [22, 17], [5, 7], [19, 7], [20, 7], [21, 7], [6, 10], [8, 10], [23, 10], [11, 10], [5, 8], [4, 8], [10, 8], [23, 8], [11, 8], [10, 23], [8, 23], [11, 23], [12, 15], [17, 15], [18, 15], [22, 15], [16, 15], [13, 15], [14, 18], [17, 18], [15, 18], [22, 18], [17, 22], [15, 22], [18, 22], [16, 22], [13, 22], [6, 11], [9, 11], [10, 11], [8, 11], [23, 11], [12, 16], [15, 16], [22, 16], [13, 16], [9, 13], [15, 13], [22, 13], [16, 13]], "labels": {"0": "1", "1": "1", "2": "2", "3": "2", "4": "1", "5": "1", "6": "1", "7": "2", "8": "2", "9": "1", "10": "2", "11": "2", "12": "1", "13": "2", "14": "1", "15": "2", "16": "2", "17": "2", "18": "2", "19": "2", "20": "2", "21": "2", "22": "2", "23": "2"}, "target": 4}