{"edges": [[0, 1], [2, 1], [3, 1], [4, 1], [1, 0], [2, 0], [5, 0], [4, 0], [6, 0], [1, 2], [0, 2], [5, 2], [7, 2], [8, 9], [10, 9], [11, 9], [9, 8], [12, 8], [13, 8], [14, 8], [8, 12], [13, 12], [15, 12], [3, 16], [17, 16], [4, 16], [1, 3], [16, 3], [17, 3], [4, 3], [0, 5], [2, 5], [7, 5], [18, 5], [6, 5], [8, 13], [12, 13], [14, 13], [15, 13], [2, 7], [5, 7], [18, 7], [6, 7], [19, 7], [9, 10], [11, 10], [19, 10], [20, 10], [9, 11], [10, 11], [19, 11], [20, 11], [5, 18], [7, 18], [6, 18], [19, 18], [20, 18], [16, 17], [3, 17], [4, 17], [1, 4], [0, 4], [16, 4], [3, 4], [17, 4], [0, 6], [5, 6], [7, 6], [18, 6], [8, 14], [13, 14], [15, 14], [12, 15], [13, 15], [14, 15], [7, 19], [10, 19], [11, 19], [18, 19], [20, 19], [10, 20], [11, 20], [18, 20], [19, 20]], "labels": {"0": "1", "1": "1", "2": "1", "3": "2", "4": "2", "5": "2", "6": "2", "7": "2", "8": "1", "9": "1", "10": "2", "11": "2", "12": "1", "13": "2", "14": "2", "15": "2", "16": "2", "17": "2", "18": "2", "19": "2", "20": "2"}, "target": 4}