{"edges": [[0, 1], [2, 1], [3, 1], [1, 0], [2, 0], [4, 0], [5, 0], [6, 0], [1, 2], [0, 2], [4, 2], [7, 2], [8, 9], [10, 9], [11, 9], [9, 8], [10, 8], [12, 8], [9, 10], [8, 10], [13, 10], [3, 14], [15, 14], [5, 14], [1, 3], [14, 3], [15, 3], [5, 3], [0, 4], [2, 4], [7, 4], [16, 4], [6, 4], [8, 12], [11, 12], [17, 12], [13, 12], [2, 7], [4, 7], [16, 7], [6, 7], [18, 7], [9, 11], [12, 11], [19, 11], [17, 11], [13, 11], [18, 11], [20, 11], [11, 19], [18, 19], [20, 19], [4, 16], [7, 16], [6, 16], [18, 16], [20, 16], [14, 15], [3, 15], [5, 15], [0, 5], [14, 5], [3, 5], [15, 5], [0, 6], [4, 6], [7, 6], [16, 6], [12, 17], [11, 17], [13, 17], [10, 13], [12, 13], [11, 13], [17, 13], [7, 18], [11, 18], [19, 18], [16, 18], [20, 18], [11, 20], [19, 20], [16, 20], [18, 20]], "labels": {"0": "1", "1": "1", "2": "1", "3": "2", "4": "2", "5": "2", "6": "2", "7": "2", "8": "1", "9": "1", "10": "1", "11": "2", "12": "2", "13": "2", "14": "2", "15": "2", "16": "2", "17": "2", "18": "2", "19": "2", "20": "2"}, "target": 4}