{"edges": [[0, 1], [2, 1], [3, 1], [4, 5], [6, 5], [7, 5], [8, 5], [5, 4], [9, 4], [10, 4], [4, 9], [11, 9], [12, 9], [9, 11], [13, 11], [12, 11], [5, 6], [10, 6], [2, 6], [4, 10], [6, 10], [7, 10], [14, 10], [5, 7], [10, 7], [13, 7], [11, 13], [7, 13], [12, 13], [9, 12], [11, 12], [13, 12], [1, 0], [15, 0], [2, 0], [3, 0], [0, 15], [16, 15], [2, 15], [17, 15], [15, 16], [8, 16], [14, 16], [5, 8], [16, 8], [17, 8], [14, 8], [1, 2], [6, 2], [0, 2], [15, 2], [3, 2], [1, 3], [0, 3], [2, 3], [17, 3], [15, 17], [8, 17], [3, 17], [14, 17], [10, 14], [16, 14], [8, 14], [17, 14]], "labels": {"0": "2", "1": "1", "2": "2", "3": "2", "4": "1", "5": "1", "6": "1", "7": "1", "8": "2", "9": "1", "10": "1", "11": "1", "12": "1", "13": "1", "14": "2", "15": "2", "16": "2", "17": "2"}, "target": 6}