{"edges": [[0, 1], [2, 1], [3, 1], [1, 0], [2, 0], [4, 0], [5, 0], [1, 2], [0, 2], [4, 2], [6, 2], [0, 4], [2, 4], [7, 4], [8, 4], [9, 4], [10, 11], [12, 11], [13, 11], [14, 11], [11, 10], [12, 10], [15, 10], [16, 10], [13, 10], [11, 12], [10, 12], [15, 12], [16, 12], [10, 15], [12, 15], [16, 15], [17, 15], [18, 15], [10, 16], [12, 16], [15, 16], [17, 16], [18, 16], [15, 17], [16, 17], [18, 17], [19, 17], [15, 18], [16, 18], [17, 18], [19, 18], [20, 18], [1, 3], [21, 3], [22, 3], [23, 3], [3, 21], [22, 21], [23, 21], [5, 21], [6, 21], [8, 21], [3, 22], [21, 22], [23, 22], [5, 22], [3, 23], [21, 23], [22, 23], [0, 5], [21, 5], [22, 5], [6, 5], [11, 13], [10, 13], [14, 13], [24, 13], [2, 6], [21, 6], [5, 6], [8, 6], [9, 6], [11, 14], [13, 14], [24, 14], [13, 24], [14, 24], [7, 24], [4, 7], [24, 7], [8, 7], [9, 7], [4, 8], [21, 8], [6, 8], [7, 8], [9, 8], [4, 9], [6, 9], [7, 9], [8, 9], [17, 19], [18, 19], [20, 19], [25, 19], [26, 19], [18, 20], [19, 20], [25, 20], [26, 20], [19, 25], [20, 25], [26, 25], [19, 26], [20, 26], [25, 26]], "labels": {"0": "1", "1": "1", "2": "1", "3": "2", "4": "1", "5": "2", "6": "2", "7": "2", "8": "2", "9": "2", "10": "1", "11": "1", "12": "1", "13": "2", "14": "2", "15": "1", "16": "1", "17": "1", "18": "1", "19": "2", "20": "2", "21": "2", "22": "2", "23": "2", "24": "2", "25": "2", "26": "2"}, "target": 4}