{"edges": [[0, 1], [2, 1], [3, 1], [1, 0], [2, 0], [4, 0], [5, 6], [7, 6], [8, 6], [9, 6], [6, 5], [7, 5], [8, 5], [10, 5], [6, 7], [5, 7], [11, 7], [12, 7], [13, 7], [14, 7], [15, 16], [17, 16], [14, 16], [18, 16], [19, 20], [21, 20], [22, 20], [23, 24], [25, 24], [26, 24], [27, 28], [2, 28], [3, 28], [28, 27], [2, 27], [4, 27], [3, 27], [29, 27], [6, 8], [5, 8], [30, 8], [10, 8], [31, 8], [32, 8], [8, 30], [10, 30], [31, 30], [7, 11], [15, 11], [13, 11], [33, 11], [34, 11], [35, 11], [16, 15], [11, 15], [12, 15], [14, 15], [18, 15], [7, 12], [15, 12], [36, 12], [18, 12], [21, 37], [22, 37], [38, 37], [24, 23], [26, 23], [1, 2], [0, 2], [28, 2], [27, 2], [39, 40], [41, 40], [42, 40], [40, 39], [4, 39], [29, 39], [0, 4], [27, 4], [39, 4], [43, 4], [40, 41], [44, 41], [45, 41], [46, 41], [41, 44], [9, 44], [42, 44], [32, 44], [5, 10], [8, 10], [30, 10], [13, 10], [33, 10], [7, 13], [11, 13], [10, 13], [33, 13], [31, 13], [35, 13], [20, 19], [47, 19], [48, 19], [49, 19], [38, 19], [19, 47], [48, 47], [25, 47], [26, 47], [16, 17], [21, 17], [22, 17], [20, 21], [37, 21], [17, 21], [36, 21], [7, 14], [16, 14], [15, 14], [19, 48], [47, 48], [50, 48], [49, 48], [11, 33], [10, 33], [13, 33], [31, 33], [34, 33], [6, 9], [44, 9], [46, 9], [24, 25], [47, 25], [49, 25], [26, 25], [1, 3], [28, 3], [27, 3], [41, 45], [43, 45], [42, 45], [4, 43], [45, 43], [29, 43], [27, 29], [39, 29], [43, 29], [40, 42], [44, 42], [45, 42], [46, 42], [41, 46], [9, 46], [42, 46], [32, 46], [8, 31], [30, 31], [13, 31], [33, 31], [34, 31], [11, 34], [33, 34], [31, 34], [35, 34], [48, 50], [49, 50], [38, 50], [19, 49], [48, 49], [25, 49], [50, 49], [26, 49], [12, 36], [21, 36], [22, 36], [20, 22], [37, 22], [17, 22], [36, 22], [16, 18], [15, 18], [12, 18], [37, 38], [19, 38], [50, 38], [11, 35], [13, 35], [34, 35], [8, 32], [44, 32], [46, 32], [24, 26], [23, 26], [47, 26], [25, 26], [49, 26]], "labels": {"0": "1", "1": "1", "2": "2", "3": "2", "4": "2", "5": "1", "6": "1", "7": "1", "8": "1", "9": "2", "10": "2", "11": "1", "12": "1", "13": "2", "14": "2", "15": "1", "16": "1", "17": "2", "18": "2", "19": "2", "20": "1", "21": "2", "22": "2", "23": "1", "24": "1", "25": "2", "26": "2", "27": "1", "28": "1", "29": "2", "30": "1", "31": "2", "32": "2", "33": "2", "34": "2", "35": "2", "36": "2", "37": "1", "38": "2", "39": "2", "40": "2", "41": "2", "42": "2", "43": "2", "44": "2", "45": "2", "46": "2", "47": "2", "48": "2", "49": "2", "50": "2"}, "target": 4}