{"edges": [[0, 1], [1, 0], [2, 0], [3, 0], [4, 0], [5, 0], [0, 2], [6, 2], [7, 2], [8, 2], [4, 2], [2, 6], [8, 6], [9, 6], [10, 6], [0, 3], [7, 3], [2, 7], [3, 7], [4, 7], [5, 7], [11, 7], [12, 13], [14, 13], [15, 13], [16, 13], [17, 18], [14, 18], [8, 18], [19, 18], [20, 18], [12, 21], [13, 12], [21, 12], [17, 12], [22, 12], [18, 17], [12, 17], [14, 17], [23, 17], [24, 17], [13, 14], [18, 14], [17, 14], [25, 14], [26, 14], [2, 8], [6, 8], [18, 8], [10, 8], [0, 4], [2, 4], [7, 4], [5, 4], [22, 4], [24, 4], [27, 28], [27, 29], [30, 29], [30, 31], [32, 31], [33, 31], [34, 31], [6, 9], [35, 9], [36, 9], [6, 10], [8, 10], [0, 5], [7, 5], [4, 5], [22, 5], [24, 5], [28, 27], [29, 27], [29, 30], [31, 30], [31, 32], [35, 32], [37, 32], [38, 32], [9, 35], [32, 35], [36, 35], [13, 15], [20, 15], [13, 16], [11, 16], [22, 16], [24, 16], [39, 40], [41, 42], [33, 42], [32, 37], [33, 37], [43, 37], [34, 37], [18, 19], [43, 19], [18, 20], [15, 20], [7, 11], [16, 11], [40, 39], [41, 39], [42, 41], [39, 41], [31, 33], [42, 33], [37, 33], [37, 43], [19, 43], [36, 43], [14, 25], [23, 25], [12, 22], [4, 22], [5, 22], [16, 22], [24, 22], [38, 44], [45, 44], [32, 38], [44, 38], [34, 38], [14, 26], [36, 26], [17, 23], [25, 23], [17, 24], [4, 24], [5, 24], [16, 24], [22, 24], [44, 45], [31, 34], [37, 34], [38, 34], [36, 34], [9, 36], [35, 36], [43, 36], [26, 36], [34, 36]], "labels": {"0": "1", "1": "1", "2": "1", "3": "1", "4": "2", "5": "2", "6": "1", "7": "1", "8": "2", "9": "2", "10": "2", "11": "2", "12": "1", "13": "1", "14": "1", "15": "2", "16": "2", "17": "1", "18": "1", "19": "2", "20": "2", "21": "1", "22": "2", "23": "2", "24": "2", "25": "2", "26": "2", "27": "2", "28": "2", "29": "2", "30": "2", "31": "2", "32": "2", "33": "2", "34": "2", "35": "2", "36": "2", "37": "2", "38": "2", "39": "2", "40": "2", "41": "2", "42": "2", "43": "2", "44": "2", "45": "2"}, "target": 4}