{"edges": [[0, 1], [2, 1], [1, 0], [3, 0], [4, 0], [5, 0], [6, 0], [0, 3], [7, 3], [5, 3], [8, 3], [9, 3], [10, 11], [12, 11], [13, 11], [14, 11], [15, 16], [16, 15], [7, 15], [3, 7], [15, 7], [2, 7], [17, 7], [11, 10], [18, 10], [13, 10], [19, 10], [10, 18], [12, 18], [0, 4], [2, 4], [1, 2], [7, 2], [4, 2], [5, 2], [20, 2], [0, 5], [3, 5], [2, 5], [21, 5], [22, 5], [11, 12], [18, 12], [13, 12], [23, 12], [11, 13], [10, 13], [12, 13], [3, 8], [6, 8], [20, 8], [0, 6], [8, 6], [21, 6], [11, 14], [24, 14], [25, 14], [19, 14], [26, 14], [27, 28], [29, 28], [30, 28], [31, 28], [32, 28], [33, 28], [34, 35], [27, 35], [36, 35], [37, 35], [38, 35], [39, 35], [40, 35], [3, 9], [34, 9], [17, 9], [35, 34], [9, 34], [17, 34], [22, 34], [28, 27], [35, 27], [36, 27], [38, 27], [41, 27], [28, 29], [24, 29], [25, 29], [14, 24], [29, 24], [25, 24], [19, 24], [23, 24], [42, 24], [26, 24], [7, 17], [9, 17], [34, 17], [37, 17], [22, 17], [35, 36], [27, 36], [37, 36], [38, 36], [41, 36], [28, 30], [25, 30], [32, 30], [33, 30], [14, 25], [29, 25], [24, 25], [30, 25], [19, 25], [42, 25], [26, 25], [35, 37], [17, 37], [36, 37], [35, 38], [27, 38], [36, 38], [31, 38], [40, 38], [28, 31], [38, 31], [32, 31], [43, 31], [28, 32], [30, 32], [31, 32], [33, 32], [43, 32], [28, 33], [30, 33], [32, 33], [43, 33], [10, 19], [14, 19], [24, 19], [25, 19], [23, 19], [5, 21], [6, 21], [20, 21], [2, 20], [8, 20], [21, 20], [12, 23], [24, 23], [19, 23], [26, 23], [31, 43], [32, 43], [33, 43], [40, 43], [42, 43], [27, 41], [36, 41], [39, 41], [40, 41], [5, 22], [34, 22], [17, 22], [39, 22], [35, 39], [41, 39], [22, 39], [35, 40], [38, 40], [43, 40], [41, 40], [24, 42], [25, 42], [43, 42], [26, 42], [14, 26], [24, 26], [25, 26], [23, 26], [42, 26]], "labels": {"0": "1", "1": "1", "2": "1", "3": "1", "4": "1", "5": "1", "6": "2", "7": "1", "8": "2", "9": "2", "10": "1", "11": "1", "12": "1", "13": "1", "14": "2", "15": "1", "16": "1", "17": "2", "18": "1", "19": "2", "20": "2", "21": "2", "22": "2", "23": "2", "24": "2", "25": "2", "26": "2", "27": "2", "28": "2", "29": "2", "30": "2", "31": "2", "32": "2", "33": "2", "34": "2", "35": "2", "36": "2", "37": "2", "38": "2", "39": "2", "40": "2", "41": "2", "42": "2", "43": "2"}, "target": 4}