{"edges": [[0, 1], [2, 1], [1, 0], [3, 0], [4, 0], [5, 0], [0, 3], [6, 3], [7, 3], [8, 9], [10, 9], [11, 9], [9, 8], [12, 8], [13, 8], [14, 8], [15, 16], [16, 15], [5, 15], [17, 15], [18, 15], [6, 19], [20, 19], [21, 19], [22, 19], [8, 12], [10, 12], [14, 12], [23, 12], [9, 10], [12, 10], [11, 10], [2, 24], [1, 2], [24, 2], [4, 2], [18, 2], [0, 4], [2, 4], [22, 4], [25, 4], [8, 13], [14, 13], [26, 13], [8, 14], [12, 14], [13, 14], [3, 6], [19, 6], [5, 6], [17, 6], [20, 6], [18, 6], [22, 6], [0, 5], [15, 5], [6, 5], [17, 5], [18, 5], [9, 11], [10, 11], [27, 11], [28, 11], [23, 11], [29, 11], [26, 11], [30, 31], [32, 31], [33, 31], [34, 31], [35, 31], [36, 31], [37, 38], [32, 38], [39, 38], [40, 38], [41, 38], [42, 38], [43, 38], [44, 38], [3, 7], [37, 7], [21, 7], [25, 7], [31, 30], [27, 30], [28, 30], [29, 30], [11, 27], [30, 27], [23, 27], [26, 27], [38, 37], [7, 37], [31, 32], [38, 32], [39, 32], [41, 32], [42, 32], [44, 32], [15, 17], [6, 17], [5, 17], [20, 17], [22, 17], [19, 20], [6, 20], [17, 20], [19, 21], [7, 21], [40, 21], [38, 39], [32, 39], [40, 39], [41, 39], [44, 39], [31, 33], [41, 33], [34, 33], [36, 33], [11, 28], [30, 28], [34, 28], [23, 28], [38, 40], [21, 40], [39, 40], [38, 41], [32, 41], [39, 41], [33, 41], [31, 34], [33, 34], [28, 34], [35, 34], [12, 23], [11, 23], [27, 23], [28, 23], [26, 23], [15, 18], [2, 18], [6, 18], [5, 18], [22, 18], [19, 22], [4, 22], [6, 22], [17, 22], [18, 22], [4, 25], [7, 25], [43, 25], [38, 42], [32, 42], [43, 42], [44, 42], [31, 35], [34, 35], [44, 35], [36, 35], [11, 29], [30, 29], [36, 29], [26, 29], [38, 43], [25, 43], [42, 43], [38, 44], [32, 44], [39, 44], [42, 44], [35, 44], [31, 36], [33, 36], [35, 36], [29, 36], [13, 26], [11, 26], [27, 26], [23, 26], [29, 26]], "labels": {"0": "1", "1": "1", "2": "1", "3": "1", "4": "1", "5": "2", "6": "2", "7": "2", "8": "1", "9": "1", "10": "1", "11": "2", "12": "1", "13": "1", "14": "1", "15": "1", "16": "1", "17": "2", "18": "2", "19": "1", "20": "2", "21": "2", "22": "2", "23": "2", "24": "1", "25": "2", "26": "2", "27": "2", "28": "2", "29": "2", "30": "2", "31": "2", "32": "2", "33": "2", "34": "2", "35": "2", "36": "2", "37": "2", "38": "2", "39": "2", "40": "2", "41": "2", "42": "2", "43": "2", "44": "2"}, "target": 4}