{"edges": [[0, 1], [2, 1], [1, 0], [3, 0], [4, 0], [5, 6], [7, 6], [4, 6], [8, 6], [9, 6], [6, 5], [10, 5], [3, 5], [7, 5], [11, 5], [12, 13], [14, 13], [15, 13], [13, 12], [16, 12], [17, 12], [18, 12], [19, 20], [20, 19], [10, 19], [4, 19], [8, 19], [9, 19], [5, 10], [19, 10], [21, 10], [8, 10], [22, 10], [10, 21], [7, 21], [22, 21], [23, 21], [24, 21], [12, 16], [14, 16], [18, 16], [25, 16], [13, 14], [16, 14], [25, 14], [26, 14], [2, 27], [1, 2], [27, 2], [3, 2], [28, 2], [9, 2], [0, 3], [5, 3], [2, 3], [28, 3], [9, 3], [24, 3], [2, 28], [3, 28], [24, 28], [29, 28], [12, 17], [18, 17], [26, 17], [12, 18], [16, 18], [17, 18], [6, 7], [5, 7], [21, 7], [4, 7], [8, 7], [22, 7], [9, 7], [24, 7], [0, 4], [6, 4], [19, 4], [7, 4], [8, 4], [9, 4], [13, 15], [30, 15], [31, 15], [25, 15], [32, 15], [26, 15], [33, 34], [35, 34], [36, 34], [37, 34], [38, 34], [39, 34], [40, 34], [41, 42], [43, 42], [44, 42], [45, 42], [46, 42], [47, 42], [48, 42], [49, 42], [5, 11], [41, 11], [23, 11], [29, 11], [34, 33], [30, 33], [31, 33], [32, 33], [15, 30], [33, 30], [25, 30], [26, 30], [42, 41], [11, 41], [45, 41], [42, 43], [50, 43], [44, 43], [47, 43], [49, 43], [43, 50], [35, 50], [37, 50], [34, 35], [50, 35], [51, 35], [37, 35], [39, 35], [6, 8], [19, 8], [10, 8], [7, 8], [4, 8], [22, 8], [24, 8], [10, 22], [21, 22], [7, 22], [8, 22], [21, 23], [11, 23], [45, 23], [42, 44], [43, 44], [45, 44], [46, 44], [47, 44], [49, 44], [34, 36], [31, 36], [38, 36], [40, 36], [15, 31], [33, 31], [36, 31], [25, 31], [42, 45], [41, 45], [23, 45], [44, 45], [48, 45], [42, 46], [44, 46], [51, 46], [35, 51], [46, 51], [37, 51], [34, 37], [50, 37], [35, 37], [51, 37], [38, 37], [39, 37], [34, 38], [36, 38], [37, 38], [16, 25], [14, 25], [15, 25], [30, 25], [31, 25], [26, 25], [6, 9], [19, 9], [2, 9], [3, 9], [7, 9], [4, 9], [21, 24], [3, 24], [28, 24], [7, 24], [8, 24], [28, 29], [11, 29], [48, 29], [42, 47], [43, 47], [44, 47], [39, 47], [49, 47], [34, 39], [35, 39], [37, 39], [47, 39], [40, 39], [15, 32], [33, 32], [40, 32], [26, 32], [42, 48], [45, 48], [29, 48], [49, 48], [42, 49], [43, 49], [44, 49], [47, 49], [48, 49], [34, 40], [36, 40], [39, 40], [32, 40], [14, 26], [17, 26], [15, 26], [30, 26], [25, 26], [32, 26]], "labels": {"0": "1", "1": "1", "2": "1", "3": "1", "4": "2", "5": "1", "6": "1", "7": "2", "8": "2", "9": "2", "10": "1", "11": "2", "12": "1", "13": "1", "14": "1", "15": "2", "16": "1", "17": "1", "18": "1", "19": "1", "20": "1", "21": "1", "22": "2", "23": "2", "24": "2", "25": "2", "26": "2", "27": "1", "28": "1", "29": "2", "30": "2", "31": "2", "32": "2", "33": "2", "34": "2", "35": "2", "36": "2", "37": "2", "38": "2", "39": "2", "40": "2", "41": "2", "42": "2", "43": "2", "44": "2", "45": "2", "46": "2", "47": "2", "48": "2", "49": "2", "50": "2", "51": "2"}, "target": 4}