{"edges": [[0, 1], [2, 1], [1, 0], [3, 0], [4, 0], [5, 6], [4, 6], [7, 6], [8, 6], [9, 6], [6, 5], [10, 5], [3, 5], [7, 5], [11, 5], [12, 13], [14, 13], [15, 13], [13, 12], [16, 12], [17, 12], [18, 12], [19, 20], [20, 19], [10, 19], [4, 19], [8, 19], [9, 19], [5, 10], [19, 10], [21, 10], [8, 10], [22, 10], [10, 21], [7, 21], [22, 21], [23, 21], [24, 21], [12, 16], [14, 16], [18, 16], [25, 16], [13, 14], [16, 14], [15, 14], [26, 14], [2, 27], [1, 2], [27, 2], [28, 2], [9, 2], [0, 3], [5, 3], [28, 3], [9, 3], [24, 3], [2, 28], [3, 28], [24, 28], [29, 28], [12, 17], [18, 17], [26, 17], [12, 18], [16, 18], [17, 18], [30, 31], [15, 31], [32, 31], [25, 31], [33, 31], [26, 31], [0, 4], [6, 4], [19, 4], [7, 4], [6, 7], [5, 7], [21, 7], [4, 7], [8, 7], [9, 7], [5, 11], [34, 11], [35, 36], [37, 36], [38, 36], [39, 36], [30, 40], [41, 40], [42, 40], [43, 40], [31, 30], [40, 30], [11, 34], [35, 34], [36, 35], [34, 35], [44, 35], [45, 35], [36, 37], [46, 37], [37, 46], [41, 46], [47, 46], [48, 46], [40, 41], [46, 41], [49, 41], [50, 41], [42, 41], [51, 41], [52, 41], [13, 15], [14, 15], [31, 15], [26, 15], [6, 8], [19, 8], [10, 8], [7, 8], [22, 8], [24, 8], [10, 22], [21, 22], [8, 22], [21, 23], [53, 23], [35, 44], [53, 44], [38, 44], [39, 44], [41, 49], [32, 49], [42, 49], [31, 32], [49, 32], [25, 32], [23, 53], [44, 53], [36, 38], [44, 38], [47, 38], [46, 47], [38, 47], [50, 47], [41, 50], [47, 50], [42, 50], [40, 42], [41, 42], [49, 42], [50, 42], [43, 42], [16, 25], [31, 25], [32, 25], [26, 25], [6, 9], [19, 9], [2, 9], [3, 9], [7, 9], [21, 24], [3, 24], [28, 24], [8, 24], [28, 29], [54, 29], [35, 45], [54, 45], [39, 45], [41, 51], [33, 51], [43, 51], [31, 33], [51, 33], [26, 33], [29, 54], [45, 54], [36, 39], [44, 39], [45, 39], [48, 39], [46, 48], [39, 48], [52, 48], [41, 52], [48, 52], [43, 52], [40, 43], [42, 43], [51, 43], [52, 43], [14, 26], [17, 26], [31, 26], [15, 26], [25, 26], [33, 26]], "labels": {"0": "1", "1": "1", "2": "1", "3": "1", "4": "2", "5": "1", "6": "1", "7": "2", "8": "2", "9": "2", "10": "1", "11": "2", "12": "1", "13": "1", "14": "1", "15": "2", "16": "1", "17": "1", "18": "1", "19": "1", "20": "1", "21": "1", "22": "2", "23": "2", "24": "2", "25": "2", "26": "2", "27": "1", "28": "1", "29": "2", "30": "2", "31": "2", "32": "2", "33": "2", "34": "2", "35": "2", "36": "2", "37": "2", "38": "2", "39": "2", "40": "2", "41": "2", "42": "2", "43": "2", "44": "2", "45": "2", "46": "2", "47": "2", "48": "2", "49": "2", "50": "2", "51": "2", "52": "2", "53": "2", "54": "2"}, "target": 4}