{"edges": [[0, 1], [2, 3], [4, 3], [5, 3], [6, 7], [8, 7], [1, 0], [9, 0], [10, 0], [0, 9], [11, 9], [2, 12], [13, 12], [11, 12], [6, 14], [15, 14], [16, 17], [3, 2], [12, 2], [18, 2], [16, 2], [19, 2], [20, 21], [22, 21], [23, 21], [24, 21], [21, 20], [23, 20], [25, 26], [2, 18], [27, 18], [25, 18], [6, 28], [29, 28], [30, 31], [30, 32], [33, 32], [21, 22], [6, 22], [23, 22], [34, 22], [4, 35], [36, 35], [37, 35], [38, 35], [39, 40], [36, 40], [6, 41], [23, 41], [42, 41], [0, 10], [37, 10], [38, 43], [44, 43], [7, 6], [14, 6], [28, 6], [22, 6], [41, 6], [45, 6], [46, 47], [48, 47], [47, 46], [49, 46], [48, 46], [21, 23], [20, 23], [22, 23], [41, 23], [50, 23], [3, 4], [35, 4], [11, 4], [25, 4], [36, 4], [37, 4], [48, 4], [7, 8], [5, 8], [15, 8], [29, 8], [42, 8], [50, 8], [3, 5], [8, 5], [13, 5], [27, 5], [39, 5], [49, 5], [12, 13], [5, 13], [15, 13], [19, 13], [33, 13], [44, 13], [14, 15], [8, 15], [13, 15], [24, 15], [34, 15], [45, 15], [9, 11], [12, 11], [4, 11], [16, 11], [30, 11], [36, 11], [37, 11], [38, 11], [48, 11], [17, 16], [2, 16], [11, 16], [25, 16], [36, 16], [48, 16], [21, 24], [15, 24], [19, 24], [29, 24], [42, 24], [50, 24], [2, 19], [13, 19], [24, 19], [27, 19], [39, 19], [49, 19], [18, 27], [5, 27], [19, 27], [29, 27], [28, 29], [8, 29], [24, 29], [27, 29], [26, 25], [18, 25], [4, 25], [16, 25], [31, 30], [32, 30], [11, 30], [22, 34], [15, 34], [33, 34], [32, 33], [13, 33], [34, 33], [40, 39], [5, 39], [19, 39], [42, 39], [41, 42], [8, 42], [24, 42], [39, 42], [35, 36], [40, 36], [4, 36], [11, 36], [16, 36], [35, 37], [10, 37], [4, 37], [11, 37], [38, 37], [35, 38], [43, 38], [11, 38], [37, 38], [6, 45], [15, 45], [44, 45], [43, 44], [13, 44], [45, 44], [46, 49], [5, 49], [19, 49], [50, 49], [23, 50], [8, 50], [24, 50], [49, 50], [47, 48], [46, 48], [4, 48], [11, 48], [16, 48]], "labels": {"0": "1", "1": "1", "2": "1", "3": "1", "4": "2", "5": "2", "6": "1", "7": "1", "8": "2", "9": "1", "10": "1", "11": "2", "12": "1", "13": "2", "14": "1", "15": "2", "16": "2", "17": "1", "18": "1", "19": "2", "20": "1", "21": "1", "22": "1", "23": "1", "24": "2", "25": "2", "26": "1", "27": "2", "28": "1", "29": "2", "30": "2", "31": "1", "32": "1", "33": "2", "34": "2", "35": "1", "36": "2", "37": "2", "38": "2", "39": "2", "40": "1", "41": "1", "42": "2", "43": "1", "44": "2", "45": "2", "46": "1", "47": "1", "48": "2", "49": "2", "50": "2"}, "target": 4}