{"edges": [[0, 1], [2, 1], [3, 1], [1, 0], [2, 0], [3, 0], [1, 2], [0, 2], [4, 2], [5, 2], [6, 2], [3, 2], [2, 4], [5, 4], [6, 4], [2, 5], [4, 5], [7, 5], [8, 5], [5, 7], [9, 7], [10, 7], [8, 7], [7, 9], [10, 9], [8, 9], [7, 10], [9, 10], [11, 10], [12, 10], [8, 10], [10, 11], [12, 11], [13, 11], [14, 11], [10, 12], [11, 12], [13, 12], [14, 12], [11, 13], [12, 13], [14, 13], [11, 14], [12, 14], [13, 14], [15, 14], [16, 14], [17, 14], [14, 15], [16, 15], [17, 15], [18, 19], [20, 19], [21, 19], [17, 19], [19, 18], [20, 18], [21, 18], [19, 20], [18, 20], [21, 20], [22, 20], [23, 20], [19, 21], [18, 21], [20, 21], [22, 21], [23, 21], [20, 22], [21, 22], [23, 22], [20, 23], [21, 23], [22, 23], [5, 8], [7, 8], [9, 8], [10, 8], [2, 6], [4, 6], [3, 6], [1, 3], [0, 3], [2, 3], [6, 3], [14, 16], [15, 16], [17, 16], [14, 17], [15, 17], [19, 17], [16, 17]], "labels": {"0": "1", "1": "1", "2": "1", "3": "2", "4": "1", "5": "1", "6": "2", "7": "1", "8": "2", "9": "1", "10": "1", "11": "1", "12": "1", "13": "1", "14": "1", "15": "1", "16": "2", "17": "2", "18": "1", "19": "1", "20": "1", "21": "1", "22": "1", "23": "1"}, "target": 6}