{"edges": [[0, 1], [2, 1], [3, 4], [5, 6], [7, 6], [6, 5], [8, 5], [7, 5], [9, 10], [11, 12], [11, 13], [14, 13], [15, 16], [17, 16], [18, 19], [20, 21], [18, 21], [22, 23], [24, 25], [24, 26], [27, 26], [15, 28], [29, 28], [0, 30], [7, 30], [11, 30], [31, 30], [32, 33], [31, 33], [15, 34], [35, 34], [36, 37], [36, 38], [39, 38], [40, 41], [42, 43], [44, 43], [43, 42], [45, 42], [44, 42], [16, 15], [28, 15], [34, 15], [46, 15], [1, 0], [30, 0], [7, 0], [18, 0], [31, 0], [44, 0], [4, 3], [2, 3], [9, 3], [22, 3], [35, 3], [46, 3], [1, 2], [3, 2], [8, 2], [20, 2], [32, 2], [45, 2], [5, 8], [2, 8], [9, 8], [14, 8], [27, 8], [39, 8], [10, 9], [3, 9], [8, 9], [17, 9], [29, 9], [40, 9], [6, 7], [5, 7], [30, 7], [0, 7], [11, 7], [24, 7], [36, 7], [44, 7], [12, 11], [13, 11], [30, 11], [7, 11], [18, 11], [31, 11], [44, 11], [16, 17], [9, 17], [14, 17], [22, 17], [35, 17], [46, 17], [13, 14], [8, 14], [17, 14], [20, 14], [32, 14], [45, 14], [21, 20], [2, 20], [14, 20], [22, 20], [23, 22], [3, 22], [17, 22], [20, 22], [19, 18], [21, 18], [0, 18], [11, 18], [25, 24], [26, 24], [7, 24], [28, 29], [9, 29], [27, 29], [26, 27], [8, 27], [29, 27], [33, 32], [2, 32], [14, 32], [35, 32], [34, 35], [3, 35], [17, 35], [32, 35], [30, 31], [33, 31], [0, 31], [11, 31], [37, 36], [38, 36], [7, 36], [41, 40], [9, 40], [39, 40], [38, 39], [8, 39], [40, 39], [42, 45], [2, 45], [14, 45], [46, 45], [15, 46], [3, 46], [17, 46], [45, 46], [43, 44], [42, 44], [0, 44], [7, 44], [11, 44]], "labels": {"0": "2", "1": "1", "2": "2", "3": "2", "4": "1", "5": "1", "6": "1", "7": "2", "8": "2", "9": "2", "10": "1", "11": "2", "12": "1", "13": "1", "14": "2", "15": "1", "16": "1", "17": "2", "18": "2", "19": "1", "20": "2", "21": "1", "22": "2", "23": "1", "24": "2", "25": "1", "26": "1", "27": "2", "28": "1", "29": "2", "30": "1", "31": "2", "32": "2", "33": "1", "34": "1", "35": "2", "36": "2", "37": "1", "38": "1", "39": "2", "40": "2", "41": "1", "42": "1", "43": "1", "44": "2", "45": "2", "46": "2"}, "target": 4}