{"edges": [[0, 1], [2, 1], [3, 1], [4, 1], [5, 6], [7, 6], [8, 6], [9, 6], [10, 11], [7, 11], [12, 11], [11, 10], [7, 10], [13, 10], [12, 10], [13, 14], [15, 14], [12, 14], [16, 17], [18, 17], [19, 17], [16, 20], [21, 20], [22, 20], [23, 20], [24, 25], [26, 25], [27, 25], [28, 29], [30, 29], [27, 29], [29, 28], [30, 28], [27, 28], [31, 32], [33, 32], [8, 32], [9, 32], [32, 31], [34, 31], [35, 31], [36, 31], [1, 0], [35, 0], [4, 0], [37, 0], [38, 0], [1, 2], [3, 2], [4, 2], [6, 5], [8, 5], [9, 5], [6, 7], [11, 7], [10, 7], [32, 33], [8, 33], [9, 33], [31, 34], [35, 34], [36, 34], [31, 35], [0, 35], [34, 35], [37, 35], [38, 35], [36, 35], [10, 13], [14, 13], [12, 13], [17, 16], [20, 16], [22, 16], [14, 15], [18, 15], [19, 15], [17, 18], [15, 18], [19, 18], [25, 24], [21, 24], [26, 24], [20, 21], [24, 21], [22, 21], [23, 21], [20, 22], [16, 22], [21, 22], [23, 22], [25, 26], [24, 26], [30, 26], [27, 26], [29, 30], [28, 30], [26, 30], [27, 30], [1, 3], [2, 3], [4, 3], [1, 4], [0, 4], [2, 4], [3, 4], [0, 37], [35, 37], [38, 37], [0, 38], [35, 38], [37, 38], [31, 36], [34, 36], [35, 36], [6, 8], [32, 8], [5, 8], [33, 8], [9, 8], [6, 9], [32, 9], [5, 9], [33, 9], [8, 9], [11, 12], [10, 12], [14, 12], [13, 12], [17, 19], [15, 19], [18, 19], [20, 23], [21, 23], [22, 23], [25, 27], [29, 27], [28, 27], [26, 27], [30, 27]], "labels": {"0": "2", "1": "1", "2": "2", "3": "3", "4": "3", "5": "2", "6": "1", "7": "2", "8": "3", "9": "3", "10": "1", "11": "1", "12": "3", "13": "2", "14": "1", "15": "2", "16": "2", "17": "1", "18": "2", "19": "3", "20": "1", "21": "2", "22": "2", "23": "3", "24": "2", "25": "1", "26": "2", "27": "3", "28": "1", "29": "1", "30": "2", "31": "2", "32": "2", "33": "2", "34": "2", "35": "2", "36": "3", "37": "3", "38": "3"}, "target": 6}