{"edges": [[0, 1], [2, 1], [3, 1], [1, 0], [2, 0], [3, 0], [3, 4], [5, 4], [6, 4], [7, 8], [9, 8], [10, 8], [11, 8], [8, 7], [12, 7], [9, 7], [13, 14], [12, 14], [15, 14], [14, 13], [16, 13], [12, 13], [15, 13], [13, 16], [15, 16], [17, 16], [18, 19], [20, 19], [21, 19], [19, 18], [20, 18], [22, 18], [23, 18], [24, 25], [23, 25], [26, 25], [25, 24], [27, 24], [26, 24], [28, 29], [30, 29], [27, 29], [29, 28], [30, 28], [27, 28], [7, 12], [14, 12], [13, 12], [8, 9], [7, 9], [10, 9], [1, 2], [0, 2], [3, 2], [1, 3], [0, 3], [4, 3], [2, 3], [5, 3], [5, 31], [6, 31], [32, 31], [8, 10], [9, 10], [11, 10], [4, 5], [3, 5], [31, 5], [6, 5], [4, 6], [31, 6], [5, 6], [32, 6], [31, 32], [6, 32], [11, 32], [8, 11], [10, 11], [32, 11], [14, 15], [13, 15], [16, 15], [17, 15], [19, 20], [18, 20], [21, 20], [22, 20], [16, 17], [15, 17], [21, 17], [19, 21], [20, 21], [17, 21], [29, 30], [28, 30], [27, 30], [24, 27], [29, 27], [28, 27], [30, 27], [18, 22], [20, 22], [23, 22], [18, 23], [25, 23], [22, 23], [26, 23], [25, 26], [24, 26], [23, 26]], "labels": {"0": "1", "1": "1", "2": "2", "3": "2", "4": "1", "5": "2", "6": "2", "7": "1", "8": "1", "9": "2", "10": "2", "11": "2", "12": "2", "13": "1", "14": "1", "15": "2", "16": "1", "17": "2", "18": "1", "19": "1", "20": "2", "21": "2", "22": "2", "23": "2", "24": "1", "25": "1", "26": "2", "27": "2", "28": "1", "29": "1", "30": "2", "31": "2", "32": "2"}, "target": 6}