{"edges": [[0, 1], [2, 1], [3, 1], [1, 0], [2, 0], [3, 0], [2, 4], [5, 4], [6, 4], [7, 8], [9, 8], [10, 8], [8, 7], [9, 7], [11, 7], [12, 13], [11, 13], [14, 13], [13, 12], [15, 12], [11, 12], [14, 12], [12, 15], [14, 15], [16, 15], [17, 18], [19, 18], [20, 18], [18, 17], [19, 17], [21, 17], [22, 17], [23, 24], [22, 24], [25, 24], [26, 27], [28, 27], [23, 27], [27, 26], [28, 26], [23, 26], [1, 2], [0, 2], [4, 2], [3, 2], [5, 2], [6, 2], [1, 3], [0, 3], [2, 3], [8, 9], [7, 9], [10, 9], [7, 11], [13, 11], [12, 11], [4, 5], [2, 5], [6, 5], [4, 6], [2, 6], [5, 6], [10, 6], [8, 10], [9, 10], [6, 10], [13, 14], [12, 14], [15, 14], [16, 14], [18, 19], [17, 19], [20, 19], [21, 19], [15, 16], [14, 16], [20, 16], [18, 20], [19, 20], [16, 20], [27, 28], [26, 28], [23, 28], [24, 23], [27, 23], [26, 23], [28, 23], [25, 23], [17, 21], [19, 21], [22, 21], [17, 22], [24, 22], [21, 22], [25, 22], [24, 25], [23, 25], [22, 25]], "labels": {"0": "1", "1": "1", "2": "2", "3": "2", "4": "1", "5": "2", "6": "2", "7": "1", "8": "1", "9": "2", "10": "2", "11": "2", "12": "1", "13": "1", "14": "2", "15": "1", "16": "2", "17": "1", "18": "1", "19": "2", "20": "2", "21": "2", "22": "2", "23": "2", "24": "1", "25": "2", "26": "1", "27": "1", "28": "2"}, "target": 6}