{"edges": [[0, 1], [2, 1], [3, 1], [1, 0], [4, 0], [2, 0], [3, 0], [5, 0], [0, 4], [6, 4], [5, 4], [4, 6], [7, 6], [8, 6], [6, 7], [9, 7], [8, 7], [7, 9], [10, 9], [8, 9], [9, 10], [8, 10], [11, 10], [12, 13], [11, 13], [14, 13], [15, 16], [17, 16], [18, 16], [19, 16], [16, 15], [20, 15], [19, 15], [21, 22], [23, 22], [20, 22], [22, 21], [23, 21], [20, 21], [1, 2], [0, 2], [3, 2], [5, 2], [1, 3], [0, 3], [2, 3], [0, 5], [4, 5], [2, 5], [6, 8], [7, 8], [9, 8], [10, 8], [13, 12], [14, 12], [17, 12], [10, 11], [13, 11], [14, 11], [13, 14], [12, 14], [11, 14], [22, 23], [21, 23], [20, 23], [15, 20], [22, 20], [21, 20], [23, 20], [16, 17], [12, 17], [18, 17], [16, 18], [17, 18], [19, 18], [16, 19], [15, 19], [18, 19]], "labels": {"0": "1", "1": "1", "2": "2", "3": "2", "4": "1", "5": "2", "6": "1", "7": "1", "8": "2", "9": "1", "10": "1", "11": "2", "12": "2", "13": "1", "14": "2", "15": "1", "16": "1", "17": "2", "18": "2", "19": "2", "20": "2", "21": "1", "22": "1", "23": "2"}, "target": 6}