{"edges": [[0, 1], [2, 1], [3, 1], [1, 0], [4, 0], [2, 0], [3, 0], [5, 0], [0, 4], [6, 4], [5, 4], [7, 4], [4, 6], [8, 6], [7, 6], [6, 8], [9, 8], [7, 8], [10, 8], [8, 9], [11, 9], [10, 9], [12, 9], [9, 11], [10, 11], [12, 11], [13, 14], [12, 14], [15, 14], [16, 14], [17, 18], [19, 18], [20, 18], [18, 17], [21, 17], [20, 17], [22, 23], [24, 23], [21, 23], [23, 22], [24, 22], [21, 22], [1, 2], [0, 2], [3, 2], [5, 2], [1, 3], [0, 3], [2, 3], [0, 5], [4, 5], [2, 5], [4, 7], [6, 7], [8, 7], [8, 10], [9, 10], [11, 10], [14, 13], [15, 13], [16, 13], [19, 13], [9, 12], [11, 12], [14, 12], [15, 12], [14, 15], [13, 15], [12, 15], [23, 24], [22, 24], [21, 24], [17, 21], [23, 21], [22, 21], [24, 21], [14, 16], [13, 16], [19, 16], [18, 19], [13, 19], [16, 19], [20, 19], [18, 20], [17, 20], [19, 20]], "labels": {"0": "1", "1": "1", "2": "2", "3": "2", "4": "1", "5": "2", "6": "1", "7": "2", "8": "1", "9": "1", "10": "2", "11": "1", "12": "2", "13": "2", "14": "1", "15": "2", "16": "2", "17": "1", "18": "1", "19": "2", "20": "2", "21": "2", "22": "1", "23": "1", "24": "2"}, "target": 6}