{"edges": [[0, 1], [2, 1], [3, 1], [4, 5], [6, 5], [7, 5], [8, 5], [5, 4], [6, 4], [9, 4], [7, 4], [8, 4], [5, 6], [4, 6], [9, 6], [10, 6], [10, 11], [12, 11], [13, 11], [14, 15], [16, 15], [17, 15], [15, 14], [16, 14], [18, 14], [19, 20], [21, 20], [22, 20], [23, 20], [20, 19], [21, 19], [23, 19], [24, 25], [26, 25], [27, 25], [25, 24], [26, 24], [27, 24], [25, 26], [24, 26], [0, 26], [2, 26], [27, 26], [4, 9], [6, 9], [10, 9], [5, 7], [4, 7], [3, 7], [8, 7], [1, 0], [26, 0], [2, 0], [3, 0], [1, 2], [26, 2], [0, 2], [3, 2], [15, 16], [14, 16], [17, 16], [15, 17], [16, 17], [12, 17], [13, 17], [28, 17], [6, 10], [11, 10], [9, 10], [14, 18], [29, 18], [22, 18], [18, 29], [21, 29], [22, 29], [20, 21], [19, 21], [29, 21], [22, 21], [23, 21], [11, 12], [17, 12], [13, 12], [28, 12], [11, 13], [17, 13], [12, 13], [28, 13], [25, 27], [24, 27], [26, 27], [1, 3], [7, 3], [0, 3], [2, 3], [5, 8], [4, 8], [7, 8], [17, 28], [12, 28], [13, 28], [20, 22], [18, 22], [29, 22], [21, 22], [20, 23], [19, 23], [21, 23]], "labels": {"0": "2", "1": "1", "2": "2", "3": "3", "4": "1", "5": "1", "6": "1", "7": "2", "8": "3", "9": "2", "10": "2", "11": "1", "12": "2", "13": "2", "14": "1", "15": "1", "16": "2", "17": "2", "18": "2", "19": "1", "20": "1", "21": "2", "22": "3", "23": "3", "24": "2", "25": "2", "26": "2", "27": "3", "28": "3", "29": "2"}, "target": 6}