{"edges": [[0, 1], [2, 1], [3, 1], [4, 5], [6, 5], [7, 5], [8, 5], [9, 5], [5, 4], [10, 4], [7, 4], [8, 4], [4, 10], [11, 10], [6, 10], [12, 10], [10, 11], [7, 11], [12, 11], [13, 11], [14, 11], [15, 16], [17, 16], [18, 16], [19, 16], [16, 15], [17, 15], [20, 15], [18, 15], [16, 17], [15, 17], [20, 17], [18, 17], [1, 0], [2, 0], [3, 0], [21, 0], [5, 6], [10, 6], [22, 6], [23, 6], [5, 7], [4, 7], [11, 7], [12, 7], [14, 7], [10, 12], [11, 12], [7, 12], [24, 12], [15, 20], [17, 20], [18, 20], [25, 20], [16, 18], [15, 18], [17, 18], [20, 18], [2, 26], [27, 26], [3, 26], [1, 2], [0, 2], [26, 2], [28, 2], [27, 2], [29, 2], [28, 30], [31, 30], [21, 30], [32, 30], [2, 28], [30, 28], [33, 28], [30, 31], [9, 31], [33, 31], [23, 31], [34, 35], [13, 35], [36, 35], [24, 35], [35, 34], [19, 34], [37, 34], [36, 34], [25, 34], [5, 8], [4, 8], [9, 8], [14, 8], [5, 9], [31, 9], [8, 9], [32, 9], [22, 9], [11, 13], [35, 13], [37, 13], [16, 19], [34, 19], [36, 19], [25, 19], [26, 27], [2, 27], [29, 27], [2, 29], [27, 29], [3, 29], [1, 3], [0, 3], [26, 3], [29, 3], [28, 33], [31, 33], [21, 33], [32, 33], [0, 21], [30, 21], [33, 21], [30, 32], [9, 32], [33, 32], [23, 32], [34, 37], [13, 37], [36, 37], [24, 37], [35, 36], [34, 36], [19, 36], [37, 36], [25, 36], [11, 14], [7, 14], [8, 14], [22, 14], [6, 22], [9, 22], [14, 22], [6, 23], [31, 23], [32, 23], [12, 24], [35, 24], [37, 24], [20, 25], [34, 25], [19, 25], [36, 25]], "labels": {"0": "1", "1": "1", "2": "2", "3": "2", "4": "1", "5": "1", "6": "1", "7": "1", "8": "2", "9": "2", "10": "1", "11": "1", "12": "1", "13": "2", "14": "2", "15": "1", "16": "1", "17": "1", "18": "1", "19": "2", "20": "1", "21": "2", "22": "2", "23": "2", "24": "2", "25": "2", "26": "2", "27": "2", "28": "2", "29": "2", "30": "2", "31": "2", "32": "2", "33": "2", "34": "2", "35": "2", "36": "2", "37": "2"}, "target": 6}