{"edges": [[0, 1], [2, 1], [3, 1], [4, 1], [1, 0], [2, 0], [5, 0], [6, 0], [1, 2], [0, 2], [5, 2], [0, 5], [2, 5], [7, 5], [8, 9], [10, 9], [11, 9], [12, 13], [14, 13], [15, 13], [13, 12], [16, 12], [14, 12], [15, 12], [17, 18], [19, 18], [20, 18], [18, 17], [19, 17], [20, 17], [21, 22], [23, 22], [3, 22], [22, 21], [23, 21], [3, 21], [4, 21], [22, 23], [21, 23], [3, 23], [4, 23], [5, 7], [8, 7], [24, 7], [6, 7], [10, 7], [1, 3], [22, 3], [21, 3], [23, 3], [4, 3], [6, 3], [1, 4], [21, 4], [23, 4], [3, 4], [6, 4], [9, 8], [7, 8], [24, 8], [10, 8], [18, 19], [17, 19], [16, 19], [20, 19], [25, 19], [12, 16], [19, 16], [20, 16], [25, 16], [7, 24], [8, 24], [10, 24], [0, 6], [7, 6], [3, 6], [4, 6], [18, 20], [17, 20], [19, 20], [16, 20], [25, 20], [19, 25], [16, 25], [20, 25], [9, 10], [7, 10], [8, 10], [24, 10], [11, 10], [11, 26], [27, 26], [14, 26], [15, 26], [9, 11], [10, 11], [26, 11], [27, 11], [26, 27], [11, 27], [14, 27], [13, 14], [12, 14], [26, 14], [27, 14], [15, 14], [13, 15], [12, 15], [26, 15], [14, 15]], "labels": {"0": "1", "1": "1", "2": "1", "3": "2", "4": "2", "5": "1", "6": "2", "7": "2", "8": "2", "9": "1", "10": "2", "11": "2", "12": "1", "13": "1", "14": "2", "15": "2", "16": "2", "17": "1", "18": "1", "19": "2", "20": "2", "21": "2", "22": "2", "23": "2", "24": "2", "25": "2", "26": "2", "27": "2"}, "target": 6}