{"edges": [[0, 1], [2, 1], [3, 1], [1, 0], [2, 0], [3, 0], [4, 0], [5, 0], [1, 2], [0, 2], [3, 2], [6, 2], [7, 2], [4, 2], [5, 2], [1, 3], [0, 3], [2, 3], [6, 3], [7, 3], [8, 3], [2, 6], [3, 6], [7, 6], [8, 6], [2, 7], [3, 7], [6, 7], [9, 7], [10, 7], [7, 9], [11, 9], [12, 9], [10, 9], [9, 11], [12, 11], [13, 11], [9, 12], [11, 12], [13, 12], [14, 12], [15, 12], [11, 13], [12, 13], [14, 13], [15, 13], [16, 13], [12, 14], [13, 14], [15, 14], [16, 14], [12, 15], [13, 15], [14, 15], [17, 15], [18, 19], [20, 19], [17, 19], [16, 19], [21, 19], [19, 18], [20, 18], [22, 18], [21, 18], [19, 20], [18, 20], [22, 20], [23, 20], [21, 20], [24, 20], [18, 22], [20, 22], [23, 22], [25, 22], [24, 22], [20, 23], [22, 23], [25, 23], [24, 23], [22, 25], [23, 25], [24, 25], [0, 4], [2, 4], [5, 4], [8, 4], [15, 17], [19, 17], [16, 17], [21, 17], [13, 16], [14, 16], [19, 16], [17, 16], [10, 16], [0, 5], [2, 5], [4, 5], [8, 5], [3, 8], [6, 8], [4, 8], [5, 8], [10, 8], [7, 10], [9, 10], [16, 10], [8, 10], [19, 21], [18, 21], [20, 21], [17, 21], [24, 21], [20, 24], [22, 24], [23, 24], [25, 24], [21, 24]], "labels": {"0": "1", "1": "1", "2": "1", "3": "1", "4": "2", "5": "2", "6": "1", "7": "1", "8": "2", "9": "1", "10": "2", "11": "1", "12": "1", "13": "1", "14": "1", "15": "1", "16": "2", "17": "2", "18": "1", "19": "1", "20": "1", "21": "2", "22": "1", "23": "1", "24": "2", "25": "1"}, "target": 6}