{"edges": [[0, 1], [2, 1], [3, 1], [1, 0], [4, 0], [5, 0], [6, 0], [0, 4], [5, 4], [7, 4], [6, 4], [0, 5], [4, 5], [7, 5], [8, 9], [10, 9], [11, 9], [12, 13], [14, 13], [15, 13], [13, 12], [15, 12], [16, 12], [17, 18], [19, 18], [20, 18], [18, 17], [19, 17], [20, 17], [21, 22], [23, 22], [2, 22], [22, 21], [23, 21], [2, 21], [3, 21], [22, 23], [21, 23], [2, 23], [3, 23], [4, 7], [5, 7], [24, 7], [8, 7], [10, 7], [1, 2], [22, 2], [21, 2], [23, 2], [3, 2], [1, 3], [21, 3], [23, 3], [2, 3], [6, 3], [0, 6], [4, 6], [3, 6], [18, 19], [17, 19], [25, 19], [16, 19], [20, 19], [19, 25], [16, 25], [20, 25], [7, 24], [8, 24], [10, 24], [13, 14], [15, 14], [26, 14], [11, 14], [27, 14], [9, 8], [7, 8], [24, 8], [10, 8], [13, 15], [12, 15], [14, 15], [26, 15], [27, 15], [14, 26], [15, 26], [11, 26], [27, 26], [9, 10], [7, 10], [24, 10], [8, 10], [12, 16], [19, 16], [25, 16], [20, 16], [18, 20], [17, 20], [19, 20], [25, 20], [16, 20], [9, 11], [14, 11], [26, 11], [27, 11], [14, 27], [15, 27], [26, 27], [11, 27]], "labels": {"0": "1", "1": "1", "2": "2", "3": "2", "4": "1", "5": "1", "6": "2", "7": "2", "8": "2", "9": "1", "10": "2", "11": "2", "12": "1", "13": "1", "14": "2", "15": "2", "16": "2", "17": "1", "18": "1", "19": "2", "20": "2", "21": "2", "22": "2", "23": "2", "24": "2", "25": "2", "26": "2", "27": "2"}, "target": 6}