{"edges": [[0, 1], [2, 1], [3, 1], [1, 0], [2, 0], [4, 0], [5, 0], [6, 0], [1, 2], [0, 2], [4, 2], [7, 2], [5, 2], [8, 2], [0, 4], [2, 4], [7, 4], [8, 4], [9, 4], [2, 7], [4, 7], [10, 7], [9, 7], [11, 7], [7, 10], [12, 10], [11, 10], [13, 10], [10, 12], [14, 12], [15, 12], [16, 12], [13, 12], [12, 14], [15, 14], [17, 14], [18, 14], [16, 14], [12, 15], [14, 15], [17, 15], [19, 15], [18, 15], [14, 17], [15, 17], [19, 17], [20, 17], [15, 19], [17, 19], [21, 19], [20, 19], [22, 23], [24, 23], [25, 23], [26, 23], [23, 22], [24, 22], [26, 22], [23, 24], [22, 24], [27, 24], [28, 29], [30, 29], [31, 29], [29, 28], [32, 28], [33, 28], [34, 28], [30, 28], [28, 32], [33, 32], [35, 32], [34, 32], [28, 33], [32, 33], [35, 33], [36, 33], [37, 33], [34, 33], [32, 35], [33, 35], [36, 35], [37, 35], [38, 35], [33, 36], [35, 36], [38, 36], [0, 5], [2, 5], [6, 5], [3, 5], [8, 5], [9, 5], [0, 6], [5, 6], [3, 6], [8, 6], [1, 3], [5, 3], [6, 3], [2, 8], [4, 8], [5, 8], [6, 8], [9, 8], [4, 9], [7, 9], [5, 9], [8, 9], [11, 9], [19, 21], [20, 21], [39, 21], [25, 21], [17, 20], [19, 20], [21, 20], [18, 20], [39, 20], [14, 18], [15, 18], [20, 18], [16, 18], [13, 18], [7, 11], [10, 11], [9, 11], [16, 11], [13, 11], [12, 16], [14, 16], [18, 16], [11, 16], [13, 16], [10, 13], [12, 13], [18, 13], [11, 13], [16, 13], [21, 39], [20, 39], [25, 39], [26, 39], [23, 25], [21, 25], [39, 25], [26, 25], [23, 26], [22, 26], [39, 26], [25, 26], [33, 37], [35, 37], [34, 37], [38, 37], [28, 34], [32, 34], [33, 34], [37, 34], [30, 34], [29, 30], [28, 30], [34, 30], [31, 30], [27, 30], [35, 38], [36, 38], [37, 38], [29, 31], [30, 31], [27, 31], [24, 27], [30, 27], [31, 27]], "labels": {"0": "1", "1": "1", "2": "1", "3": "2", "4": "1", "5": "2", "6": "2", "7": "1", "8": "2", "9": "2", "10": "1", "11": "2", "12": "1", "13": "2", "14": "1", "15": "1", "16": "2", "17": "1", "18": "2", "19": "1", "20": "2", "21": "2", "22": "1", "23": "1", "24": "1", "25": "2", "26": "2", "27": "2", "28": "1", "29": "1", "30": "2", "31": "2", "32": "1", "33": "1", "34": "2", "35": "1", "36": "1", "37": "2", "38": "2", "39": "2"}, "target": 6}