{"edges": [[0, 1], [2, 1], [3, 1], [1, 0], [2, 0], [4, 0], [5, 0], [6, 0], [1, 2], [0, 2], [4, 2], [7, 2], [5, 2], [8, 2], [0, 4], [2, 4], [7, 4], [8, 4], [9, 4], [2, 7], [4, 7], [10, 7], [9, 7], [11, 7], [7, 10], [12, 10], [13, 10], [11, 10], [10, 12], [14, 12], [15, 12], [13, 12], [16, 12], [12, 14], [15, 14], [17, 14], [16, 14], [18, 14], [12, 15], [14, 15], [17, 15], [19, 15], [20, 15], [18, 15], [14, 17], [15, 17], [19, 17], [20, 17], [15, 19], [17, 19], [20, 19], [21, 19], [15, 20], [17, 20], [19, 20], [21, 20], [22, 20], [23, 24], [25, 24], [26, 24], [27, 24], [24, 23], [25, 23], [27, 23], [24, 25], [23, 25], [28, 25], [29, 30], [31, 30], [32, 30], [30, 29], [33, 29], [34, 29], [32, 29], [35, 29], [29, 33], [34, 33], [36, 33], [35, 33], [29, 34], [33, 34], [36, 34], [37, 34], [35, 34], [38, 34], [33, 36], [34, 36], [37, 36], [39, 36], [40, 36], [38, 36], [34, 37], [36, 37], [39, 37], [40, 37], [38, 37], [36, 39], [37, 39], [40, 39], [0, 5], [2, 5], [6, 5], [3, 5], [8, 5], [9, 5], [0, 6], [5, 6], [3, 6], [8, 6], [1, 3], [5, 3], [6, 3], [2, 8], [4, 8], [5, 8], [6, 8], [9, 8], [4, 9], [7, 9], [5, 9], [8, 9], [11, 9], [10, 13], [12, 13], [16, 13], [11, 13], [18, 13], [12, 16], [14, 16], [13, 16], [11, 16], [18, 16], [7, 11], [10, 11], [9, 11], [13, 11], [16, 11], [14, 18], [15, 18], [13, 18], [16, 18], [21, 18], [19, 21], [20, 21], [18, 21], [22, 21], [41, 21], [20, 22], [21, 22], [41, 22], [26, 22], [21, 41], [22, 41], [26, 41], [27, 41], [24, 26], [22, 26], [41, 26], [27, 26], [24, 27], [23, 27], [41, 27], [26, 27], [25, 28], [31, 28], [32, 28], [30, 31], [28, 31], [32, 31], [36, 40], [37, 40], [39, 40], [38, 40], [30, 32], [29, 32], [28, 32], [31, 32], [35, 32], [29, 35], [33, 35], [34, 35], [32, 35], [38, 35], [34, 38], [36, 38], [37, 38], [40, 38], [35, 38]], "labels": {"0": "1", "1": "1", "2": "1", "3": "2", "4": "1", "5": "2", "6": "2", "7": "1", "8": "2", "9": "2", "10": "1", "11": "2", "12": "1", "13": "2", "14": "1", "15": "1", "16": "2", "17": "1", "18": "2", "19": "1", "20": "1", "21": "2", "22": "2", "23": "1", "24": "1", "25": "1", "26": "2", "27": "2", "28": "2", "29": "1", "30": "1", "31": "2", "32": "2", "33": "1", "34": "1", "35": "2", "36": "1", "37": "1", "38": "2", "39": "1", "40": "2", "41": "2"}, "target": 6}