{"edges": [[0, 1], [2, 1], [3, 1], [4, 5], [3, 5], [6, 5], [7, 5], [8, 5], [5, 4], [9, 4], [6, 4], [4, 9], [10, 9], [11, 9], [6, 9], [9, 10], [11, 10], [6, 10], [12, 13], [14, 13], [11, 13], [13, 12], [15, 12], [14, 12], [16, 17], [18, 17], [19, 17], [15, 17], [17, 16], [18, 16], [19, 16], [17, 18], [16, 18], [19, 18], [17, 19], [16, 19], [18, 19], [12, 15], [17, 15], [14, 15], [13, 14], [12, 14], [15, 14], [1, 0], [2, 0], [3, 0], [9, 11], [10, 11], [13, 11], [1, 2], [0, 2], [3, 2], [7, 2], [8, 2], [1, 3], [5, 3], [0, 3], [2, 3], [7, 3], [8, 3], [5, 6], [4, 6], [9, 6], [10, 6], [5, 7], [2, 7], [3, 7], [8, 7], [5, 8], [2, 8], [3, 8], [7, 8]], "labels": {"0": "2", "1": "1", "2": "2", "3": "2", "4": "1", "5": "1", "6": "2", "7": "2", "8": "2", "9": "1", "10": "1", "11": "2", "12": "1", "13": "1", "14": "2", "15": "2", "16": "1", "17": "1", "18": "1", "19": "2"}, "target": 6}