{"edges": [[0, 1], [2, 1], [3, 1], [4, 5], [2, 5], [3, 5], [6, 5], [5, 4], [7, 4], [6, 4], [4, 7], [8, 7], [9, 7], [6, 7], [7, 8], [9, 8], [6, 8], [10, 11], [12, 11], [9, 11], [11, 10], [13, 10], [14, 10], [15, 10], [12, 10], [10, 13], [14, 13], [15, 13], [10, 14], [13, 14], [15, 14], [10, 15], [13, 15], [14, 15], [12, 15], [11, 12], [10, 12], [15, 12], [1, 0], [2, 0], [3, 0], [7, 9], [8, 9], [11, 9], [1, 2], [5, 2], [0, 2], [3, 2], [1, 3], [5, 3], [0, 3], [2, 3], [5, 6], [4, 6], [7, 6], [8, 6]], "labels": {"0": "2", "1": "1", "2": "2", "3": "2", "4": "1", "5": "1", "6": "2", "7": "1", "8": "1", "9": "2", "10": "1", "11": "1", "12": "2", "13": "1", "14": "1", "15": "2"}, "target": 6}