{"edges": [[0, 1], [2, 1], [3, 1], [4, 5], [6, 5], [7, 5], [8, 5], [5, 4], [9, 4], [10, 4], [6, 4], [4, 9], [10, 9], [6, 9], [4, 10], [9, 10], [11, 10], [12, 10], [10, 11], [13, 11], [14, 11], [12, 11], [11, 13], [15, 13], [16, 13], [14, 13], [13, 15], [17, 15], [18, 15], [19, 15], [16, 15], [15, 17], [18, 17], [19, 17], [15, 18], [17, 18], [19, 18], [15, 19], [17, 19], [18, 19], [16, 19], [13, 16], [15, 16], [19, 16], [14, 16], [11, 14], [13, 14], [16, 14], [12, 14], [1, 0], [2, 0], [3, 0], [10, 12], [11, 12], [14, 12], [6, 12], [1, 2], [0, 2], [3, 2], [7, 2], [8, 2], [1, 3], [0, 3], [2, 3], [7, 3], [8, 3], [5, 6], [4, 6], [9, 6], [12, 6], [8, 6], [5, 7], [2, 7], [3, 7], [8, 7], [5, 8], [2, 8], [3, 8], [6, 8], [7, 8]], "labels": {"0": "2", "1": "1", "2": "2", "3": "2", "4": "1", "5": "1", "6": "2", "7": "2", "8": "2", "9": "1", "10": "1", "11": "1", "12": "2", "13": "1", "14": "2", "15": "1", "16": "2", "17": "1", "18": "1", "19": "2"}, "target": 6}