{"edges": [[0, 1], [2, 1], [3, 1], [2, 4], [5, 4], [6, 4], [7, 8], [6, 8], [9, 8], [8, 7], [6, 7], [10, 7], [9, 7], [11, 12], [10, 12], [13, 12], [14, 12], [12, 11], [15, 11], [13, 11], [16, 11], [17, 11], [11, 15], [16, 15], [17, 15], [1, 0], [2, 0], [3, 0], [1, 2], [4, 2], [0, 2], [5, 2], [3, 2], [4, 5], [2, 5], [3, 5], [4, 6], [8, 6], [7, 6], [7, 10], [12, 10], [9, 10], [14, 10], [12, 13], [11, 13], [14, 13], [11, 16], [15, 16], [17, 16], [11, 17], [15, 17], [16, 17], [1, 3], [0, 3], [2, 3], [5, 3], [8, 9], [7, 9], [10, 9], [14, 9], [12, 14], [10, 14], [13, 14], [9, 14]], "labels": {"0": "2", "1": "1", "2": "2", "3": "3", "4": "1", "5": "2", "6": "2", "7": "1", "8": "1", "9": "3", "10": "2", "11": "1", "12": "1", "13": "2", "14": "3", "15": "1", "16": "2", "17": "2"}, "target": 6}