{"edges": [[0, 1], [2, 1], [3, 1], [1, 0], [2, 0], [3, 0], [4, 0], [5, 0], [1, 2], [0, 2], [3, 2], [6, 2], [7, 2], [5, 2], [1, 3], [0, 3], [2, 3], [6, 3], [8, 3], [7, 3], [2, 6], [3, 6], [8, 6], [9, 6], [3, 8], [6, 8], [9, 8], [10, 8], [6, 9], [8, 9], [10, 9], [11, 9], [8, 10], [9, 10], [12, 10], [11, 10], [13, 10], [10, 12], [14, 12], [13, 12], [15, 12], [16, 17], [18, 17], [19, 17], [17, 16], [18, 16], [20, 16], [21, 16], [17, 18], [16, 18], [20, 18], [22, 18], [23, 18], [16, 20], [18, 20], [22, 20], [18, 22], [20, 22], [24, 22], [25, 22], [26, 22], [22, 24], [27, 24], [28, 24], [24, 27], [28, 27], [26, 27], [2, 7], [3, 7], [29, 7], [4, 7], [5, 7], [11, 7], [7, 29], [4, 29], [5, 29], [0, 4], [7, 4], [29, 4], [5, 4], [0, 5], [2, 5], [7, 5], [29, 5], [4, 5], [9, 11], [10, 11], [7, 11], [13, 11], [15, 11], [12, 14], [15, 14], [30, 14], [31, 14], [10, 13], [12, 13], [11, 13], [15, 13], [12, 15], [11, 15], [14, 15], [13, 15], [14, 30], [31, 30], [32, 30], [19, 30], [14, 31], [30, 31], [32, 31], [16, 21], [23, 21], [32, 21], [19, 21], [18, 23], [21, 23], [19, 23], [25, 23], [30, 32], [31, 32], [21, 32], [19, 32], [17, 19], [30, 19], [21, 19], [23, 19], [32, 19], [22, 25], [23, 25], [28, 25], [26, 25], [24, 28], [27, 28], [25, 28], [26, 28], [22, 26], [27, 26], [25, 26], [28, 26]], "labels": {"0": "1", "1": "1", "2": "1", "3": "1", "4": "2", "5": "2", "6": "1", "7": "2", "8": "1", "9": "1", "10": "1", "11": "2", "12": "1", "13": "2", "14": "2", "15": "2", "16": "1", "17": "1", "18": "1", "19": "2", "20": "1", "21": "2", "22": "1", "23": "2", "24": "1", "25": "2", "26": "2", "27": "1", "28": "2", "29": "2", "30": "2", "31": "2", "32": "2"}, "target": 6}