{"edges": [[0, 1], [2, 1], [3, 1], [1, 0], [2, 0], [3, 0], [1, 2], [0, 2], [3, 2], [4, 2], [5, 6], [3, 6], [4, 6], [7, 6], [6, 5], [7, 5], [8, 5], [9, 5], [10, 11], [9, 11], [12, 11], [13, 14], [15, 14], [16, 14], [11, 10], [17, 10], [18, 10], [12, 10], [1, 3], [0, 3], [2, 3], [6, 3], [4, 3], [2, 4], [6, 4], [3, 4], [7, 4], [6, 7], [5, 7], [4, 7], [8, 7], [5, 8], [7, 8], [9, 8], [5, 9], [11, 9], [8, 9], [14, 13], [17, 13], [18, 13], [12, 13], [10, 17], [13, 17], [18, 17], [12, 17], [10, 18], [13, 18], [17, 18], [12, 18], [11, 12], [10, 12], [13, 12], [17, 12], [18, 12], [14, 15], [16, 15], [19, 15], [20, 15], [14, 16], [15, 16], [19, 16], [20, 16], [19, 21], [20, 21], [22, 21], [15, 19], [16, 19], [21, 19], [20, 19], [22, 19], [15, 20], [16, 20], [21, 20], [19, 20], [22, 20], [21, 22], [19, 22], [20, 22]], "labels": {"0": "1", "1": "1", "2": "1", "3": "2", "4": "2", "5": "1", "6": "1", "7": "2", "8": "2", "9": "2", "10": "1", "11": "1", "12": "2", "13": "2", "14": "1", "15": "2", "16": "2", "17": "2", "18": "2", "19": "2", "20": "2", "21": "2", "22": "2"}, "target": 6}