{"edges": [[0, 1], [2, 1], [3, 1], [1, 0], [2, 0], [3, 0], [1, 2], [0, 2], [3, 2], [4, 2], [5, 6], [3, 6], [4, 6], [7, 6], [6, 5], [7, 5], [8, 5], [9, 5], [9, 10], [11, 10], [12, 10], [13, 14], [15, 14], [16, 14], [14, 13], [17, 13], [16, 13], [1, 3], [0, 3], [2, 3], [6, 3], [4, 3], [2, 4], [6, 4], [3, 4], [7, 4], [6, 7], [5, 7], [4, 7], [8, 7], [5, 8], [7, 8], [9, 8], [5, 9], [10, 9], [8, 9], [14, 15], [18, 15], [11, 15], [12, 15], [15, 18], [11, 18], [12, 18], [10, 11], [15, 11], [18, 11], [12, 11], [10, 12], [15, 12], [18, 12], [11, 12], [13, 17], [16, 17], [19, 17], [20, 17], [14, 16], [13, 16], [17, 16], [19, 16], [19, 21], [20, 21], [22, 21], [17, 19], [16, 19], [21, 19], [20, 19], [22, 19], [17, 20], [21, 20], [19, 20], [22, 20], [21, 22], [19, 22], [20, 22]], "labels": {"0": "1", "1": "1", "2": "1", "3": "2", "4": "2", "5": "1", "6": "1", "7": "2", "8": "2", "9": "2", "10": "1", "11": "2", "12": "2", "13": "1", "14": "1", "15": "2", "16": "2", "17": "2", "18": "2", "19": "2", "20": "2", "21": "2", "22": "2"}, "target": 6}