{"edges": [[0, 1], [2, 1], [3, 1], [1, 0], [4, 0], [5, 0], [6, 0], [7, 0], [0, 4], [5, 4], [8, 4], [6, 4], [0, 5], [4, 5], [8, 5], [9, 5], [10, 5], [4, 8], [5, 8], [9, 8], [11, 8], [10, 8], [5, 9], [8, 9], [11, 9], [8, 11], [9, 11], [12, 11], [13, 11], [11, 12], [13, 12], [14, 12], [11, 13], [12, 13], [14, 13], [12, 14], [13, 14], [15, 14], [14, 15], [16, 15], [17, 15], [18, 15], [15, 16], [17, 16], [19, 16], [18, 16], [15, 17], [16, 17], [19, 17], [20, 17], [18, 17], [16, 19], [17, 19], [21, 19], [20, 19], [22, 19], [19, 21], [23, 21], [24, 21], [22, 21], [25, 21], [21, 23], [24, 23], [26, 23], [25, 23], [21, 24], [23, 24], [27, 24], [26, 24], [28, 24], [24, 27], [29, 27], [30, 27], [28, 27], [31, 27], [27, 29], [30, 29], [32, 29], [33, 29], [31, 29], [27, 30], [29, 30], [32, 30], [33, 30], [29, 32], [30, 32], [33, 32], [29, 33], [30, 33], [32, 33], [31, 33], [23, 26], [24, 26], [25, 26], [28, 26], [31, 26], [17, 20], [19, 20], [18, 20], [22, 20], [1, 2], [3, 2], [34, 2], [15, 18], [16, 18], [17, 18], [20, 18], [1, 3], [2, 3], [34, 3], [7, 3], [0, 6], [4, 6], [10, 6], [34, 6], [7, 6], [5, 10], [8, 10], [6, 10], [7, 10], [2, 34], [3, 34], [6, 34], [7, 34], [0, 7], [3, 7], [6, 7], [10, 7], [34, 7], [19, 22], [21, 22], [20, 22], [25, 22], [21, 25], [23, 25], [26, 25], [22, 25], [28, 25], [24, 28], [27, 28], [26, 28], [25, 28], [31, 28], [27, 31], [29, 31], [33, 31], [26, 31], [28, 31]], "labels": {"0": "1", "1": "1", "2": "2", "3": "2", "4": "1", "5": "1", "6": "2", "7": "2", "8": "1", "9": "1", "10": "2", "11": "1", "12": "1", "13": "1", "14": "1", "15": "1", "16": "1", "17": "1", "18": "2", "19": "1", "20": "2", "21": "1", "22": "2", "23": "1", "24": "1", "25": "2", "26": "2", "27": "1", "28": "2", "29": "1", "30": "1", "31": "2", "32": "2", "33": "2", "34": "2"}, "target": 6}