{"edges": [[0, 1], [2, 1], [3, 1], [4, 5], [6, 5], [7, 5], [5, 4], [6, 4], [8, 4], [9, 4], [5, 6], [4, 6], [8, 6], [9, 6], [4, 8], [6, 8], [10, 8], [11, 8], [8, 10], [11, 10], [12, 10], [8, 11], [10, 11], [12, 11], [10, 12], [11, 12], [13, 12], [12, 13], [14, 13], [15, 13], [16, 13], [13, 14], [15, 14], [17, 14], [16, 14], [13, 15], [14, 15], [17, 15], [18, 15], [16, 15], [14, 17], [15, 17], [19, 17], [18, 17], [20, 17], [17, 19], [21, 19], [22, 19], [20, 19], [23, 19], [19, 21], [22, 21], [24, 21], [23, 21], [19, 22], [21, 22], [25, 22], [24, 22], [26, 22], [22, 25], [27, 25], [28, 25], [26, 25], [29, 25], [25, 27], [28, 27], [30, 27], [31, 27], [29, 27], [25, 28], [27, 28], [30, 28], [31, 28], [27, 30], [28, 30], [31, 30], [27, 31], [28, 31], [30, 31], [29, 31], [21, 24], [22, 24], [23, 24], [26, 24], [29, 24], [15, 18], [17, 18], [16, 18], [20, 18], [1, 0], [2, 0], [3, 0], [13, 16], [14, 16], [15, 16], [18, 16], [1, 2], [0, 2], [3, 2], [32, 2], [5, 7], [9, 7], [3, 7], [32, 7], [4, 9], [6, 9], [7, 9], [32, 9], [1, 3], [0, 3], [2, 3], [7, 3], [32, 3], [2, 32], [7, 32], [9, 32], [3, 32], [17, 20], [19, 20], [18, 20], [23, 20], [19, 23], [21, 23], [24, 23], [20, 23], [26, 23], [22, 26], [25, 26], [24, 26], [23, 26], [29, 26], [25, 29], [27, 29], [31, 29], [24, 29], [26, 29]], "labels": {"0": "2", "1": "1", "2": "2", "3": "2", "4": "1", "5": "1", "6": "1", "7": "2", "8": "1", "9": "2", "10": "1", "11": "1", "12": "1", "13": "1", "14": "1", "15": "1", "16": "2", "17": "1", "18": "2", "19": "1", "20": "2", "21": "1", "22": "1", "23": "2", "24": "2", "25": "1", "26": "2", "27": "1", "28": "1", "29": "2", "30": "2", "31": "2", "32": "2"}, "target": 6}