{"edges": [[0, 1], [2, 1], [3, 1], [4, 5], [6, 5], [7, 5], [5, 4], [8, 4], [6, 4], [4, 8], [9, 8], [10, 8], [8, 9], [11, 9], [10, 9], [9, 11], [12, 11], [13, 11], [11, 12], [13, 12], [14, 12], [11, 13], [12, 13], [14, 13], [12, 14], [13, 14], [15, 14], [16, 14], [14, 15], [17, 15], [16, 15], [18, 15], [15, 17], [19, 17], [16, 17], [18, 17], [17, 19], [20, 19], [21, 19], [19, 20], [21, 20], [22, 20], [21, 23], [22, 23], [24, 23], [25, 26], [24, 26], [27, 26], [25, 28], [29, 28], [30, 28], [31, 32], [33, 32], [34, 32], [35, 36], [37, 36], [38, 36], [31, 36], [36, 35], [37, 35], [38, 35], [14, 16], [15, 16], [17, 16], [18, 16], [8, 10], [9, 10], [6, 10], [5, 6], [4, 6], [10, 6], [3, 6], [7, 6], [1, 0], [2, 0], [3, 0], [7, 0], [15, 18], [17, 18], [16, 18], [1, 2], [0, 2], [3, 2], [19, 21], [20, 21], [23, 21], [22, 21], [26, 25], [28, 25], [24, 25], [29, 25], [27, 25], [30, 25], [36, 37], [35, 37], [38, 37], [36, 38], [35, 38], [37, 38], [1, 3], [6, 3], [0, 3], [2, 3], [7, 3], [5, 7], [6, 7], [0, 7], [3, 7], [20, 22], [23, 22], [21, 22], [23, 24], [26, 24], [25, 24], [27, 24], [32, 31], [36, 31], [33, 31], [34, 31], [28, 29], [25, 29], [30, 29], [34, 29], [26, 27], [25, 27], [24, 27], [32, 33], [31, 33], [34, 33], [28, 30], [25, 30], [29, 30], [34, 30], [32, 34], [31, 34], [29, 34], [33, 34], [30, 34]], "labels": {"0": "2", "1": "1", "2": "2", "3": "2", "4": "1", "5": "1", "6": "2", "7": "2", "8": "1", "9": "1", "10": "2", "11": "1", "12": "1", "13": "1", "14": "1", "15": "1", "16": "2", "17": "1", "18": "2", "19": "1", "20": "1", "21": "2", "22": "2", "23": "1", "24": "2", "25": "2", "26": "1", "27": "2", "28": "1", "29": "2", "30": "2", "31": "2", "32": "1", "33": "2", "34": "2", "35": "1", "36": "1", "37": "2", "38": "2"}, "target": 6}