{"edges": [[0, 1], [2, 1], [3, 1], [4, 5], [6, 5], [7, 5], [8, 5], [5, 4], [6, 4], [9, 4], [10, 4], [5, 6], [4, 6], [9, 6], [4, 9], [6, 9], [11, 9], [12, 13], [11, 13], [14, 13], [13, 12], [15, 12], [16, 12], [14, 12], [12, 15], [16, 15], [17, 15], [12, 16], [15, 16], [17, 16], [15, 17], [16, 17], [18, 17], [19, 20], [18, 20], [21, 20], [20, 19], [22, 19], [18, 19], [21, 19], [19, 22], [23, 22], [24, 22], [22, 23], [24, 23], [25, 23], [24, 26], [25, 26], [27, 26], [28, 29], [27, 29], [30, 29], [28, 31], [32, 31], [33, 31], [32, 34], [35, 34], [33, 34], [36, 34], [37, 38], [39, 38], [35, 38], [36, 38], [17, 18], [20, 18], [19, 18], [21, 18], [9, 11], [13, 11], [10, 11], [14, 11], [5, 7], [3, 7], [8, 7], [10, 7], [1, 0], [2, 0], [3, 0], [8, 0], [20, 21], [19, 21], [18, 21], [1, 2], [0, 2], [3, 2], [22, 24], [23, 24], [26, 24], [25, 24], [29, 28], [31, 28], [27, 28], [30, 28], [32, 28], [33, 28], [38, 37], [39, 37], [36, 37], [38, 39], [37, 39], [36, 39], [1, 3], [7, 3], [0, 3], [2, 3], [8, 3], [5, 8], [7, 8], [0, 8], [3, 8], [10, 8], [4, 10], [11, 10], [7, 10], [8, 10], [13, 14], [12, 14], [11, 14], [23, 25], [26, 25], [24, 25], [26, 27], [29, 27], [28, 27], [30, 27], [29, 30], [28, 30], [27, 30], [31, 32], [34, 32], [28, 32], [35, 32], [33, 32], [34, 35], [38, 35], [32, 35], [36, 35], [31, 33], [34, 33], [28, 33], [32, 33], [34, 36], [38, 36], [37, 36], [39, 36], [35, 36]], "labels": {"0": "2", "1": "1", "2": "2", "3": "2", "4": "1", "5": "1", "6": "1", "7": "2", "8": "2", "9": "1", "10": "2", "11": "2", "12": "1", "13": "1", "14": "2", "15": "1", "16": "1", "17": "1", "18": "2", "19": "1", "20": "1", "21": "2", "22": "1", "23": "1", "24": "2", "25": "2", "26": "1", "27": "2", "28": "2", "29": "1", "30": "2", "31": "1", "32": "2", "33": "2", "34": "1", "35": "2", "36": "2", "37": "2", "38": "1", "39": "2"}, "target": 6}