{"edges": [[0, 1], [2, 1], [3, 1], [1, 0], [2, 0], [3, 0], [4, 0], [5, 0], [1, 2], [0, 2], [3, 2], [4, 2], [1, 3], [0, 3], [2, 3], [6, 3], [7, 3], [3, 6], [8, 6], [9, 6], [10, 6], [7, 6], [6, 8], [9, 8], [10, 8], [6, 9], [8, 9], [10, 9], [6, 10], [8, 10], [9, 10], [11, 10], [12, 10], [10, 11], [13, 11], [14, 11], [12, 11], [15, 11], [11, 13], [14, 13], [16, 13], [15, 13], [11, 14], [13, 14], [16, 14], [17, 14], [13, 16], [14, 16], [17, 16], [18, 16], [14, 17], [16, 17], [19, 17], [20, 17], [21, 17], [22, 17], [17, 19], [20, 19], [23, 19], [24, 19], [25, 19], [17, 20], [19, 20], [23, 20], [26, 20], [27, 20], [24, 20], [28, 20], [19, 23], [20, 23], [26, 23], [27, 23], [29, 23], [30, 23], [20, 26], [23, 26], [27, 26], [31, 26], [20, 27], [23, 27], [26, 27], [32, 27], [10, 12], [11, 12], [15, 12], [18, 12], [21, 12], [3, 7], [6, 7], [4, 7], [33, 7], [5, 7], [0, 4], [2, 4], [7, 4], [33, 4], [5, 4], [34, 35], [33, 35], [5, 35], [11, 15], [13, 15], [12, 15], [18, 15], [21, 15], [35, 34], [33, 34], [5, 34], [16, 18], [12, 18], [15, 18], [21, 18], [22, 18], [19, 24], [20, 24], [22, 24], [36, 24], [25, 24], [28, 24], [27, 32], [37, 32], [29, 32], [31, 32], [32, 37], [29, 37], [31, 37], [7, 33], [4, 33], [35, 33], [34, 33], [5, 33], [0, 5], [7, 5], [4, 5], [35, 5], [34, 5], [33, 5], [17, 21], [12, 21], [15, 21], [18, 21], [22, 21], [25, 21], [17, 22], [18, 22], [24, 22], [21, 22], [36, 22], [25, 22], [23, 29], [32, 29], [37, 29], [36, 29], [31, 29], [30, 29], [24, 36], [22, 36], [29, 36], [25, 36], [31, 36], [28, 36], [30, 36], [19, 25], [24, 25], [21, 25], [22, 25], [36, 25], [26, 31], [32, 31], [37, 31], [29, 31], [36, 31], [30, 31], [20, 28], [24, 28], [36, 28], [30, 28], [23, 30], [29, 30], [36, 30], [31, 30], [28, 30]], "labels": {"0": "1", "1": "1", "2": "1", "3": "1", "4": "2", "5": "2", "6": "1", "7": "2", "8": "1", "9": "1", "10": "1", "11": "1", "12": "2", "13": "1", "14": "1", "15": "2", "16": "1", "17": "1", "18": "2", "19": "1", "20": "1", "21": "2", "22": "2", "23": "1", "24": "2", "25": "2", "26": "1", "27": "1", "28": "2", "29": "2", "30": "2", "31": "2", "32": "2", "33": "2", "34": "2", "35": "2", "36": "2", "37": "2"}, "target": 6}