{"edges": [[0, 1], [2, 1], [3, 1], [1, 0], [2, 0], [3, 0], [4, 0], [5, 0], [1, 2], [0, 2], [3, 2], [6, 2], [7, 2], [1, 3], [0, 3], [2, 3], [6, 3], [8, 3], [2, 6], [3, 6], [9, 6], [10, 6], [6, 9], [11, 9], [12, 9], [9, 11], [12, 11], [13, 11], [9, 12], [11, 12], [13, 12], [11, 13], [12, 13], [14, 13], [15, 13], [13, 14], [16, 14], [17, 14], [15, 14], [18, 14], [14, 16], [17, 16], [19, 16], [18, 16], [14, 17], [16, 17], [19, 17], [20, 17], [16, 19], [17, 19], [20, 19], [21, 19], [17, 20], [19, 20], [22, 20], [23, 20], [24, 20], [25, 20], [20, 22], [23, 22], [26, 22], [27, 22], [28, 22], [29, 22], [20, 23], [22, 23], [26, 23], [27, 23], [28, 23], [30, 23], [22, 26], [23, 26], [27, 26], [31, 26], [32, 26], [22, 27], [23, 27], [26, 27], [33, 27], [34, 27], [13, 15], [14, 15], [18, 15], [21, 15], [24, 15], [3, 8], [4, 8], [7, 8], [10, 8], [0, 4], [8, 4], [35, 4], [5, 4], [7, 4], [10, 4], [36, 37], [35, 37], [5, 37], [14, 18], [16, 18], [15, 18], [21, 18], [24, 18], [37, 36], [35, 36], [5, 36], [19, 21], [15, 21], [18, 21], [24, 21], [25, 21], [22, 28], [23, 28], [25, 28], [30, 28], [29, 28], [38, 28], [27, 33], [39, 33], [34, 33], [31, 33], [33, 39], [34, 39], [31, 39], [4, 35], [37, 35], [36, 35], [5, 35], [0, 5], [4, 5], [37, 5], [36, 5], [35, 5], [7, 5], [2, 7], [8, 7], [4, 7], [5, 7], [10, 7], [6, 10], [8, 10], [4, 10], [7, 10], [20, 24], [15, 24], [18, 24], [21, 24], [25, 24], [29, 24], [20, 25], [21, 25], [28, 25], [24, 25], [30, 25], [29, 25], [27, 34], [33, 34], [39, 34], [30, 34], [31, 34], [32, 34], [23, 30], [28, 30], [25, 30], [34, 30], [29, 30], [31, 30], [38, 30], [32, 30], [22, 29], [28, 29], [24, 29], [25, 29], [30, 29], [26, 31], [33, 31], [39, 31], [34, 31], [30, 31], [32, 31], [28, 38], [30, 38], [32, 38], [26, 32], [34, 32], [30, 32], [31, 32], [38, 32]], "labels": {"0": "1", "1": "1", "2": "1", "3": "1", "4": "2", "5": "2", "6": "1", "7": "2", "8": "2", "9": "1", "10": "2", "11": "1", "12": "1", "13": "1", "14": "1", "15": "2", "16": "1", "17": "1", "18": "2", "19": "1", "20": "1", "21": "2", "22": "1", "23": "1", "24": "2", "25": "2", "26": "1", "27": "1", "28": "2", "29": "2", "30": "2", "31": "2", "32": "2", "33": "2", "34": "2", "35": "2", "36": "2", "37": "2", "38": "2", "39": "2"}, "target": 6}