{"edges": [[0, 1], [2, 1], [3, 1], [4, 5], [6, 5], [7, 5], [5, 4], [8, 4], [9, 4], [7, 4], [10, 4], [4, 8], [11, 8], [9, 8], [10, 8], [8, 11], [12, 11], [13, 11], [10, 11], [11, 12], [13, 12], [14, 12], [11, 13], [12, 13], [14, 13], [15, 13], [12, 14], [13, 14], [15, 14], [13, 15], [14, 15], [16, 15], [15, 16], [17, 16], [18, 16], [16, 17], [19, 17], [18, 17], [17, 19], [20, 19], [21, 19], [18, 19], [19, 20], [21, 20], [22, 20], [21, 23], [22, 23], [24, 23], [25, 26], [27, 26], [24, 26], [26, 25], [27, 25], [28, 25], [29, 25], [30, 31], [29, 31], [32, 31], [33, 34], [35, 34], [36, 34], [30, 34], [32, 34], [34, 33], [35, 33], [36, 33], [30, 33], [34, 35], [33, 35], [36, 35], [34, 36], [33, 36], [35, 36], [26, 27], [25, 27], [24, 27], [28, 27], [19, 21], [20, 21], [23, 21], [22, 21], [1, 0], [2, 0], [3, 0], [16, 18], [17, 18], [19, 18], [1, 2], [0, 2], [3, 2], [37, 2], [5, 6], [3, 6], [37, 6], [7, 6], [4, 9], [8, 9], [10, 9], [1, 3], [0, 3], [2, 3], [6, 3], [37, 3], [2, 37], [6, 37], [3, 37], [5, 7], [4, 7], [6, 7], [4, 10], [8, 10], [11, 10], [9, 10], [20, 22], [23, 22], [21, 22], [23, 24], [26, 24], [27, 24], [25, 28], [27, 28], [29, 28], [31, 30], [34, 30], [33, 30], [32, 30], [25, 29], [31, 29], [28, 29], [31, 32], [34, 32], [30, 32]], "labels": {"0": "2", "1": "1", "2": "2", "3": "2", "4": "1", "5": "1", "6": "2", "7": "2", "8": "1", "9": "2", "10": "2", "11": "1", "12": "1", "13": "1", "14": "1", "15": "1", "16": "1", "17": "1", "18": "2", "19": "1", "20": "1", "21": "2", "22": "2", "23": "1", "24": "2", "25": "1", "26": "1", "27": "2", "28": "2", "29": "2", "30": "2", "31": "1", "32": "2", "33": "1", "34": "1", "35": "2", "36": "2", "37": "2"}, "target": 6}