{"edges": [[0, 1], [2, 1], [3, 1], [4, 5], [6, 5], [7, 5], [5, 4], [8, 4], [9, 4], [4, 8], [10, 8], [9, 8], [11, 8], [8, 10], [12, 10], [13, 10], [10, 12], [13, 12], [14, 12], [10, 13], [12, 13], [14, 13], [12, 14], [13, 14], [15, 14], [16, 14], [14, 15], [17, 15], [18, 15], [16, 15], [15, 17], [18, 17], [19, 17], [16, 17], [15, 18], [17, 18], [19, 18], [20, 18], [21, 18], [17, 19], [18, 19], [22, 19], [20, 19], [19, 22], [23, 22], [24, 22], [21, 22], [25, 22], [22, 23], [24, 23], [26, 23], [25, 23], [22, 24], [23, 24], [27, 24], [28, 24], [29, 24], [26, 24], [30, 24], [24, 27], [28, 27], [29, 27], [31, 27], [32, 27], [33, 27], [24, 28], [27, 28], [29, 28], [31, 28], [24, 29], [27, 29], [28, 29], [34, 29], [34, 35], [31, 35], [33, 35], [29, 34], [35, 34], [31, 34], [33, 34], [23, 26], [24, 26], [25, 26], [30, 26], [32, 26], [18, 20], [19, 20], [16, 20], [21, 20], [1, 0], [2, 0], [3, 0], [36, 0], [14, 16], [15, 16], [17, 16], [20, 16], [1, 2], [0, 2], [3, 2], [36, 2], [5, 6], [3, 6], [36, 6], [7, 6], [4, 9], [8, 9], [7, 9], [11, 9], [1, 3], [0, 3], [2, 3], [6, 3], [36, 3], [0, 36], [2, 36], [6, 36], [3, 36], [7, 36], [5, 7], [6, 7], [9, 7], [36, 7], [11, 7], [8, 11], [9, 11], [7, 11], [18, 21], [22, 21], [20, 21], [25, 21], [22, 25], [23, 25], [26, 25], [21, 25], [30, 25], [24, 30], [26, 30], [25, 30], [32, 30], [33, 30], [27, 31], [28, 31], [35, 31], [34, 31], [32, 31], [33, 31], [27, 32], [26, 32], [30, 32], [31, 32], [33, 32], [27, 33], [35, 33], [34, 33], [30, 33], [31, 33], [32, 33]], "labels": {"0": "2", "1": "1", "2": "2", "3": "2", "4": "1", "5": "1", "6": "2", "7": "2", "8": "1", "9": "2", "10": "1", "11": "2", "12": "1", "13": "1", "14": "1", "15": "1", "16": "2", "17": "1", "18": "1", "19": "1", "20": "2", "21": "2", "22": "1", "23": "1", "24": "1", "25": "2", "26": "2", "27": "1", "28": "1", "29": "1", "30": "2", "31": "2", "32": "2", "33": "2", "34": "2", "35": "2", "36": "2"}, "target": 6}