{"edges": [[0, 1], [2, 1], [3, 1], [4, 5], [6, 5], [7, 5], [5, 4], [6, 4], [8, 4], [5, 6], [4, 6], [9, 6], [8, 6], [6, 9], [10, 9], [11, 9], [9, 10], [11, 10], [12, 10], [9, 11], [10, 11], [12, 11], [10, 12], [11, 12], [13, 12], [14, 12], [15, 12], [12, 13], [14, 13], [16, 13], [15, 13], [12, 14], [13, 14], [16, 14], [15, 14], [13, 16], [14, 16], [17, 16], [18, 16], [15, 16], [16, 17], [18, 17], [19, 17], [20, 17], [16, 18], [17, 18], [21, 18], [19, 18], [18, 21], [22, 21], [23, 21], [20, 21], [24, 21], [21, 22], [23, 22], [25, 22], [24, 22], [21, 23], [22, 23], [26, 23], [27, 23], [28, 23], [25, 23], [29, 23], [23, 26], [27, 26], [28, 26], [30, 26], [31, 26], [32, 26], [23, 27], [26, 27], [28, 27], [30, 27], [23, 28], [26, 28], [27, 28], [33, 28], [33, 34], [30, 34], [32, 34], [28, 33], [34, 33], [30, 33], [32, 33], [22, 25], [23, 25], [24, 25], [29, 25], [31, 25], [17, 19], [18, 19], [15, 19], [20, 19], [1, 0], [2, 0], [3, 0], [35, 0], [12, 15], [13, 15], [14, 15], [16, 15], [19, 15], [1, 2], [0, 2], [3, 2], [35, 2], [5, 7], [8, 7], [3, 7], [35, 7], [4, 8], [6, 8], [7, 8], [1, 3], [0, 3], [2, 3], [7, 3], [35, 3], [0, 35], [2, 35], [7, 35], [3, 35], [17, 20], [21, 20], [19, 20], [24, 20], [21, 24], [22, 24], [25, 24], [20, 24], [29, 24], [23, 29], [25, 29], [24, 29], [31, 29], [32, 29], [26, 30], [27, 30], [34, 30], [33, 30], [31, 30], [32, 30], [26, 31], [25, 31], [29, 31], [30, 31], [32, 31], [26, 32], [34, 32], [33, 32], [29, 32], [30, 32], [31, 32]], "labels": {"0": "2", "1": "1", "2": "2", "3": "2", "4": "1", "5": "1", "6": "1", "7": "2", "8": "2", "9": "1", "10": "1", "11": "1", "12": "1", "13": "1", "14": "1", "15": "2", "16": "1", "17": "1", "18": "1", "19": "2", "20": "2", "21": "1", "22": "1", "23": "1", "24": "2", "25": "2", "26": "1", "27": "1", "28": "1", "29": "2", "30": "2", "31": "2", "32": "2", "33": "2", "34": "2", "35": "2"}, "target": 6}