{"edges": [[0, 1], [2, 1], [3, 1], [4, 5], [6, 5], [7, 5], [5, 4], [8, 4], [7, 4], [4, 8], [9, 8], [7, 8], [8, 9], [10, 9], [11, 9], [9, 10], [11, 10], [12, 10], [9, 11], [10, 11], [12, 11], [10, 12], [11, 12], [13, 12], [14, 12], [12, 13], [14, 13], [15, 13], [12, 14], [13, 14], [16, 14], [15, 14], [14, 16], [17, 16], [15, 16], [16, 17], [18, 17], [19, 17], [17, 18], [19, 18], [20, 18], [19, 21], [20, 21], [22, 21], [23, 24], [25, 24], [22, 24], [24, 23], [25, 23], [26, 23], [27, 28], [26, 28], [29, 28], [28, 27], [30, 27], [31, 27], [32, 27], [29, 27], [27, 30], [31, 30], [32, 30], [29, 30], [27, 31], [30, 31], [32, 31], [27, 32], [30, 32], [31, 32], [24, 25], [23, 25], [22, 25], [26, 25], [17, 19], [18, 19], [21, 19], [20, 19], [1, 0], [2, 0], [3, 0], [13, 15], [14, 15], [16, 15], [1, 2], [0, 2], [3, 2], [33, 2], [5, 6], [3, 6], [33, 6], [5, 7], [4, 7], [8, 7], [1, 3], [0, 3], [2, 3], [6, 3], [33, 3], [2, 33], [6, 33], [3, 33], [18, 20], [21, 20], [19, 20], [21, 22], [24, 22], [25, 22], [23, 26], [28, 26], [25, 26], [28, 29], [27, 29], [30, 29]], "labels": {"0": "2", "1": "1", "2": "2", "3": "2", "4": "1", "5": "1", "6": "2", "7": "2", "8": "1", "9": "1", "10": "1", "11": "1", "12": "1", "13": "1", "14": "1", "15": "2", "16": "1", "17": "1", "18": "1", "19": "2", "20": "2", "21": "1", "22": "2", "23": "1", "24": "1", "25": "2", "26": "2", "27": "1", "28": "1", "29": "2", "30": "1", "31": "2", "32": "2", "33": "2"}, "target": 6}