{"edges": [[0, 1], [2, 1], [3, 1], [1, 0], [4, 0], [5, 0], [2, 0], [3, 0], [0, 4], [6, 4], [5, 4], [7, 4], [4, 6], [8, 6], [7, 6], [9, 6], [10, 11], [12, 11], [8, 11], [13, 11], [11, 10], [12, 10], [14, 10], [13, 10], [11, 12], [10, 12], [14, 12], [15, 12], [10, 14], [12, 14], [15, 14], [16, 14], [17, 14], [12, 15], [14, 15], [16, 15], [18, 15], [14, 16], [15, 16], [19, 16], [20, 16], [16, 19], [21, 19], [22, 19], [23, 19], [19, 21], [24, 21], [25, 21], [22, 21], [21, 24], [26, 24], [25, 24], [24, 26], [27, 26], [28, 26], [29, 26], [26, 27], [30, 27], [28, 27], [29, 27], [27, 30], [31, 30], [29, 30], [32, 30], [33, 30], [30, 31], [32, 31], [33, 31], [0, 5], [4, 5], [2, 5], [7, 5], [1, 2], [0, 2], [5, 2], [3, 2], [1, 3], [0, 3], [2, 3], [6, 8], [11, 8], [13, 8], [9, 8], [11, 13], [10, 13], [8, 13], [17, 13], [4, 7], [6, 7], [5, 7], [9, 7], [6, 9], [8, 9], [7, 9], [14, 17], [13, 17], [18, 17], [20, 17], [15, 18], [17, 18], [23, 18], [20, 18], [21, 25], [24, 25], [22, 25], [19, 22], [21, 22], [25, 22], [23, 22], [20, 22], [19, 23], [18, 23], [22, 23], [20, 23], [16, 20], [17, 20], [18, 20], [22, 20], [23, 20], [26, 28], [27, 28], [29, 28], [26, 29], [27, 29], [30, 29], [28, 29], [32, 29], [30, 32], [31, 32], [29, 32], [33, 32], [30, 33], [31, 33], [32, 33]], "labels": {"0": "1", "1": "1", "2": "2", "3": "2", "4": "1", "5": "2", "6": "1", "7": "2", "8": "2", "9": "2", "10": "1", "11": "1", "12": "1", "13": "2", "14": "1", "15": "1", "16": "1", "17": "2", "18": "2", "19": "1", "20": "2", "21": "1", "22": "2", "23": "2", "24": "1", "25": "2", "26": "1", "27": "1", "28": "2", "29": "2", "30": "1", "31": "1", "32": "2", "33": "2"}, "target": 6}