{"edges": [[0, 1], [2, 1], [3, 1], [1, 0], [2, 0], [3, 0], [1, 2], [0, 2], [3, 2], [1, 3], [0, 3], [2, 3], [4, 3], [5, 3], [3, 4], [5, 4], [6, 4], [3, 5], [4, 5], [6, 5], [4, 6], [5, 6], [7, 6], [8, 6], [6, 7], [8, 7], [9, 7], [6, 8], [7, 8], [9, 8], [10, 8], [11, 8], [7, 9], [8, 9], [10, 9], [11, 9], [8, 10], [9, 10], [11, 10], [8, 11], [9, 11], [10, 11], [12, 11], [11, 12], [13, 12], [14, 12], [12, 13], [14, 13], [15, 13], [12, 14], [13, 14], [15, 14], [16, 14], [17, 14], [13, 15], [14, 15], [16, 15], [17, 15], [14, 16], [15, 16], [17, 16], [14, 17], [15, 17], [16, 17]], "labels": {"0": "3", "1": "3", "2": "3", "3": "5", "4": "3", "5": "3", "6": "4", "7": "3", "8": "5", "9": "4", "10": "3", "11": "4", "12": "3", "13": "3", "14": "5", "15": "4", "16": "3", "17": "3"}, "target": 6}