{"edges": [[0, 1], [2, 1], [3, 1], [1, 0], [2, 0], [3, 0], [4, 0], [1, 2], [0, 2], [3, 2], [5, 2], [4, 2], [1, 3], [0, 3], [2, 3], [6, 3], [7, 3], [8, 3], [5, 3], [3, 6], [7, 6], [8, 6], [5, 6], [9, 6], [3, 7], [6, 7], [10, 7], [9, 7], [7, 10], [11, 10], [12, 10], [9, 10], [10, 11], [12, 11], [13, 11], [10, 12], [11, 12], [13, 12], [14, 12], [11, 13], [12, 13], [14, 13], [15, 13], [16, 13], [12, 14], [13, 14], [15, 14], [16, 14], [13, 15], [14, 15], [16, 15], [13, 16], [14, 16], [15, 16], [17, 18], [19, 18], [20, 18], [18, 17], [19, 17], [20, 17], [18, 19], [17, 19], [21, 19], [22, 19], [20, 19], [19, 21], [23, 21], [24, 21], [25, 21], [22, 21], [21, 23], [24, 23], [26, 23], [25, 23], [21, 24], [23, 24], [26, 24], [27, 24], [23, 26], [24, 26], [28, 26], [27, 26], [26, 28], [29, 28], [30, 28], [31, 28], [28, 29], [30, 29], [31, 29], [28, 30], [29, 30], [31, 30], [28, 31], [29, 31], [30, 31], [3, 8], [6, 8], [5, 8], [4, 8], [9, 8], [2, 5], [3, 5], [6, 5], [8, 5], [4, 5], [0, 4], [2, 4], [8, 4], [5, 4], [6, 9], [7, 9], [10, 9], [8, 9], [21, 25], [23, 25], [22, 25], [20, 25], [27, 25], [19, 22], [21, 22], [25, 22], [20, 22], [18, 20], [17, 20], [19, 20], [25, 20], [22, 20], [24, 27], [26, 27], [25, 27]], "labels": {"0": "1", "1": "1", "2": "1", "3": "1", "4": "2", "5": "2", "6": "1", "7": "1", "8": "2", "9": "2", "10": "1", "11": "1", "12": "1", "13": "1", "14": "1", "15": "1", "16": "1", "17": "1", "18": "1", "19": "1", "20": "2", "21": "1", "22": "2", "23": "1", "24": "1", "25": "2", "26": "1", "27": "2", "28": "1", "29": "1", "30": "1", "31": "1"}, "target": 6}