{"edges": [[0, 1], [2, 1], [1, 0], [3, 0], [4, 0], [5, 0], [0, 3], [2, 3], [6, 3], [5, 3], [7, 8], [9, 8], [10, 8], [11, 8], [6, 8], [8, 7], [12, 7], [13, 7], [14, 7], [11, 7], [7, 12], [10, 12], [15, 12], [16, 17], [18, 17], [15, 17], [17, 16], [19, 16], [20, 16], [18, 16], [16, 19], [21, 19], [22, 19], [18, 19], [19, 21], [22, 21], [23, 21], [19, 22], [21, 22], [23, 22], [21, 23], [22, 23], [24, 23], [23, 24], [25, 24], [26, 24], [0, 4], [2, 4], [1, 2], [3, 2], [4, 2], [9, 2], [27, 2], [8, 9], [2, 9], [28, 9], [27, 9], [7, 13], [10, 13], [29, 13], [28, 13], [8, 10], [12, 10], [13, 10], [14, 10], [29, 10], [7, 14], [10, 14], [30, 14], [16, 20], [18, 20], [30, 20], [17, 18], [16, 18], [19, 18], [20, 18], [31, 18], [18, 31], [32, 31], [31, 32], [33, 32], [25, 32], [32, 33], [25, 33], [26, 33], [24, 25], [32, 25], [33, 25], [26, 25], [24, 26], [33, 26], [25, 26], [8, 11], [7, 11], [6, 11], [15, 11], [28, 11], [30, 11], [3, 6], [8, 6], [11, 6], [5, 6], [29, 6], [27, 6], [0, 5], [3, 5], [6, 5], [28, 5], [12, 15], [17, 15], [11, 15], [29, 15], [30, 15], [13, 29], [10, 29], [6, 29], [15, 29], [28, 29], [30, 29], [9, 28], [13, 28], [11, 28], [5, 28], [29, 28], [27, 28], [2, 27], [9, 27], [6, 27], [28, 27], [14, 30], [20, 30], [11, 30], [15, 30], [29, 30]], "labels": {"0": "1", "1": "1", "2": "1", "3": "1", "4": "1", "5": "2", "6": "2", "7": "1", "8": "1", "9": "1", "10": "1", "11": "2", "12": "1", "13": "1", "14": "1", "15": "2", "16": "1", "17": "1", "18": "1", "19": "1", "20": "1", "21": "1", "22": "1", "23": "1", "24": "1", "25": "1", "26": "1", "27": "2", "28": "2", "29": "2", "30": "2", "31": "1", "32": "1", "33": "1"}, "target": 6}