{"edges": [[0, 1], [2, 1], [1, 0], [3, 0], [4, 0], [5, 0], [0, 3], [2, 3], [5, 3], [6, 3], [7, 8], [9, 8], [10, 8], [6, 8], [11, 8], [8, 7], [12, 7], [13, 7], [14, 7], [11, 7], [7, 12], [15, 12], [10, 12], [12, 15], [16, 15], [17, 15], [15, 16], [18, 16], [19, 16], [16, 18], [20, 18], [21, 18], [17, 18], [18, 20], [21, 20], [22, 20], [18, 21], [20, 21], [22, 21], [23, 21], [20, 22], [21, 22], [24, 22], [0, 4], [2, 4], [1, 2], [3, 2], [4, 2], [9, 2], [25, 2], [8, 9], [2, 9], [25, 9], [26, 9], [7, 13], [10, 13], [26, 13], [27, 13], [8, 10], [12, 10], [13, 10], [14, 10], [27, 10], [7, 14], [10, 14], [19, 14], [16, 19], [14, 19], [17, 19], [15, 17], [18, 17], [19, 17], [28, 17], [17, 28], [29, 28], [24, 28], [28, 29], [24, 29], [23, 29], [22, 24], [28, 24], [29, 24], [23, 24], [21, 23], [29, 23], [24, 23], [0, 5], [3, 5], [6, 5], [26, 5], [3, 6], [8, 6], [5, 6], [11, 6], [25, 6], [27, 6], [8, 11], [7, 11], [6, 11], [26, 11], [27, 11], [2, 25], [9, 25], [6, 25], [26, 25], [9, 26], [13, 26], [5, 26], [11, 26], [25, 26], [27, 26], [13, 27], [10, 27], [6, 27], [11, 27], [26, 27]], "labels": {"0": "1", "1": "1", "2": "1", "3": "1", "4": "1", "5": "2", "6": "2", "7": "1", "8": "1", "9": "1", "10": "1", "11": "2", "12": "1", "13": "1", "14": "1", "15": "1", "16": "1", "17": "1", "18": "1", "19": "1", "20": "1", "21": "1", "22": "1", "23": "1", "24": "1", "25": "2", "26": "2", "27": "2", "28": "1", "29": "1"}, "target": 6}